drop database if exists WU;
create database WU;
use WU;

-- MySQL dump 10.13  Distrib 8.0.27, for Linux (x86_64)
--
-- Host: localhost    Database: WU
-- ------------------------------------------------------
-- Server version	8.0.27

/*!40101 SET @OLD_CHARACTER_SET_CLIENT=@@CHARACTER_SET_CLIENT */;
/*!40101 SET @OLD_CHARACTER_SET_RESULTS=@@CHARACTER_SET_RESULTS */;
/*!40101 SET @OLD_COLLATION_CONNECTION=@@COLLATION_CONNECTION */;
/*!50503 SET NAMES utf8 */;
/*!40103 SET @OLD_TIME_ZONE=@@TIME_ZONE */;
/*!40103 SET TIME_ZONE='+00:00' */;
/*!40014 SET @OLD_UNIQUE_CHECKS=@@UNIQUE_CHECKS, UNIQUE_CHECKS=0 */;
/*!40014 SET @OLD_FOREIGN_KEY_CHECKS=@@FOREIGN_KEY_CHECKS, FOREIGN_KEY_CHECKS=0 */;
/*!40101 SET @OLD_SQL_MODE=@@SQL_MODE, SQL_MODE='NO_AUTO_VALUE_ON_ZERO' */;
/*!40111 SET @OLD_SQL_NOTES=@@SQL_NOTES, SQL_NOTES=0 */;

--
-- Table structure for table `Account`
--

DROP TABLE IF EXISTS `Account`;
/*!40101 SET @saved_cs_client     = @@character_set_client */;
/*!50503 SET character_set_client = utf8mb4 */;
CREATE TABLE `Account` (
  `ID` int NOT NULL AUTO_INCREMENT,
  `Username` varchar(50) NOT NULL,
  `Hash` varchar(60) DEFAULT NULL,
  `Question` varchar(100) DEFAULT NULL,
  `Answer` varchar(100) DEFAULT NULL,
  PRIMARY KEY (`ID`),
  UNIQUE KEY `Username` (`Username`)
) ENGINE=InnoDB AUTO_INCREMENT=4 DEFAULT CHARSET=latin1;
/*!40101 SET character_set_client = @saved_cs_client */;

--
-- Dumping data for table `Account`
--

LOCK TABLES `Account` WRITE;
/*!40000 ALTER TABLE `Account` DISABLE KEYS */;
INSERT INTO `Account` VALUES (1,'Sandro','$2y$10$fnq1wPnIGd.6jTYP48SbFuK8bd8eBcY4mgtPg3NXNlJJxE9unnuzm','Nome','Sandro'),(2,'prova','$2y$10$2SJx79.ytuYpALjvqbkameYNoxgPaOBCoFX6AVqyPfQ84KHwfHrJe','What is the name of your first school?','prova'),(3,'Alphago','$2y$10$cYYtnJIrEt7CWp16HO40Xutaa/MXreZmuL.L7EbvX2mekc5y72nMi','What is the name of your first school?','alphago');
/*!40000 ALTER TABLE `Account` ENABLE KEYS */;
UNLOCK TABLES;
/*!40103 SET TIME_ZONE=@OLD_TIME_ZONE */;

/*!40101 SET SQL_MODE=@OLD_SQL_MODE */;
/*!40014 SET FOREIGN_KEY_CHECKS=@OLD_FOREIGN_KEY_CHECKS */;
/*!40014 SET UNIQUE_CHECKS=@OLD_UNIQUE_CHECKS */;
/*!40101 SET CHARACTER_SET_CLIENT=@OLD_CHARACTER_SET_CLIENT */;
/*!40101 SET CHARACTER_SET_RESULTS=@OLD_CHARACTER_SET_RESULTS */;
/*!40101 SET COLLATION_CONNECTION=@OLD_COLLATION_CONNECTION */;
/*!40111 SET SQL_NOTES=@OLD_SQL_NOTES */;

-- Dump completed on 2022-04-04 22:00:15


-- MySQL dump 10.13  Distrib 8.0.27, for Linux (x86_64)
--
-- Host: localhost    Database: WU
-- ------------------------------------------------------
-- Server version	8.0.27

/*!40101 SET @OLD_CHARACTER_SET_CLIENT=@@CHARACTER_SET_CLIENT */;
/*!40101 SET @OLD_CHARACTER_SET_RESULTS=@@CHARACTER_SET_RESULTS */;
/*!40101 SET @OLD_COLLATION_CONNECTION=@@COLLATION_CONNECTION */;
/*!50503 SET NAMES utf8 */;
/*!40103 SET @OLD_TIME_ZONE=@@TIME_ZONE */;
/*!40103 SET TIME_ZONE='+00:00' */;
/*!40014 SET @OLD_UNIQUE_CHECKS=@@UNIQUE_CHECKS, UNIQUE_CHECKS=0 */;
/*!40014 SET @OLD_FOREIGN_KEY_CHECKS=@@FOREIGN_KEY_CHECKS, FOREIGN_KEY_CHECKS=0 */;
/*!40101 SET @OLD_SQL_MODE=@@SQL_MODE, SQL_MODE='NO_AUTO_VALUE_ON_ZERO' */;
/*!40111 SET @OLD_SQL_NOTES=@@SQL_NOTES, SQL_NOTES=0 */;

--
-- Table structure for table `Game`
--

DROP TABLE IF EXISTS `Game`;
/*!40101 SET @saved_cs_client     = @@character_set_client */;
/*!50503 SET character_set_client = utf8mb4 */;
CREATE TABLE `Game` (
  `ID` int NOT NULL AUTO_INCREMENT,
  `BoardSize` int DEFAULT NULL,
  `Komi` double DEFAULT '6.5',
  `Black` varchar(10) DEFAULT 'Black',
  `White` varchar(10) DEFAULT 'White',
  `Account` int DEFAULT NULL,
  `CreatedTime` timestamp NULL DEFAULT CURRENT_TIMESTAMP,
  `Shared` tinyint(1) DEFAULT '0',
  PRIMARY KEY (`ID`),
  KEY `Account` (`Account`),
  CONSTRAINT `Game_ibfk_1` FOREIGN KEY (`Account`) REFERENCES `Account` (`ID`),
  CONSTRAINT `Game_chk_1` CHECK ((`BoardSize` between 2 and 25))
) ENGINE=InnoDB AUTO_INCREMENT=17 DEFAULT CHARSET=latin1;
/*!40101 SET character_set_client = @saved_cs_client */;

--
-- Dumping data for table `Game`
--

LOCK TABLES `Game` WRITE;
/*!40000 ALTER TABLE `Game` DISABLE KEYS */;
INSERT INTO `Game` VALUES (1,9,6.5,'Black','White',2,'2022-04-04 19:11:45',0),(2,9,6.5,'Black','White',1,'2022-04-04 19:12:06',0),(3,13,6.5,'Black','White',2,'2022-04-04 19:13:12',1),(4,19,6.5,'Black','White',2,'2022-04-04 19:13:59',1),(5,5,6.5,'Black','White',1,'2022-04-04 19:14:36',0),(6,7,6.5,'Black','White',1,'2022-04-04 19:15:11',1),(7,19,6.5,'Black','White',1,'2022-04-04 19:20:18',1),(8,19,6.5,'Black','White',1,'2022-04-04 19:32:17',1),(9,9,6.5,'Black','White',1,'2022-04-04 19:33:29',1),(10,5,6.5,'Black','White',2,'2022-04-04 19:35:44',0),(11,13,6.5,'Black','White',2,'2022-04-04 19:37:02',1),(12,13,6.5,'Black','White',2,'2022-04-04 19:38:21',1),(13,19,6.5,'Black','White',1,'2022-04-04 19:40:47',1),(14,19,6.5,'Black','White',2,'2022-04-04 19:42:09',1),(15,19,6.5,'Black','White',2,'2022-04-04 19:42:52',1),(16,19,6.5,'Black','White',3,'2022-04-04 19:56:43',1);
/*!40000 ALTER TABLE `Game` ENABLE KEYS */;
UNLOCK TABLES;
/*!40103 SET TIME_ZONE=@OLD_TIME_ZONE */;

/*!40101 SET SQL_MODE=@OLD_SQL_MODE */;
/*!40014 SET FOREIGN_KEY_CHECKS=@OLD_FOREIGN_KEY_CHECKS */;
/*!40014 SET UNIQUE_CHECKS=@OLD_UNIQUE_CHECKS */;
/*!40101 SET CHARACTER_SET_CLIENT=@OLD_CHARACTER_SET_CLIENT */;
/*!40101 SET CHARACTER_SET_RESULTS=@OLD_CHARACTER_SET_RESULTS */;
/*!40101 SET COLLATION_CONNECTION=@OLD_COLLATION_CONNECTION */;
/*!40111 SET SQL_NOTES=@OLD_SQL_NOTES */;

-- Dump completed on 2022-04-04 22:00:15

-- MySQL dump 10.13  Distrib 8.0.27, for Linux (x86_64)
--
-- Host: localhost    Database: WU
-- ------------------------------------------------------
-- Server version	8.0.27

/*!40101 SET @OLD_CHARACTER_SET_CLIENT=@@CHARACTER_SET_CLIENT */;
/*!40101 SET @OLD_CHARACTER_SET_RESULTS=@@CHARACTER_SET_RESULTS */;
/*!40101 SET @OLD_COLLATION_CONNECTION=@@COLLATION_CONNECTION */;
/*!50503 SET NAMES utf8 */;
/*!40103 SET @OLD_TIME_ZONE=@@TIME_ZONE */;
/*!40103 SET TIME_ZONE='+00:00' */;
/*!40014 SET @OLD_UNIQUE_CHECKS=@@UNIQUE_CHECKS, UNIQUE_CHECKS=0 */;
/*!40014 SET @OLD_FOREIGN_KEY_CHECKS=@@FOREIGN_KEY_CHECKS, FOREIGN_KEY_CHECKS=0 */;
/*!40101 SET @OLD_SQL_MODE=@@SQL_MODE, SQL_MODE='NO_AUTO_VALUE_ON_ZERO' */;
/*!40111 SET @OLD_SQL_NOTES=@@SQL_NOTES, SQL_NOTES=0 */;

--
-- Table structure for table `Move`
--

DROP TABLE IF EXISTS `Move`;
/*!40101 SET @saved_cs_client     = @@character_set_client */;
/*!50503 SET character_set_client = utf8mb4 */;
CREATE TABLE `Move` (
  `Game` int NOT NULL,
  `Step` int NOT NULL,
  `Player` varchar(5) DEFAULT NULL,
  `Cell` varchar(10) DEFAULT NULL,
  PRIMARY KEY (`Game`,`Step`)
) ENGINE=InnoDB DEFAULT CHARSET=latin1;
/*!40101 SET character_set_client = @saved_cs_client */;

--
-- Dumping data for table `Move`
--

LOCK TABLES `Move` WRITE;
/*!40000 ALTER TABLE `Move` DISABLE KEYS */;
INSERT INTO `Move` VALUES (1,1,'b','[4,2]'),(1,2,'w','[5,2]'),(1,3,'b','[5,1]'),(1,4,'w','[6,2]'),(1,5,'b','[4,3]'),(1,6,'w','[6,1]'),(1,7,'b','[5,0]'),(1,8,'w','[6,0]'),(1,9,'b','[4,5]'),(1,10,'w','[5,4]'),(1,11,'b','[4,6]'),(1,12,'w','[5,6]'),(1,13,'b','[4,7]'),(1,14,'w','[4,8]'),(1,15,'b','[3,8]'),(1,16,'w','[5,7]'),(1,17,'b','[3,7]'),(1,18,'w','[5,8]'),(1,19,'b','[4,4]'),(1,20,'w','[5,5]'),(1,21,'b','[4,1]'),(1,22,'w','[5,3]'),(2,1,'b','[2,2]'),(2,2,'w','[7,2]'),(2,3,'b','[2,6]'),(2,4,'w','[6,6]'),(2,5,'b','[5,1]'),(2,6,'w','[3,6]'),(2,7,'b','[2,5]'),(2,8,'w','[4,4]'),(2,9,'b','[4,2]'),(3,1,'b','[15,3]'),(3,2,'w','[3,15]'),(3,3,'b','[15,16]'),(3,4,'w','[4,2]'),(3,5,'b','[2,3]'),(3,6,'w','[3,4]'),(3,7,'b','[2,4]'),(3,8,'w','[3,5]'),(3,9,'b','[2,5]'),(3,10,'w','[3,6]'),(3,11,'b','[2,7]'),(3,12,'w','[13,2]'),(3,13,'b','[16,5]'),(3,14,'w','[15,2]'),(3,15,'b','[16,2]'),(3,16,'w','[16,1]'),(3,17,'b','[14,2]'),(3,18,'w','[15,1]'),(3,19,'b','[14,3]'),(3,20,'w','[14,1]'),(3,21,'b','[17,2]'),(3,22,'w','[13,3]'),(3,23,'b','[13,4]'),(3,24,'w','[12,4]'),(3,25,'b','[13,5]'),(3,26,'w','[13,16]'),(3,27,'b','[15,14]'),(4,1,'b','[15,3]'),(4,2,'w','[3,15]'),(4,3,'b','[15,16]'),(4,4,'w','[4,2]'),(4,5,'b','[2,3]'),(4,6,'w','[3,4]'),(4,7,'b','[2,4]'),(4,8,'w','[3,5]'),(4,9,'b','[2,5]'),(4,10,'w','[3,6]'),(4,11,'b','[2,7]'),(4,12,'w','[13,2]'),(4,13,'b','[16,5]'),(4,14,'w','[15,2]'),(4,15,'b','[16,2]'),(4,16,'w','[16,1]'),(4,17,'b','[14,2]'),(4,18,'w','[15,1]'),(4,19,'b','[14,3]'),(4,20,'w','[14,1]'),(4,21,'b','[17,2]'),(4,22,'w','[13,3]'),(4,23,'b','[13,4]'),(4,24,'w','[12,4]'),(4,25,'b','[13,5]'),(4,26,'w','[13,16]'),(4,27,'b','[15,14]'),(5,1,'b','[2,1]'),(5,2,'w','[2,2]'),(5,3,'b','[3,2]'),(5,4,'w','[3,3]'),(5,5,'b','[1,1]'),(5,6,'w','[1,2]'),(5,7,'b','[4,2]'),(5,8,'w','[4,3]'),(5,9,'b','[0,1]'),(5,10,'w','[0,2]'),(5,11,'b','[3,1]'),(5,12,'w','[2,3]'),(6,1,'b','[3,2]'),(6,2,'w','[3,3]'),(6,3,'b','[4,3]'),(6,4,'w','[4,4]'),(6,5,'b','[2,2]'),(6,6,'w','[2,3]'),(6,7,'b','[5,3]'),(6,8,'w','[5,4]'),(6,9,'b','[1,3]'),(6,10,'w','[1,4]'),(6,11,'b','[0,3]'),(6,12,'w','[0,4]'),(6,13,'b','[6,3]'),(6,14,'w','[6,4]'),(6,15,'b','[1,2]'),(6,16,'w','[2,4]'),(6,17,'b','[4,2]'),(6,18,'w','\"pass\"'),(6,19,'b','\"pass\"'),(7,1,'b','[15,3]'),(7,2,'w','[3,15]'),(7,3,'b','[15,16]'),(7,4,'w','[4,2]'),(7,5,'b','[2,3]'),(7,6,'w','[3,4]'),(7,7,'b','[2,4]'),(7,8,'w','[3,5]'),(7,9,'b','[2,5]'),(7,10,'w','[3,6]'),(7,11,'b','[2,7]'),(7,12,'w','[13,2]'),(7,13,'b','[16,5]'),(7,14,'w','[15,2]'),(7,15,'b','[16,2]'),(7,16,'w','[16,1]'),(7,17,'b','[14,2]'),(7,18,'w','[15,1]'),(7,19,'b','[14,3]'),(7,20,'w','[14,1]'),(7,21,'b','[17,2]'),(7,22,'w','[13,3]'),(7,23,'b','[13,4]'),(7,24,'w','[12,4]'),(7,25,'b','[13,5]'),(7,26,'w','[13,16]'),(7,27,'b','[15,14]'),(8,1,'b','[15,3]'),(8,2,'w','[3,15]'),(8,3,'b','[15,15]'),(8,4,'w','[3,3]'),(8,5,'b','[5,16]'),(8,6,'w','[2,13]'),(8,7,'b','[3,16]'),(8,8,'w','[2,16]'),(8,9,'b','[2,17]'),(8,10,'w','[2,15]'),(8,11,'b','[3,17]'),(8,12,'w','[5,14]'),(8,13,'b','[7,15]'),(8,14,'w','[13,2]'),(8,15,'b','[16,5]'),(8,16,'w','[15,2]'),(8,17,'b','[16,2]'),(8,18,'w','[16,1]'),(8,19,'b','[14,2]'),(8,20,'w','[15,1]'),(8,21,'b','[14,3]'),(8,22,'w','[14,1]'),(8,23,'b','[13,3]'),(8,24,'w','[12,2]'),(8,25,'b','[12,3]'),(8,26,'w','[11,2]'),(8,27,'b','[7,13]'),(8,28,'w','[2,5]'),(8,29,'b','[10,3]'),(8,30,'w','[16,16]'),(8,31,'b','[16,15]'),(8,32,'w','[15,16]'),(8,33,'b','[14,16]'),(8,34,'w','[14,17]'),(8,35,'b','[13,16]'),(8,36,'w','[13,17]'),(8,37,'b','[12,16]'),(8,38,'w','[12,17]'),(8,39,'b','[17,16]'),(8,40,'w','[17,17]'),(8,41,'b','[15,11]'),(8,42,'w','[16,3]'),(8,43,'b','[17,2]'),(8,44,'w','[17,3]'),(8,45,'b','[16,4]'),(8,46,'w','[17,4]'),(8,47,'b','[17,5]'),(8,48,'w','[17,1]'),(8,49,'b','[18,4]'),(8,50,'w','[18,2]'),(8,51,'b','[7,9]'),(8,52,'w','[11,3]'),(8,53,'b','[11,4]'),(8,54,'w','[10,4]'),(8,55,'b','[10,5]'),(8,56,'w','[9,4]'),(8,57,'b','[9,5]'),(8,58,'w','[8,4]'),(8,59,'b','[8,5]'),(8,60,'w','[7,5]'),(8,61,'b','[7,6]'),(8,62,'w','[6,5]'),(8,63,'b','[6,6]'),(8,64,'w','[5,5]'),(8,65,'b','[4,9]'),(8,66,'w','[16,10]'),(8,67,'b','[15,10]'),(8,68,'w','[15,9]'),(8,69,'b','[14,9]'),(8,70,'w','[15,8]'),(8,71,'b','[14,8]'),(8,72,'w','[16,11]'),(8,73,'b','[16,12]'),(8,74,'w','[17,12]'),(8,75,'b','[16,13]'),(8,76,'w','[17,7]'),(8,77,'b','[15,7]'),(8,78,'w','[16,7]'),(8,79,'b','[16,9]'),(8,80,'w','[16,8]'),(8,81,'b','[17,9]'),(8,82,'w','[17,10]'),(8,83,'b','[15,6]'),(8,84,'w','[17,13]'),(8,85,'b','[17,14]'),(8,86,'w','[11,17]'),(8,87,'b','[10,15]'),(8,88,'w','[9,17]'),(8,89,'b','[3,2]'),(8,90,'w','[2,2]'),(8,91,'b','[4,2]'),(8,92,'w','[2,1]'),(8,93,'b','[10,2]'),(8,94,'w','[10,1]'),(8,95,'b','[9,1]'),(8,96,'w','[11,1]'),(8,97,'b','[8,2]'),(8,98,'w','[4,1]'),(8,99,'b','[5,1]'),(8,100,'w','[3,1]'),(8,101,'b','[6,2]'),(8,102,'w','[5,3]'),(8,103,'b','[5,2]'),(8,104,'w','[4,7]'),(8,105,'b','[2,9]'),(8,106,'w','[2,7]'),(8,107,'b','[3,11]'),(8,108,'w','[4,13]'),(8,109,'b','[5,12]'),(8,110,'w','[1,11]'),(8,111,'b','[1,10]'),(8,112,'w','[2,11]'),(8,113,'b','[3,12]'),(8,114,'w','[3,13]'),(8,115,'b','[7,1]'),(8,116,'w','[5,0]'),(8,117,'b','[6,0]'),(8,118,'w','[4,0]'),(8,119,'b','[2,10]'),(8,120,'w','[2,12]'),(8,121,'b','[5,13]'),(8,122,'w','[6,14]'),(8,123,'b','[7,14]'),(8,124,'w','[6,16]'),(8,125,'b','[7,16]'),(8,126,'w','[6,17]'),(8,127,'b','[1,16]'),(8,128,'w','[1,15]'),(8,129,'b','[0,17]'),(8,130,'w','[5,17]'),(8,131,'b','[4,17]'),(8,132,'w','[6,15]'),(8,133,'b','[7,17]'),(8,134,'w','[7,18]'),(8,135,'b','[8,18]'),(8,136,'w','[6,18]'),(8,137,'b','[8,17]'),(8,138,'w','[10,17]'),(8,139,'b','[9,16]'),(8,140,'w','[11,16]'),(8,141,'b','[11,15]'),(8,142,'w','[5,6]'),(8,143,'b','[5,7]'),(8,144,'w','[4,8]'),(8,145,'b','[5,8]'),(8,146,'w','[3,9]'),(8,147,'b','[3,10]'),(8,148,'w','[4,10]'),(8,149,'b','[5,9]'),(8,150,'w','[4,12]'),(8,151,'b','[4,11]'),(8,152,'w','[1,8]'),(8,153,'b','[3,8]'),(8,154,'w','[3,7]'),(8,155,'b','[0,11]'),(8,156,'w','[0,12]'),(8,157,'b','[0,10]'),(8,158,'w','[2,8]'),(8,159,'b','[3,9]'),(8,160,'w','[4,3]'),(8,161,'b','[6,3]'),(8,162,'w','[6,4]'),(8,163,'b','[7,3]'),(8,164,'w','[7,4]'),(8,165,'b','[9,3]'),(8,166,'w','[8,3]'),(8,167,'b','[9,2]'),(8,168,'w','[9,0]'),(8,169,'b','[8,0]'),(8,170,'w','[10,0]'),(8,171,'b','[18,6]'),(8,172,'w','[18,7]'),(8,173,'b','[17,6]'),(8,174,'w','[18,9]'),(8,175,'b','[18,17]'),(8,176,'w','[16,17]'),(8,177,'b','[18,18]'),(8,178,'w','[17,18]'),(8,179,'b','[18,16]'),(8,180,'w','[9,18]'),(8,181,'b','[1,18]'),(8,182,'w','[0,15]'),(8,183,'b','[0,16]'),(8,184,'w','[4,18]'),(8,185,'b','[3,18]'),(8,186,'w','[5,18]'),(8,187,'b','[4,15]'),(8,188,'w','[4,14]'),(8,189,'b','[4,16]'),(8,190,'w','[10,16]'),(8,191,'b','[9,15]'),(8,192,'w','[18,14]'),(8,193,'b','[17,15]'),(8,194,'w','[18,13]'),(8,195,'b','[18,5]'),(8,196,'w','[18,3]'),(8,197,'b','[0,8]'),(8,198,'w','[0,7]'),(8,199,'b','[0,9]'),(8,200,'w','[6,13]'),(8,201,'b','[6,12]'),(8,202,'w','\"pass\"'),(8,203,'b','[5,10]'),(8,204,'w','\"pass\"'),(8,205,'b','\"pass\"'),(9,1,'b','[4,4]'),(9,2,'w','[5,4]'),(9,3,'b','[4,3]'),(9,4,'w','[4,5]'),(9,5,'b','[5,5]'),(9,6,'w','[6,4]'),(9,7,'b','[3,5]'),(9,8,'w','[4,6]'),(9,9,'b','[5,3]'),(9,10,'w','[6,5]'),(9,11,'b','[5,6]'),(9,12,'w','[3,6]'),(9,13,'b','[6,6]'),(9,14,'w','[7,5]'),(9,15,'b','[7,6]'),(9,16,'w','[6,3]'),(9,17,'b','[6,2]'),(9,18,'w','[7,2]'),(9,19,'b','[6,1]'),(9,20,'w','[7,1]'),(9,21,'b','[2,6]'),(9,22,'w','[2,7]'),(9,23,'b','[2,5]'),(9,24,'w','[5,7]'),(9,25,'b','[6,7]'),(9,26,'w','[4,7]'),(9,27,'b','[7,8]'),(9,28,'w','[8,6]'),(9,29,'b','[8,7]'),(9,30,'w','[8,5]'),(9,31,'b','[1,7]'),(9,32,'w','[3,8]'),(9,33,'b','[1,8]'),(9,34,'w','[5,8]'),(9,35,'b','[6,0]'),(9,36,'w','[2,8]'),(9,37,'b','[7,0]'),(9,38,'w','[2,3]'),(9,39,'b','[3,4]'),(9,40,'w','[3,2]'),(9,41,'b','[4,1]'),(9,42,'w','[3,1]'),(9,43,'b','[1,4]'),(9,44,'w','[1,3]'),(9,45,'b','[1,1]'),(9,46,'w','[1,2]'),(9,47,'b','[2,1]'),(9,48,'w','[3,0]'),(9,49,'b','[0,1]'),(9,50,'w','[0,2]'),(10,1,'b','[3,2]'),(10,2,'w','[3,1]'),(10,3,'b','[2,2]'),(10,4,'w','[2,1]'),(10,5,'b','[1,2]'),(10,6,'w','[1,1]'),(10,7,'b','[0,1]'),(10,8,'w','[4,2]'),(10,9,'b','[4,3]'),(10,10,'w','[4,1]'),(10,11,'b','[3,3]'),(10,12,'w','[0,3]'),(10,13,'b','[0,2]'),(10,14,'w','[1,0]'),(10,15,'b','[0,0]'),(10,16,'w','[3,0]'),(11,1,'b','[9,3]'),(11,2,'w','[3,9]'),(11,3,'b','[9,9]'),(11,4,'w','[3,3]'),(11,5,'b','[2,2]'),(11,6,'w','[3,2]'),(11,7,'b','[2,3]'),(11,8,'w','[2,4]'),(11,9,'b','[1,4]'),(11,10,'w','[2,5]'),(11,11,'b','[1,5]'),(11,12,'w','[2,6]'),(11,13,'b','[3,1]'),(11,14,'w','[4,1]'),(11,15,'b','[2,1]'),(11,16,'w','[5,2]'),(11,17,'b','[10,6]'),(11,18,'w','[10,10]'),(11,19,'b','[9,10]'),(11,20,'w','[10,9]'),(11,21,'b','[10,8]'),(11,22,'w','[9,11]'),(11,23,'b','[8,11]'),(11,24,'w','[11,11]'),(11,25,'b','[9,12]'),(11,26,'w','[11,8]'),(11,27,'b','[11,7]'),(11,28,'w','[11,9]'),(11,29,'b','[10,11]'),(11,30,'w','[11,12]'),(11,31,'b','[12,8]'),(11,32,'w','[12,10]'),(11,33,'b','[4,10]'),(11,34,'w','[3,10]'),(11,35,'b','[4,8]'),(12,1,'b','[9,3]'),(12,2,'w','[9,9]'),(12,3,'b','[3,9]'),(12,4,'w','[3,3]'),(12,5,'b','[10,5]'),(12,6,'w','[5,10]'),(12,7,'b','[2,5]'),(12,8,'w','[5,2]'),(12,9,'b','[2,3]'),(12,10,'w','[2,2]'),(12,11,'b','[1,2]'),(12,12,'w','[1,1]'),(12,13,'b','[1,3]'),(12,14,'w','[3,1]'),(12,15,'b','[3,4]'),(12,16,'w','[4,3]'),(12,17,'b','[4,4]'),(12,18,'w','[5,4]'),(12,19,'b','[9,1]'),(12,20,'w','[11,8]'),(12,21,'b','[3,10]'),(12,22,'w','[4,10]'),(12,23,'b','[3,11]'),(12,24,'w','[5,7]'),(13,1,'b','[9,9]'),(13,2,'w','[3,15]'),(13,3,'b','[15,3]'),(13,4,'w','[3,3]'),(13,5,'b','[15,15]'),(13,6,'w','[13,2]'),(13,7,'b','[5,16]'),(13,8,'w','[15,2]'),(13,9,'b','[3,16]'),(13,10,'w','[2,16]'),(13,11,'b','[16,2]'),(13,12,'w','[16,1]'),(13,13,'b','[2,17]'),(13,14,'w','[15,1]'),(13,15,'b','[3,17]'),(13,16,'w','[2,15]'),(13,17,'b','[16,3]'),(13,18,'w','[16,16]'),(13,19,'b','[2,2]'),(13,20,'w','[15,16]'),(13,21,'b','[3,2]'),(13,22,'w','[4,3]'),(13,23,'b','[14,15]'),(13,24,'w','[17,14]'),(13,25,'b','[1,4]'),(13,26,'w','[13,17]'),(13,27,'b','[5,1]'),(13,28,'w','[3,6]'),(13,29,'b','[15,12]'),(13,30,'w','[3,11]'),(13,31,'b','[15,7]'),(13,32,'w','[9,16]'),(13,33,'b','[9,2]'),(14,1,'b','[14,6]'),(14,2,'w','[3,15]'),(14,3,'b','[12,14]'),(14,4,'w','[3,3]'),(14,5,'b','[4,12]'),(14,6,'w','[15,3]'),(14,7,'b','[6,4]'),(14,8,'w','[15,15]'),(14,9,'b','[9,9]'),(15,1,'b','[9,9]'),(15,2,'w','[3,3]'),(15,3,'b','[9,3]'),(15,4,'w','[3,15]'),(15,5,'b','[9,15]'),(15,6,'w','[15,15]'),(15,7,'b','[10,12]'),(15,8,'w','[15,3]'),(15,9,'b','[8,6]'),(16,1,'b','[15,3]'),(16,2,'w','[3,15]'),(16,3,'b','[2,3]'),(16,4,'w','[16,15]'),(16,5,'b','[14,15]'),(16,6,'w','[14,16]'),(16,7,'b','[13,16]'),(16,8,'w','[15,16]'),(16,9,'b','[2,13]'),(16,10,'w','[5,16]'),(16,11,'b','[12,15]'),(16,12,'w','[15,14]'),(16,13,'b','[8,16]'),(16,14,'w','[4,2]'),(16,15,'b','[7,3]'),(16,16,'w','[2,6]'),(16,17,'b','[4,3]'),(16,18,'w','[2,9]'),(16,19,'b','[3,2]'),(16,20,'w','[1,15]'),(16,21,'b','[13,2]'),(16,22,'w','[16,8]'),(16,23,'b','[4,15]'),(16,24,'w','[4,14]'),(16,25,'b','[3,10]'),(16,26,'w','[5,15]'),(16,27,'b','[2,10]'),(16,28,'w','[3,9]'),(16,29,'b','[4,9]'),(16,30,'w','[4,8]'),(16,31,'b','[5,8]'),(16,32,'w','[4,7]'),(16,33,'b','[5,7]'),(16,34,'w','[1,9]'),(16,35,'b','[5,10]'),(16,36,'w','[5,6]'),(16,37,'b','[6,6]'),(16,38,'w','[5,5]'),(16,39,'b','[6,5]'),(16,40,'w','[12,2]'),(16,41,'b','[12,3]'),(16,42,'w','[11,2]'),(16,43,'b','[13,1]'),(16,44,'w','[8,3]'),(16,45,'b','[7,2]'),(16,46,'w','[9,6]'),(16,47,'b','[15,9]'),(16,48,'w','[15,8]'),(16,49,'b','[14,9]'),(16,50,'w','[14,8]'),(16,51,'b','[13,8]'),(16,52,'w','[13,7]'),(16,53,'b','[12,7]'),(16,54,'w','[13,6]'),(16,55,'b','[12,6]'),(16,56,'w','[12,8]'),(16,57,'b','[13,9]'),(16,58,'w','[12,5]'),(16,59,'b','[11,8]'),(16,60,'w','[13,4]'),(16,61,'b','[13,3]'),(16,62,'w','[12,9]'),(16,63,'b','[11,5]'),(16,64,'w','[12,10]'),(16,65,'b','[12,4]'),(16,66,'w','[13,5]'),(16,67,'b','[11,7]'),(16,68,'w','[16,9]'),(16,69,'b','[10,10]'),(16,70,'w','[8,10]'),(16,71,'b','[9,8]'),(16,72,'w','[6,7]'),(16,73,'b','[7,9]'),(16,74,'w','[6,4]'),(16,75,'b','[7,4]'),(16,76,'w','[5,3]'),(16,77,'b','[5,2]'),(16,78,'w','[10,8]'),(16,79,'b','[9,9]'),(16,80,'w','[11,9]'),(16,81,'b','[10,7]'),(16,82,'w','[9,7]'),(16,83,'b','[12,11]'),(16,84,'w','[13,10]'),(16,85,'b','[14,11]'),(16,86,'w','[14,10]'),(16,87,'b','[15,10]'),(16,88,'w','[15,11]'),(16,89,'b','[16,10]'),(16,90,'w','[13,11]'),(16,91,'b','[10,9]'),(16,92,'w','[8,8]'),(16,93,'b','[17,10]'),(16,94,'w','[14,12]'),(16,95,'b','[15,6]'),(16,96,'w','[16,11]'),(16,97,'b','[2,15]'),(16,98,'w','[2,14]'),(16,99,'b','[14,4]'),(16,100,'w','[17,11]'),(16,101,'b','[18,10]'),(16,102,'w','[17,9]'),(16,103,'b','[7,6]'),(16,104,'w','[8,9]'),(16,105,'b','[10,12]'),(16,106,'w','[6,8]'),(16,107,'b','[5,9]'),(16,108,'w','[9,11]'),(16,109,'b','[10,11]'),(16,110,'w','[6,11]'),(16,111,'b','[5,11]'),(16,112,'w','[6,12]'),(16,113,'b','[2,7]'),(16,114,'w','[4,4]'),(16,115,'b','[4,1]'),(16,116,'w','[1,6]'),(16,117,'b','[3,6]'),(16,118,'w','[4,6]'),(16,119,'b','[4,13]'),(16,120,'w','[5,14]'),(16,121,'b','[3,5]'),(16,122,'w','[3,7]'),(16,123,'b','[8,12]'),(16,124,'w','[7,10]'),(16,125,'b','[1,13]'),(16,126,'w','[8,5]'),(16,127,'b','[6,3]'),(16,128,'w','[5,4]'),(16,129,'b','[7,5]'),(16,130,'w','[8,7]'),(16,131,'b','[1,7]'),(16,132,'w','[2,8]'),(16,133,'b','[7,14]'),(16,134,'w','[6,14]'),(16,135,'b','[14,17]'),(16,136,'w','[17,6]'),(16,137,'b','[3,13]'),(16,138,'w','[2,16]'),(16,139,'b','[15,17]'),(16,140,'w','[16,17]'),(16,141,'b','[17,5]'),(16,142,'w','[16,6]'),(16,143,'b','[16,5]'),(16,144,'w','[9,2]'),(16,145,'b','[6,17]'),(16,146,'w','[18,5]'),(16,147,'b','[18,4]'),(16,148,'w','[18,6]'),(16,149,'b','[17,3]'),(16,150,'w','[1,11]'),(16,151,'b','[1,10]'),(16,152,'w','[0,10]'),(16,153,'b','[2,11]'),(16,154,'w','[7,13]'),(16,155,'b','[8,13]'),(16,156,'w','[7,15]'),(16,157,'b','[5,17]'),(16,158,'w','[4,17]'),(16,159,'b','[4,18]'),(16,160,'w','[3,18]'),(16,161,'b','[0,7]'),(16,162,'w','[0,8]'),(16,163,'b','[10,3]'),(16,164,'w','[8,4]'),(16,165,'b','[10,2]'),(16,166,'w','[10,1]'),(16,167,'b','[6,10]'),(16,168,'w','[8,1]'),(16,169,'b','[16,7]'),(16,170,'w','[17,7]'),(16,171,'b','[16,18]'),(16,172,'w','[17,18]'),(16,173,'b','[14,7]'),(16,174,'w','[18,11]'),(16,175,'b','[14,5]'),(16,176,'w','[18,9]'),(16,177,'b','[13,8]'),(16,178,'w','[13,9]'),(16,179,'b','[14,14]'),(16,180,'w','[9,15]');
/*!40000 ALTER TABLE `Move` ENABLE KEYS */;
UNLOCK TABLES;
/*!40103 SET TIME_ZONE=@OLD_TIME_ZONE */;

/*!40101 SET SQL_MODE=@OLD_SQL_MODE */;
/*!40014 SET FOREIGN_KEY_CHECKS=@OLD_FOREIGN_KEY_CHECKS */;
/*!40014 SET UNIQUE_CHECKS=@OLD_UNIQUE_CHECKS */;
/*!40101 SET CHARACTER_SET_CLIENT=@OLD_CHARACTER_SET_CLIENT */;
/*!40101 SET CHARACTER_SET_RESULTS=@OLD_CHARACTER_SET_RESULTS */;
/*!40101 SET COLLATION_CONNECTION=@OLD_COLLATION_CONNECTION */;
/*!40111 SET SQL_NOTES=@OLD_SQL_NOTES */;

-- Dump completed on 2022-04-04 22:00:15


