

INSERT INTO attore (Codice, Nome, Cognome)
VALUES
    (1, 'Mario', 'Rossi'),
    (2, 'Luigi', 'Verdi'),
    (3, 'Giovanna', 'Bianchi'),
    (4, 'Paola', 'Gialli'),
    (5, 'Antonio', 'Neri'),
    (6, 'Francesca', 'Blu'),
    (7, 'Marco', 'Marrone'),
    (8, 'Elena', 'Viola'),
    (9, 'Alessandro', 'Arancio'),
    (10, 'Valentina', 'Rosa'),
    (11, 'Riccardo', 'Giallo'),
    (12, 'Anna', 'Verde'),
    (13, 'Stefano', 'Celeste'),
    (14, 'Cristina', 'Magenta'),
    (15, 'Roberto', 'Indaco'),
    (16, 'Simona', 'Azzurri'),
    (17, 'Gabriele', 'Lilla'),
    (18, 'Laura', 'Ciano'),
    (19, 'Davide', 'Turchese'),
    (20, 'Silvia', 'Oro'),
    (21, 'Federico', 'Argento'),
    (22, 'Martina', 'Bronzo'),
    (23, 'Andrea', 'Platino'),
    (24, 'Valerio', 'Rame'),
    (25, 'Eleonora', 'Ferro'),
    (26, 'Giacomo', 'Nichel'),
    (27, 'Chiara', 'Cadmio'),
    (28, 'Daniele', 'Zinco'),
    (29, 'Elisa', 'Mercurio'),
    (30, 'Gianluca', 'Piombo'),
    (31, 'Sara', 'Titanio'),
    (32, 'Matteo', 'Vanadio'),
    (33, 'Monica', 'Cromo'),
    (34, 'Massimo', 'Molibdeno'),
    (35, 'Giulia', 'Tungsteno'),
    (36, 'Enrico', 'Renio'),
    (37, 'Cinzia', 'Osmio'),
    (38, 'Alberto', 'Iridio'),
    (39, 'Serena', 'Platino'),
    (40, 'Lorenzo', 'Oro Rosa'),
    (41, 'Vanessa', 'Ununoctio'),
    (42, 'Nicola', 'Ununseptio'),
    (43, 'Eva', 'Ununhexio'),
    (44, 'Fulvio', 'Ununpentio'),
    (45, 'Aurora', 'Ununquadio'),
    (46, 'Romeo', 'Ununtrio'),
    (47, 'Juliet', 'Ununbio'),
    (48, 'Oscar', 'Ununnilio'),
    (49, 'Umberto', 'Unununio'),
    (50, 'Teresa', 'Ununoctio');

INSERT INTO Regista (Codice, Nome, Cognome)
VALUES
    (1, 'Marco', 'Rossi'),
    (2, 'Anna', 'Verdi'),
    (3, 'Luca', 'Bianchi'),
    (4, 'Laura', 'Gialli'),
    (5, 'Giuseppe', 'Neri'),
    (6, 'Federica', 'Blu'),
    (7, 'Simone', 'Marrone'),
    (8, 'Elena', 'Viola'),
    (9, 'Davide', 'Arancio'),
    (10, 'Francesca', 'Rosa'),
    (11, 'Alessandro', 'Giallo'),
    (12, 'Valentina', 'Verde'),
    (13, 'Giovanni', 'Celeste'),
    (14, 'Cristina', 'Magenta'),
    (15, 'Roberto', 'Indaco'),
    (16, 'Serena', 'Azzurri'),
    (17, 'Andrea', 'Lilla'),
    (18, 'Marta', 'Ciano'),
    (19, 'Stefano', 'Turchese'),
    (20, 'Sara', 'Oro'),
    (21, 'Fabio', 'Argento'),
    (22, 'Elisa', 'Bronzo'),
    (23, 'Luigi', 'Platino'),
    (24, 'Antonella', 'Rame'),
    (25, 'Mario', 'Ferro'),
    (26, 'Teresa', 'Nichel'),
    (27, 'Riccardo', 'Cadmio'),
    (28, 'Chiara', 'Zinco'),
    (29, 'Nicola', 'Mercurio'),
    (30, 'Valeria', 'Piombo'),
    (31, 'Giacomo', 'Titanio'),
    (32, 'Monica', 'Vanadio'),
    (33, 'Massimo', 'Cromo'),
    (34, 'Paola', 'Molibdeno'),
    (35, 'Marco', 'Tungsteno'),
    (36, 'Giulia', 'Renio'),
    (37, 'Enrico', 'Osmio'),
    (38, 'Cinzia', 'Iridio'),
    (39, 'Alberto', 'Platino'),
    (40, 'Elisabetta', 'Oro Rosa'),
    (41, 'Giovanna', 'Ununoctio'),
    (42, 'Stefania', 'Ununseptio'),
    (43, 'Pietro', 'Ununhexio'),
    (44, 'Lucia', 'Ununpentio'),
    (45, 'Raffaele', 'Ununquadio'),
    (46, 'Vittoria', 'Ununtrio'),
    (47, 'Michele', 'Ununbio'),
    (48, 'Giorgio', 'Ununnilio'),
    (49, 'Alessandra', 'Unununio'),
    (50, 'Filippo', 'Ununoctio');





INSERT INTO Film (Codice, Titolo, Descrizione, Durata, AnnoProduzione, Regista, PaeseDiProduzione)
VALUES
    (1, 'Il Segreto della Collina', 'Una avventura mozzafiato in una terra lontana...', 120, 2022, 1, 'Italia'),
    (2, 'LUltimo Viaggio', 'Un viaggio interstellare alla ricerca di nuove frontiere...', 150, 2023, 2, 'USA'),
    (3, 'Sogni Infranti', 'Una storia commovente di perdita e rinascita...', 110, 2021, 3, 'Francia'),
    (4, 'La Isola dei Misteri', 'Una isola remota con segreti inimmaginabili...', 135, 2023, 4, 'Regno Unito'),
    (5, 'Risveglio', 'Un thriller psicologico che terrà il pubblico con il fiato sospeso...', 125, 2022, 5, 'Germania'),
    (6, 'Il Giardino delle Meraviglie', 'Una favola moderna ambientata in un mondo fantastico...', 140, 2023, 6, 'Italia'),
    (7, 'Caccia allIntruso', 'Una indagine criminale avvincente con colpi di scena...', 115, 2021, 7, 'USA'),
    (8, 'In Viaggio con Te', 'Una commedia romantica che farà sorridere il cuore...', 105, 1980, 8, 'Francia'),
    (9, 'L Ultimo Re', 'Un epico racconto di regni in lotta per la supremazia...', 160, 1999, 9, 'Regno Unito'),
    (10, 'Oltre l Orizzonte', 'Una avventura spaziale alla ricerca di mondi sconosciuti...', 130, 2023, 10, 'Germania'),
    (11, 'Il Segreto del Deserto', 'Una avventura epica tra le dune e i misteri sabbiosi...', 160, 2021, 11, 'Egitto'),
    (12, 'L Ultimo Sogno', 'Un dramma emozionante che tocca le corde dell anima...', 110, 1998, 12, 'Argentina'),
    (13, 'Il Viaggio nel Tempo', 'Una avventura scientifica attraverso portali dimensionali...', 135, 2022, 13, 'USA'),
    (14, 'La Collina dei Ricordi', 'Una commedia dolce che rievoca i bei momenti del passato...', 125, 2023, 14, 'Italia'),
    (15, 'Il Segreto del Vecchio Mulino', 'Un giallo ambientato in un antico mulino abbandonato...', 120, 2021, 15, 'Francia'),
    (16, 'L Ultimo Cielo', 'Una storia di amore che sfida il destino sotto il cielo stellato...', 140, 1950, 16, 'USA'),
    (17, 'Il Regno d Inverno', 'Una favola invernale con paesaggi incantati...', 115, 2022, 17, 'Norvegia'),
    (18, 'La Magia dei Colori', 'Un viaggio artistico attraverso paesaggi cromatici...', 130, 2023, 18, 'Italia'),
    (19, 'Oltre la Realtà', 'Un thriller psicologico che mette alla prova la percezione della realtà...', 125, 2021, 19, 'USA'),
    (20, 'Il Mistero della Baia', 'Un giallo avvincente tra le onde di una baia misteriosa...', 135, 2022, 20, 'Australia'),
    (21, 'La Foresta Incantata', 'Una avventura magica tra creature fantastiche...', 145, 2023, 21, 'Italia'),
    (22, 'Il Segreto del Deserto', 'Una avventura epica tra le dune e i misteri sabbiosi...', 160, 2021, 22, 'Egitto'),
    (23, 'Ultimo Sogno', 'Un dramma emozionante che tocca le corde della anima...', 110, 2001, 23, 'Argentina'),
    (24, 'Il Viaggio nel Tempo', 'Una avventura scientifica attraverso portali dimensionali...', 135, 2022, 24, 'USA'),
    (25, 'La Collina dei Ricordi', 'Una commedia dolce che rievoca i bei momenti del passato...', 125, 2023, 25, 'Italia'),
    (26, 'Il Segreto del Vecchio Mulino', 'Un giallo ambientato in un antico mulino abbandonato...', 120, 2021, 26, 'Francia'),
    (27, 'Ultimo Cielo', 'Una storia di amore che sfida il destino sotto il cielo stellato...', 140, 1980, 27, 'USA'),
    (28, 'Il Regno di Inverno', 'Una favola invernale con paesaggi incantati...', 115, 2022, 28, 'Norvegia'),
    (29, 'La Magia dei Colori', 'Un viaggio artistico attraverso paesaggi cromatici...', 130, 2023, 29, 'Italia'),
    (30, 'Oltre la Realtà', 'Un thriller psicologico che mette alla prova la percezione della realtà...', 125, 2021, 30, 'USA'),
    (31, 'Il Mistero del Lago', 'Un giallo ambientato sulle rive di un lago misterioso...', 125, 2021, 31, 'Canada'),
    (32, 'Ritorno al Passato', 'Un viaggio nel tempo alla ricerca delle radici...', 120, 2023, 32, 'USA'),
    (33, 'La Foresta Nera', 'Una avventura tra i segreti della foresta oscura...', 140, 2022, 33, 'Germania'),
    (34, 'La Città Perduta', 'Una indagine archeologica nelle rovine di una antica civiltà...', 150, 2000, 34, 'Grecia'),
    (35, 'Il Gioco della Mente', 'Un thriller psicologico che sfida la percezione della realtà...', 130, 2021, 35, 'Italia'),
    (36, 'La Leggenda del Drago', 'Una epica avventura in cerca di un mitico drago...', 155, 2023, 36, 'Cina'),
    (37, 'Ultima Frontiera', 'Una esplorazione nel deserto ghiacciato del Polo Nord...', 110, 2021, 37, 'Canada'),
    (38, 'Il Segreto delle Stelle', 'Una avventura cosmica alla scoperta dei segreti celesti...', 145, 2023, 38, 'USA'),
    (39, 'La Via della Speranza', 'Un dramma toccante sulla forza interiore dell essere umano...', 120, 2022, 39, 'Italia'),
    (40, 'Il Regno dei Sogni', 'Una fiaba magica che si svolge nel mondo dei sogni...', 138, 2003, 40, 'Regno Unito'),
    (41, 'Enigma dell Oracolo', 'Un mistero antico da risolvere attraverso profezie enigmatiche...', 135, 2023, 41, 'Grecia'),
    (42, 'La Magia del Circo', 'Un avventura nel mondo incantato del circo...', 120, 2022, 42, 'Francia'),
    (43, 'Il Segreto dell Isola Nascosta', 'Una scoperta sorprendente sulla isola misteriosa...', 145, 1975, 43, 'Australia'),
    (44, 'Il Viaggio della Vita', 'Un percorso emozionante attraverso le sfide della vita...', 130, 2021, 44, 'USA'),
    (45, 'La Casa dei Segreti', 'Un thriller psicologico ambientato in una casa misteriosa...', 140, 2023, 45, 'Italia'),
    (46, 'Il Destino di una Era', 'Un epico racconto di amori e tradimenti nella antica Roma...', 160, 2022, 46, 'Italia'),
    (47, 'La Sinfonia del Tempo', 'Un viaggio musicale attraverso le epoche storiche...', 125, 1999, 47, 'Austria'),
    (48, 'Il Segreto del Monte', 'Una avventura in alta quota alla ricerca di un tesoro nascosto...', 150, 2021, 48, 'Svizzera'),
    (49, 'La Città degli Angeli', 'Un dramma romantico ambientato nelle strade di Parigi...', 110, 2023, 49, 'Francia'),
    (50, 'Il Mondo Sotto', 'Una avventura subacquea tra creature marine e segreti degli abissi...', 155, 2022, 50, 'Giappone');
    
    
    
INSERT INTO Partecipazione (Film, Attore)
VALUES
    (1, 20),
    (1, 10),
    (2, 5),
    (2, 35),
    (3, 48),
    (3, 16),
    (4, 41),
    (4, 6),
    (5, 12),
    (5, 22),
    (6, 33),
    (6, 2),
    (7, 17),
    (7, 28),
    (8, 43),
    (8, 15),
    (9, 19),
    (9, 49),
    (10, 9),
    (10, 37),
    (11, 26),
    (11, 44),
    (12, 1),
    (12, 30),
    (13, 50),
    (13, 11),
    (14, 27),
    (14, 8),
    (15, 3),
    (15, 29),
    (16, 40),
    (16, 21),
    (17, 32),
    (17, 23),
    (18, 47),
    (18, 14),
    (19, 36),
    (19, 7),
    (20, 46),
    (20, 18),
    (21, 25),
    (21, 42),
    (22, 38),
    (22, 4),
    (23, 13),
    (23, 24),
    (24, 31),
    (24, 45),
    (25, 39),
    (25, 34);
    
INSERT INTO Vincita (Codice, Film, Premio, Data)
VALUES
    (1, 100001, 'Oscar Miglior Film', '2022-01-15'),
    (2, 100002, 'Premio della Giuria', '2022-02-20'),
    (3, 100003, 'Palma d\'Oro', '2022-03-10'),
    (4, 100004, 'Golden Globe', '2022-04-05'),
    (5, 100005, 'Premio BAFTA', '2022-05-12'),
    (6, 100006, 'Leone d\'Oro', '2022-06-18'),
    (7, 100007, 'Premio César', '2022-07-22'),
    (8, 100008, 'Orso d\'Oro', '2022-08-30'),
    (9, 100009, 'Palm Springs International Film Festival Award', '2022-09-09'),
    (10, 100010, 'David di Donatello', '2022-10-14');

INSERT INTO PremiazioneRegista (`Regista`, `Vincita`)
VALUES
    (1, 3),
    (2, 8),
    (3, 5),
    (4, 10),
    (5, 1),
    (6, 6),
    (7, 9),
    (8, 4),
    (9, 2),
    (10, 7);

INSERT INTO PremiazioneAttore (`Attore`, `Vincita`)
VALUES
    (1, 3),
    (2, 8),
    (3, 5),
    (4, 10),
    (5, 1),
    (6, 6),
    (7, 9),
    (8, 4),
    (9, 2),
    (10, 7);

INSERT INTO Premio (`Tipo`, `Valore`)
VALUES
    ('Oscar', 0.9),
    ('Golden Globe', 0.8),
    ('BAFTA', 0.85),
    ('Palma d\'oro', 0.95),
    ('Leone d\'oro', 0.92),
    ('Coppa Volpi', 0.88),
    ('David di Donatello', 0.87),
    ('César Award', 0.91),
    ('Berlinale Bear', 0.89),
    ('SAG Award', 0.86);

INSERT INTO Critico (`Codice`, `Nome`, `Cognome`)
VALUES
    (1, 'Mario', 'Rossi'),
    (2, 'Laura', 'Bianchi'),
    (3, 'Luca', 'Verdi'),
    (4, 'Paola', 'Neri'),
    (5, 'Giovanni', 'Gialli'),
    (6, 'Francesca', 'Marrone'),
    (7, 'Alberto', 'Azzurro'),
    (8, 'Elena', 'Viola'),
    (9, 'Riccardo', 'Arancio'),
    (10, 'Simona', 'Rosa'),
    (11, 'Marco', 'Magenta'),
    (12, 'Alessia', 'Celeste'),
    (13, 'Davide', 'Blu'),
    (14, 'Federica', 'Indaco'),
    (15, 'Roberto', 'Giallo'),
    (16, 'Giulia', 'Turchese'),
    (17, 'Stefano', 'Fucsia'),
    (18, 'Cristina', 'Ciano'),
    (19, 'Filippo', 'Marrone'),
    (20, 'Chiara', 'Grigio');

INSERT INTO Recensione (`Film`, `Critico`, `Data`, `Valore`)
VALUES
    (1, 1, '2023-01-01', 8),
    (1, 2, '2023-01-02', 4),
    (1, 3, '2023-01-03', 7),
    (2, 4, '2023-01-04', 2),
    (2, 5, '2023-01-05', 9),
    (3, 6, '2023-01-06', 5),
    (3, 7, '2023-01-07', 10),
    (4, 8, '2023-01-08', 3),
    (4, 9, '2023-01-09', 6),
    (5, 10, '2023-01-10', 1),
    (5, 11, '2023-01-11', 8),
    (6, 12, '2023-01-12', 4),
    (6, 13, '2023-01-13', 7),
    (7, 14, '2023-01-14', 2),
    (7, 15, '2023-01-15', 9),
    (8, 16, '2023-01-16', 5),
    (8, 17, '2023-01-17', 10),
    (9, 18, '2023-01-18', 3),
    (9, 19, '2023-01-19', 6),
    (10, 20, '2023-01-20', 1),
    (10, 21, '2023-01-21', 8),
    (11, 22, '2023-01-22', 4),
    (11, 23, '2023-01-23', 7),
    (12, 24, '2023-01-24', 2),
    (12, 25, '2023-01-25', 9);

INSERT INTO Appartenenza (`Film`, `Genere`)
VALUES
    (1, 'Azione'),
    (1, 'Drammatico'),
    (2, 'Commedia'),
    (2, 'Romantico'),
    (3, 'Fantascienza'),
    (3, 'Azione'),
    (4, 'Drammatico'),
    (4, 'Mistero'),
    (5, 'Commedia'),
    (5, 'Azione'),
    (6, 'Fantasy'),
    (6, 'Avventura'),
    (7, 'Horror'),
    (7, 'Thriller'),
    (8, 'Commedia'),
    (8, 'Romantico'),
    (9, 'Azione'),
    (9, 'Fantasy'),
    (10, 'Drammatico'),
    (10, 'Romantico'),
    (11, 'Commedia'),
    (11, 'Fantascienza'),
    (12, 'Thriller'),
    (12, 'Mistero'),
    (13, 'Azione'),
    (13, 'Commedia'),
    (14, 'Fantasy'),
    (14, 'Avventura'),
    (15, 'Drammatico'),
    (15, 'Romantico'),
    (16, 'Horror'),
    (16, 'Thriller'),
    (17, 'Azione'),
    (17, 'Fantascienza'),
    (18, 'Commedia'),
    (18, 'Romantico'),
    (19, 'Fantasy'),
    (19, 'Avventura'),
    (20, 'Horror'),
    (20, 'Thriller'),
    (21, 'Commedia'),
    (21, 'Azione'),
    (22, 'Drammatico'),
    (22, 'Romantico'),
    (23, 'Fantascienza'),
    (23, 'Azione'),
    (24, 'Commedia'),
    (24, 'Mistero'),
    (25, 'Horror'),
    (25, 'Thriller'),
    (26, 'Azione'),
    (26, 'Drammatico'),
    (27, 'Fantasy'),
    (27, 'Avventura'),
    (28, 'Commedia'),
    (28, 'Romantico'),
    (29, 'Azione'),
    (29, 'Fantasy'),
    (30, 'Drammatico'),
    (30, 'Romantico'),
    (31, 'Commedia'),
    (31, 'Fantascienza'),
    (32, 'Thriller'),
    (32, 'Mistero'),
    (33, 'Azione'),
    (33, 'Commedia'),
    (34, 'Fantasy'),
    (34, 'Avventura'),
    (35, 'Drammatico'),
    (35, 'Romantico'),
    (36, 'Horror'),
    (36, 'Thriller'),
    (37, 'Azione'),
    (37, 'Fantascienza'),
    (38, 'Commedia'),
    (38, 'Romantico'),
    (39, 'Fantasy'),
    (39, 'Avventura'),
    (40, 'Horror'),
    (40, 'Thriller'),
    (41, 'Commedia'),
    (41, 'Azione'),
    (42, 'Drammatico'),
    (42, 'Romantico'),
    (43, 'Fantascienza'),
    (43, 'Azione'),
    (44, 'Commedia'),
    (44, 'Mistero'),
    (45, 'Horror'),
    (45, 'Thriller'),
    (46, 'Azione'),
    (46, 'Drammatico'),
    (47, 'Fantasy'),
    (47, 'Avventura'),
    (48, 'Commedia'),
    (48, 'Romantico'),
    (49, 'Azione'),
    (49, 'Fantasy'),
    (50, 'Drammatico'),
    (50, 'Romantico');

INSERT INTO Genere (`Nome`) VALUES
    ('Azione'),
    ('Drammatico'),
    ('Commedia'),
    ('Romantico'),
    ('Fantascienza'),
    ('Fantasy'),
    ('Avventura'),
    ('Mistero'),
    ('Horror'),
    ('Thriller');

-- FILM CODIFICATO

INSERT INTO `FormatoVideo` (`Codice`, `Risoluzione`, `Famiglia`, `AspectRatio`, `DataRilascio`, `Qualita`, `BitRate`)
VALUES
    ('H264_720p', 1280, 'H.264', 1.78, '2022-01-01', 2, 4000),
    ('H265_1080p', 1920, 'H.265', 1.85, '2022-02-15', 3, 6000),
    ('VP9_4K', 3840, 'VP9', 2.39, '2022-03-30', 4, 8000),
    ('AV1_480p', 720, 'AV1', 1.33, '2022-05-10', 1, 2000),
    ('H264_1080p', 1920, 'H.264', 1.78, '2022-06-20', 3, 5000),
    ('H265_4K', 3840, 'H.265', 2.39, '2022-08-05', 4, 7000),
    ('VP9_720p', 1280, 'VP9', 1.85, '2022-09-15', 2, 3000),
    ('AV1_1080p', 1920, 'AV1', 1.78, '2022-11-01', 3, 6000),
    ('H264_4K', 3840, 'H.264', 2.39, '2022-12-20', 4, 8000),
    ('H265_720p', 1280, 'H.265', 1.85, '2023-02-01', 2, 4000);

INSERT INTO `FormatoAudio` (`Codice`, `Famiglia`, `DataRilascio`, `Qualita`, `BitRate`)
VALUES
    ('AAC', 'AAC', '2022-01-01', 2, 192),
    ('MP3', 'MP3', '2022-02-15', 3, 256),
    ('AC3', 'Dolby Digital', '2022-03-30', 4, 384),
    ('FLAC', 'FLAC', '2022-05-10', 1, 96),
    ('DTS', 'DTS', '2022-06-20', 3, 512),
    ('WAV', 'PCM', '2022-08-05', 4, 768),
    ('OGG', 'OGG Vorbis', '2022-09-15', 2, 192),
    ('WMA', 'WMA', '2022-11-01', 3, 256),
    ('APE', 'Monkey\'s Audio', '2022-12-20', 4, 512),
    ('AIFF', 'AIFF', '2023-02-01', 2, 192);

INSERT INTO `Lingua` (`Nome`)
VALUES
    ('Inglese'),
    ('Mandarino'),
    ('Hindi'),
    ('Spagnolo'),
    ('Francese'),
    ('Arabo'),
    ('Bengalese'),
    ('Russo'),
    ('Portoghese'),
    ('Urdu'),
    ('Indonesiano'),
    ('Tedesco'),
    ('Giapponese'),
    ('Punjabi'),
    ('Telugu'),
    ('Marathi'),
    ('Turco'),
    ('Tamil'),
    ('Vietnamita'),
    ('Coreano'),
    ('Cinese Yue'),
    ('Wu'),
    ('Birmano'),
    ('Olandese'),
    ('Tailandese'),
    ('Yoruba'),
    ('Tagalog'),
    ('Polacco'),
    ('Malayalam'),
    ('Xhosa');

INSERT INTO `Audio` (`Lingua`, `FilmCodificato`)
VALUES
    ('Inglese', 3),
    ('Spagnolo', 15),
    ('Francese', 8),
    ('Cinese', 12),
    ('Giapponese', 1),
    ('Tedesco', 7),
    ('Russo', 23),
    ('Portoghese', 6),
    ('Arabo', 11),
    ('Olandese', 9),
    ('Coreano', 18),
    ('Turco', 14),
    ('Indonesiano', 5),
    ('Vietnamita', 2),
    ('Hindi', 17),
    ('Bengalese', 20),
    ('Tailandese', 10),
    ('Polacco', 4),
    ('Malayalam', 13),
    ('Urdu', 16),
    ('Marathi', 19),
    ('Filippino', 22),
    ('Malese', 25),
    ('Ceco', 21),
    ('Svedese', 24),
    ('Danese', 27),
    ('Norvegese', 30),
    ('Finnico', 28),
    ('Greco', 29),
    ('Ebraico', 26),
    ('Ungherese', 31),
    ('Irlandese', 34),
    ('Italiano', 33),
    ('Lituano', 36),
    ('Lussemburghese', 35),
    ('Maltese', 32),
    ('Norvegese', 39),
    ('Polacco', 38),
    ('Portoghese', 41),
    ('Rumeno', 40),
    ('Slovacco', 43),
    ('Sloveno', 42),
    ('Spagnolo', 45),
    ('Svedese', 44),
    ('Tedesco', 47),
    ('Ungherese', 46),
    ('Inglese', 49),
    ('Francese', 48),
    ('Italiano', 50),
    -- 50
    ('Spagnolo', 6),
    ('Francese', 11),
    ('Cinese', 16),
    ('Tedesco', 21),
    ('Giapponese', 26),
    ('Russo', 31),
    ('Portoghese', 36),
    ('Arabo', 41),
    ('Olandese', 46),
    ('Coreano', 1),
    ('Turco', 6),
    ('Indonesiano', 11),
    ('Vietnamita', 16),
    ('Hindi', 21),
    ('Bengalese', 26),
    ('Tailandese', 31),
    ('Polacco', 36),
    ('Malayalam', 41),
    ('Urdu', 46),
    ('Marathi', 1),
    ('Filippino', 6),
    ('Malese', 11),
    ('Ceco', 16),
    ('Svedese', 21),
    ('Danese', 26),
    ('Finnico', 36),
    ('Greco', 41),
    ('Ebraico', 46),
    ('Ungherese', 1),
    ('Irlandese', 6),
    ('Italiano', 11),
    ('Lituano', 16),
    ('Lussemburghese', 21),
    ('Maltese', 26),
    ('Rumeno', 46),
    ('Slovacco', 1),
    ('Sloveno', 6),
    ('Spagnolo', 11),
    ('Svedese', 16),
    ('Ungherese', 26),
    ('Inglese', 31),
    ('Francese', 36),
    ('Italiano', 41),
    ('Russo', 46),
    ('Portoghese', 1),
    -- 100
    ('Arabo', 6),
    ('Olandese', 11),
    ('Coreano', 16),
    ('Turco', 21),
    ('Indonesiano', 26),
    ('Vietnamita', 31),
    ('Hindi', 36),
    ('Bengalese', 41),
    ('Tailandese', 46),
    ('Malayalam', 6),
    ('Urdu', 11),
    ('Marathi', 16),
    ('Filippino', 21),
    ('Malese', 26),
    ('Ceco', 31),
    ('Svedese', 36),
    ('Danese', 41),
    ('Finnico', 1),
    ('Greco', 6),
    ('Ebraico', 11),
    ('Ungherese', 16),
    ('Irlandese', 21),
    ('Italiano', 26),
    ('Lituano', 31),
    ('Lussemburghese', 36),
    ('Maltese', 41),
    ('Norvegese', 46),
    ('Polacco', 1),
    ('Rumeno', 11),
    ('Slovacco', 16),
    ('Sloveno', 21),
    ('Spagnolo', 26),
    ('Svedese', 31),
    ('Tedesco', 36),
    ('Ungherese', 41),
    ('Inglese', 46),
    ('Francese', 1),
    ('Italiano', 6),
    ('Russo', 11),
    ('Portoghese', 16),
    ('Arabo', 21),
    ('Olandese', 26),
    ('Coreano', 31),
    ('Turco', 36),
    ('Indonesiano', 41),
    ('Vietnamita', 46),
    ('Hindi', 1);
    -- 150

INSERT INTO `Sottotitolo` (`Lingua`, `FilmCodificato`)
VALUES
    ('Spagnolo', 6),
    ('Francese', 11),
    ('Cinese', 16),
    ('Tedesco', 21),
    ('Giapponese', 26),
    ('Russo', 31),
    ('Arabo', 41),
    ('Olandese', 46),
    ('Coreano', 1),
    ('Turco', 6),
    ('Indonesiano', 11),
    ('Vietnamita', 16),
    ('Hindi', 21),
    ('Bengalese', 26),
    ('Tailandese', 31),
    ('Polacco', 36),
    ('Malayalam', 41),
    ('Urdu', 46),
    ('Marathi', 1),
    ('Filippino', 6),
    ('Malese', 11),
    ('Ceco', 16),
    ('Svedese', 21),
    ('Danese', 26),
    ('Finnico', 36),
    ('Greco', 41),
    ('Ebraico', 46),
    ('Ungherese', 1),
    ('Irlandese', 6),
    ('Italiano', 11),
    ('Lituano', 16),
    ('Lussemburghese', 21),
    ('Maltese', 26),
    ('Norvegese', 31),
    ('Portoghese', 41),
    ('Rumeno', 46),
    ('Slovacco', 1),
    ('Sloveno', 6),
    ('Spagnolo', 11),
    ('Ungherese', 26),
    ('Inglese', 31),
    ('Francese', 36),
    ('Russo', 46),
    ('Portoghese', 1), 
    -- 50
    ('Giapponese', 6),
    ('Russo', 11),
    ('Portoghese', 16),
    ('Arabo', 21),
    ('Olandese', 26),
    ('Coreano', 31),
    ('Turco', 36),
    ('Indonesiano', 41),
    ('Vietnamita', 46),
    ('Hindi', 1),
    ('Bengalese', 6),
    ('Tailandese', 11),
    ('Polacco', 16),
    ('Malayalam', 21),
    ('Urdu', 26),
    ('Marathi', 31),
    ('Filippino', 36),
    ('Malese', 41),
    ('Ceco', 46),
    ('Svedese', 1),
    ('Danese', 6),
    ('Finnico', 16),
    ('Greco', 21),
    ('Ebraico', 26),
    ('Ungherese', 31),
    ('Irlandese', 36),
    ('Italiano', 41),
    ('Lituano', 46),
    ('Lussemburghese', 1),
    ('Maltese', 6),
    ('Norvegese', 11),
    ('Portoghese', 21),
    ('Rumeno', 26),
    ('Slovacco', 31),
    ('Sloveno', 36),
    ('Spagnolo', 41),
    ('Svedese', 46),
    ('Tedesco', 1),
    ('Ungherese', 6),
    ('Inglese', 11),
    ('Francese', 16),
    ('Italiano', 21),
    ('Russo', 26),
    ('Portoghese', 31),
    ('Arabo', 36),
    ('Olandese', 41),
    ('Coreano', 46),
    ('Turco', 1),
    ('Indonesiano', 6),
    ('Vietnamita', 11),
    ('Hindi', 16),
    ('Bengalese', 21),
    ('Tailandese', 26),
    ('Polacco', 31),
    ('Malayalam', 36),
    ('Urdu', 41),
    ('Marathi', 46),
    ('Filippino', 1),
    ('Malese', 6),
    ('Ceco', 11),
    ('Svedese', 16),
    ('Danese', 21),
  
    ('Finnico', 31),
    ('Greco', 36),
    ('Ebraico', 41),
    ('Ungherese', 46),
    ('Irlandese', 1),
    ('Italiano', 6),
    ('Lituano', 11),
    ('Lussemburghese', 16),
    ('Maltese', 21),
    ('Norvegese', 26),
    ('Portoghese', 36),
    ('Rumeno', 41),
    ('Slovacco', 46),
    ('Sloveno', 1),
   
    ('Svedese', 11),
    ('Tedesco', 16),
    ('Ungherese', 21),
    ('Inglese', 26),
    ('Francese', 31),
    ('Italiano', 36),
    ('Russo', 41),
    ('Portoghese', 46),
    ('Giapponese', 1),
    ('Russo', 6),
    ('Portoghese', 11),
    ('Arabo', 16),
    ('Olandese', 21),
    ('Coreano', 26),
    ('Turco', 31),
    ('Indonesiano', 36),
    ('Vietnamita', 41),
    ('Hindi', 46),
    ('Bengalese', 1),
    ('Tailandese', 6),
    ('Polacco', 11),
    ('Malayalam', 16),
    ('Urdu', 21),
    ('Marathi', 26),
    ('Filippino', 31),
    ('Malese', 36),
    ('Ceco', 41);
    -- 150

INSERT INTO `Stato` (`Nome`, `Longitudine`, `Latitudine`, `IpInizio`, `IpFine`)
VALUES
      ('Italia', 12.5674, 41.8719, 100000000, 105000000),
      ('Francia', 2.2137, 46.6035, 105000001, 110000000),
    ('Germania', 10.4515, 51.1657, 110000001, 115000000),
      ('Spagna', -3.7492, 40.4637, 115000001, 120000000),
('Regno Unito', -3.43597, 55.3781, 120000001, 125000000),
        ('USA', -95.7129, 37.0902, 125000001, 130000000),
    ('Canada', -106.3468, 56.1304, 130000001, 135000000),
 ('Australia', 133.7751, -25.2744, 135000001, 140000000),
   ('Brasile', -51.9253, -14.2350, 140000001, 145000000),
   ('Giappone', 138.2529, 36.2048, 145000001, 150000000),
	 ('Russia', 105.3188, 61.5240, 150000001, 155000000),
       ('Cina', 104.1954, 35.8617, 155000001, 160000000),
	   ('India', 78.9629, 20.5937, 160000001, 165000000),
  ('Sudafrica', 22.9375, -30.5595, 165000001, 170000000),
   ('Messico', -102.5528, 23.6345, 170000001, 175000000),
 ('Argentina', -63.6167, -38.4161, 175000001, 180000000),
 ('Nuova Zelanda', 174.7762, -40.9006, 180000001, 185000000),
          ('Svezia', 18.6435, 60.1282, 185000001, 190000000),
         ('Norvegia', 8.4689, 60.4720, 190000001, 195000000),
        ('Danimarca', 9.5018, 56.2639, 195000001, 200000000),
      ('Portogallo', -8.2245, 39.3999, 200000001, 205000000),
           ('Olanda', 5.2913, 52.1326, 205000001, 210000000),
           ('Belgio', 4.4699, 50.8503, 210000001, 215000000),
          ('Cile', -71.5429, -35.6751, 215000001, 220000000),
           ('Perù', -75.0152, -9.1900, 220000001, 225000000),
          ('Egitto', 30.8025, 26.8206, 225000001, 230000000),
          ('Grecia', 21.8243, 39.0742, 230000001, 235000000),
		 ('Israele', 35.2137, 31.0461, 235000001, 240000000),
      ('Sud Corea', 127.7669, 35.9078, 240000001, 245000000),
         ('Turchia', 35.2433, 38.9637, 245000001, 250000000);
   
INSERT INTO `RestrizioneFormato` (`Stato`, `FilmCodificato`)
VALUES
    ('Italia', 1),
    ('Francia', 2),
    ('Germania', 3),
    ('Spagna', 4),
    ('Regno Unito', 5),
    ('USA', 6),
    ('Canada', 7),
    ('Australia', 8),
    ('Giappone', 9),
    ('Cina', 10),
    ('Russia', 11),
    ('Brasile', 12),
    ('Argentina', 13),
    ('Sudafrica', 14),
    ('India', 15),
    ('Messico', 16),
    ('Nuova Zelanda', 17),
    ('Svezia', 18),
    ('Norvegia', 19),
    ('Danimarca', 20);


INSERT INTO `Abbonamento`(Tipo, Durata, MaxRisoluzione, Download, MaxConnessioni, TariffaMensile, MaxGb)
VALUES
	('Ultimate', 12, 9999, 1, 8, 15, null),
	('Deluxe', 3, 3840, 1, 4, 12, null),
	('Pro', 6, 2048, 0, 3, 7,180 ),
	('Premium', 1, 1920, 0, 2, 10, 25),
	('Basic', 1, 1280, 0, 1, 5, 5);

INSERT INTO `RestrizioneAbbonamento` (`Stato`, `Abbonamento`)
VALUES
    ('Germania', 'Pro'),
    ('Cina', 'Basic'),
    ('Germania', 'Premium'),
    ('Cina', 'Deluxe'),
    ('India', 'Premium'),
    ('Connecticut', 'Ultimate'),
    ('Nuova Zelanda', 'Deluxe'),
    ('Florida', 'Pro');
INSERT INTO Utente (`Codice`, `Email`, `Nome`, `Cognome`, `ConnessioniAttive`, `Password`, `Stato`)
VALUES
    ('U1', 'utente1@example.com', 'Mario', 'Rossi', 0, 'password1', 'Italia'),
    ('U2', 'utente2@example.com', 'Luca', 'Bianchi', 0, 'password2', 'Italia'),
    ('U3', 'utente3@example.com', 'Giovanna', 'Verdi', 0, 'password3', 'Italia'),
    ('U4', 'utente4@example.com', 'Paola', 'Neri', 0, 'password4', 'Italia'),
    ('U5', 'utente5@example.com', 'Marco', 'Gialli', 0, 'password5', 'Italia'),
    ('U6', 'utente6@example.com', 'Sara', 'Rosa', 0, 'password6', 'Italia'),
    ('U7', 'utente7@example.com', 'Alessio', 'Blu', 0, 'password7', 'Italia'),
    ('U8', 'utente8@example.com', 'Elena', 'Arancio', 0, 'password8', 'Francia'),
    ('U9', 'utente9@example.com', 'Fabio', 'Celeste', 0, 'password9', 'Francia'),
    ('U10', 'utente10@example.com', 'Anna', 'Marrone', 0, 'password10', 'Francia'),
    ('U11', 'utente11@example.com', 'Andrea', 'Azzurro', 0, 'password11', 'Francia'),
    ('U12', 'utente12@example.com', 'Giulia', 'Verde', 0, 'password12', 'Francia'),
    ('U13', 'utente13@example.com', 'Davide', 'Giallo', 0, 'password13', 'Francia'),
    ('U14', 'utente14@example.com', 'Francesca', 'Rosa', 0, 'password14', 'Francia'),
    ('U15', 'utente15@example.com', 'Riccardo', 'Viola', 0, 'password15', 'Germania'),
    ('U16', 'utente16@example.com', 'Eleonora', 'Blu', 0, 'password16', 'Germania'),
    ('U17', 'utente17@example.com', 'Lorenzo', 'Arancio', 0, 'password17', 'Germania'),
    ('U18', 'utente18@example.com', 'Giorgia', 'Celeste', 0, 'password18', 'Germania'),
    ('U19', 'utente19@example.com', 'Matteo', 'Marrone', 0, 'password19', 'Germania'),
    ('U20', 'utente20@example.com', 'Chiara', 'Azzurro', 0, 'password20', 'Germania'),
    ('U21', 'utente21@example.com', 'Tommaso', 'Verde', 0, 'password21', 'Giappone'),
    ('U22', 'utente22@example.com', 'Alessia', 'Giallo', 0, 'password22', 'Giappone'),
    ('U23', 'utente23@example.com', 'Daniele', 'Rosa', 0, 'password23', 'Giappone'),
    ('U24', 'utente24@example.com', 'Elisa', 'Viola', 0, 'password24', 'Giappone'),
    ('U25', 'utente25@example.com', 'Simone', 'Blu', 0, 'password25', 'Giappone'),
    ('U26', 'utente26@example.com', 'Martina', 'Arancio', 0, 'password26', 'Giappone'),
    ('U27', 'utente27@example.com', 'Giacomo', 'Celeste', 0, 'password27', 'Brasile'),
    ('U28', 'utente28@example.com', 'Arianna', 'Marrone', 0, 'password28', 'Brasile'),
    ('U29', 'utente29@example.com', 'Luigi', 'Azzurro', 0, 'password29', 'Brasile'),
    ('U30', 'utente30@example.com', 'Valentina', 'Verde', 0, 'password30', 'Brasile'),
    ('U31', 'utente31@example.com', 'Emanuele', 'Giallo', 0, 'password31', 'Brasile'),
    ('U32', 'utente32@example.com', 'Sofia', 'Rosa', 0, 'password32', 'Brasile'),
    ('U33', 'utente33@example.com', 'Filippo', 'Viola', 0, 'password33', 'Brasile'),
    ('U34', 'utente34@example.com', 'Vittoria', 'Blu', 0, 'password34', 'Brasile'),
    ('U35', 'utente35@example.com', 'Andrea', 'Arancio', 0, 'password35', 'USA'),
    ('U36', 'utente36@example.com', 'Eleonora', 'Celeste', 0, 'password36', 'USA'),
    ('U37', 'utente37@example.com', 'Davide', 'Marrone', 0, 'password37', 'USA'),
    ('U38', 'utente38@example.com', 'Francesca', 'Azzurro', 0, 'password38', 'USA'),
    ('U39', 'utente39@example.com', 'Matteo', 'Verde', 0, 'password39', 'USA'),
    ('U40', 'utente40@example.com', 'Chiara', 'Giallo', 0, 'password40', 'USA'),
    ('U41', 'utente41@example.com', 'Tommaso', 'Rosa', 0, 'password41', 'USA'),
    ('U42', 'utente42@example.com', 'Alessia', 'Viola', 0, 'password42', 'USA'),
    ('U43', 'utente43@example.com', 'Daniele', 'Blu', 0, 'password43', 'USA'),
    ('U44', 'utente44@example.com', 'Elisa', 'Arancio', 0, 'password44', 'USA'),
    ('U45', 'utente45@example.com', 'Simone', 'Celeste', 0, 'password45', 'USA'),
    ('U46', 'utente46@example.com', 'Martina', 'Marrone', 0, 'password46', 'USA'),
    ('U47', 'utente47@example.com', 'Giacomo', 'Azzurro', 0, 'password47', 'USA'),
    ('U48', 'utente48@example.com', 'Arianna', 'Verde', 0, 'password48', 'USA'),
    ('U49', 'utente49@example.com', 'Luigi', 'Giallo', 0, 'password49', 'USA'),
    ('U50', 'utente50@example.com', 'Valentina', 'Rosa', 0, 'password50', 'Italia'),
    ('U51', 'utente51@example.com', 'Riccardo', 'Rossi', 0, 'password51', 'Italia'),
    ('U52', 'utente52@example.com', 'Eleonora', 'Bianchi', 0, 'password52', 'Italia'),
    ('U53', 'utente53@example.com', 'Lorenzo', 'Verdi', 0, 'password53', 'Italia'),
    ('U54', 'utente54@example.com', 'Giovanna', 'Neri', 0, 'password54', 'Italia'),
    ('U55', 'utente55@example.com', 'Marco', 'Gialli', 0, 'password55', 'Italia'),
    ('U56', 'utente56@example.com', 'Sara', 'Rosa', 0, 'password56', 'Italia'),
    ('U57', 'utente57@example.com', 'Alessio', 'Blu', 0, 'password57', 'Italia'),
    ('U58', 'utente58@example.com', 'Elena', 'Arancio', 0, 'password58', 'Italia'),
    ('U59', 'utente59@example.com', 'Fabio', 'Celeste', 0, 'password59', 'Italia'),
    ('U60', 'utente60@example.com', 'Anna', 'Marrone', 0, 'password60', 'Italia');

INSERT INTO Fattura (`Tariffa`, `DataEmissione`, `Scadenza`, `Utente`, `CartaDiCredito`)
VALUES
    (1, '2023-01-01', '2023-01-31', 'U1', 1111222233334444),
    (2, '2023-02-01', '2023-02-28', 'U2', 1111222233334445),
    (3, '2023-03-01', '2023-03-31', 'U3', 1111222233334446),
    (4, '2023-04-01', '2023-04-30', 'U4', 1111222233334447),
    (5, '2023-05-01', '2023-05-31', 'U5', 1111222233334448),
    (6, '2023-06-01', '2023-06-30', 'U6', 1111222233334449),
    (7, '2023-07-01', '2023-07-31', 'U7', 1111222233334450),
    (8, '2023-08-01', '2023-08-31', 'U8', 1111222233334451),
    (9, '2023-09-01', '2023-09-30', 'U9', 1111222233334452),
    (10, '2023-10-01', '2023-10-31', 'U10', 1111222233334453),
    (11, '2023-11-01', '2023-11-30', 'U11', 1111222233334454),
    (12, '2023-12-01', '2023-12-31', 'U12', 1111222233334455),
    (13, '2024-01-01', '2024-01-31', 'U13', 1111222233334456),
    (14, '2024-02-01', '2024-02-29', 'U14', 1111222233334457),
    (15, '2024-03-01', '2024-03-31', 'U15', 1111222233334458),
    (16, '2024-04-01', '2024-04-30', 'U16', 1111222233334459),
    (17, '2024-05-01', '2024-05-31', 'U17', 1111222233334460),
    (18, '2024-06-01', '2024-06-30', 'U18', 1111222233334461),
    (19, '2024-07-01', '2024-07-31', 'U19', 1111222233334462),
    (20, '2024-08-01', '2024-08-31', 'U20', 1111222233334463),
    (21, '2024-09-01', '2024-09-30', 'U21', 1111222233334464),
    (22, '2024-10-01', '2024-10-31', 'U22', 1111222233334465),
    (23, '2024-11-01', '2024-11-30', 'U23', 1111222233334466),
    (24, '2024-12-01', '2024-12-31', 'U24', 1111222233334467),
    (25, '2025-01-01', '2025-01-31', 'U25', 1111222233334468),
    (26, '2025-02-01', '2025-02-28', 'U26', 1111222233334469),
    (27, '2025-03-01', '2025-03-31', 'U27', 1111222233334470),
    (28, '2025-04-01', '2025-04-30', 'U28', 1111222233334471),
    (29, '2025-05-01', '2025-05-31', 'U29', 1111222233334472),
    (30, '2025-06-01', '2025-06-30', 'U30', 1111222233334473),
    (31, '2025-07-01', '2025-07-31', 'U31', 1111222233334474),
    (32, '2025-08-01', '2025-08-31', 'U32', 1111222233334475),
    (33, '2025-09-01', '2025-09-30', 'U33', 1111222233334476),
    (34, '2025-10-01', '2025-10-31', 'U34', 1111222233334477),
    (35, '2025-11-01', '2025-11-30', 'U35', 1111222233334478),
    (36, '2025-12-01', '2025-12-31', 'U36', 1111222233334479),
    (37, '2026-01-01', '2026-01-31', 'U37', 1111222233334480),
    (38, '2026-02-01', '2026-02-28', 'U38', 1111222233334481),
    (39, '2026-03-01', '2026-03-31', 'U39', 1111222233334482),
    (40, '2026-04-01', '2026-04-30', 'U40', 1111222233334483),
    (41, '2026-05-01', '2026-05-31', 'U41', 1111222233334484),
    (42, '2026-06-01', '2026-06-30', 'U42', 1111222233334485),
    (43, '2026-07-01', '2026-07-31', 'U43', 1111222233334486),
    (44, '2026-08-01', '2026-08-31', 'U44', 1111222233334487),
    (45, '2026-09-01', '2026-09-30', 'U45', 1111222233334488),
    (46, '2026-10-01', '2026-10-31', 'U46', 1111222233334489),
    (47, '2026-11-01', '2026-11-30', 'U47', 1111222233334490),
    (48, '2026-12-01', '2026-12-31', 'U48', 1111222233334491),
    (49, '2027-01-01', '2027-01-31', 'U49', 1111222233334492),
    (50, '2027-02-01', '2027-02-28', 'U50', 1111222233334493);

INSERT INTO CartaDiCredito (`NumeroCarta`, `Scadenza`, `CVV`, `Utente`)
VALUES
    (1111222233334444, '2024-12-31', 123, 'U1'),
    (1111222233334445, '2025-12-31', 456, 'U2'),
    (1111222233334446, '2026-12-31', 789, 'U3'),
    (1111222233334447, '2027-12-31', 234, 'U4'),
    (1111222233334448, '2028-12-31', 567, 'U5'),
    (1111222233334449, '2029-12-31', 890, 'U6'),
    (1111222233334450, '2030-12-31', 321, 'U7'),
    (1111222233334451, '2031-12-31', 654, 'U8'),
    (1111222233334452, '2032-12-31', 987, 'U9'),
    (1111222233334453, '2033-12-31', 432, 'U10'),
    (1111222233334454, '2034-12-31', 765, 'U11'),
    (1111222233334455, '2035-12-31', 098, 'U12'),
    (1111222233334456, '2036-12-31', 876, 'U13'),
    (1111222233334457, '2037-12-31', 543, 'U14'),
    (1111222233334458, '2038-12-31', 210, 'U15'),
    (1111222233334459, '2039-12-31', 321, 'U16'),
    (1111222233334460, '2040-12-31', 543, 'U17'),
    (1111222233334461, '2041-12-31', 765, 'U18'),
    (1111222233334462, '2042-12-31', 987, 'U19'),
    (1111222233334463, '2043-12-31', 109, 'U20'),
    (1111222233334464, '2044-12-31', 876, 'U21'),
    (1111222233334465, '2045-12-31', 543, 'U22'),
    (1111222233334466, '2046-12-31', 210, 'U23'),
    (1111222233334467, '2047-12-31', 321, 'U24'),
    (1111222233334468, '2048-12-31', 543, 'U25'),
    (1111222233334469, '2049-12-31', 765, 'U26'),
    (1111222233334470, '2050-12-31', 987, 'U27'),
    (1111222233334471, '2051-12-31', 210, 'U28'),
    (1111222233334472, '2052-12-31', 432, 'U29'),
    (1111222233334473, '2053-12-31', 654, 'U30'),
    (1111222233334474, '2054-12-31', 876, 'U31'),
    (1111222233334475, '2055-12-31', 098, 'U32'),
    (1111222233334476, '2056-12-31', 321, 'U33'),
    (1111222233334477, '2057-12-31', 543, 'U34'),
    (1111222233334478, '2058-12-31', 765, 'U35'),
    (1111222233334479, '2059-12-31', 987, 'U36'),
    (1111222233334480, '2060-12-31', 210, 'U37'),
    (1111222233334481, '2061-12-31', 432, 'U38'),
    (1111222233334482, '2062-12-31', 654, 'U39'),
    (1111222233334483, '2063-12-31', 876, 'U40'),
    (1111222233334484, '2064-12-31', 098, 'U41'),
    (1111222233334485, '2065-12-31', 321, 'U42'),
    (1111222233334486, '2066-12-31', 543, 'U43'),
    (1111222233334487, '2067-12-31', 765, 'U44'),
    (1111222233334488, '2068-12-31', 987, 'U45'),
    (1111222233334489, '2069-12-31', 210, 'U46'),
    (1111222233334490, '2070-12-31', 432, 'U47'),
    (1111222233334491, '2071-12-31', 654, 'U48'),
    (1111222233334492, '2072-12-31', 876, 'U49'),
    (1111222233334493, '2073-12-31', 098, 'U50');


INSERT INTO Acquisto (`Utente`, `Abbonamento`, `InizioAbbonamento`)
VALUES
    ('U1', 'Pro', '2023-01-01'),
    ('U2', 'Deluxe', '2023-01-02'),
    ('U3', 'Basic', '2023-01-03'),
    ('U4', 'Basic', '2023-01-04'),
    ('U5', 'Ultimate', '2023-01-05'),
    ('U6', 'Premium', '2023-01-06'),
    ('U7', 'Deluxe', '2023-01-07'),
    ('U8', 'Basic', '2023-01-08'),
    ('U9', 'Pro', '2023-01-09'),
    ('U10', 'Premium', '2023-01-10'),
    ('U11', 'Deluxe', '2023-01-11'),
    ('U12', 'Basic', '2023-01-12'),
    ('U13', 'Ultimate', '2023-01-13'),
    ('U14', 'Premium', '2023-01-14'),
    ('U15', 'Pro', '2023-01-15'),
    ('U16', 'Ultimate', '2023-01-16'),
    ('U17', 'Deluxe', '2023-01-17'),
    ('U18', 'Premium', '2023-01-18'),
    ('U19', 'Basic', '2023-01-19'),
    ('U20', 'Pro', '2023-01-20'),
    ('U21', 'Premium', '2023-01-21'),
    ('U22', 'Ultimate', '2023-01-22'),
    ('U23', 'Basic', '2023-01-23'),
    ('U24', 'Pro', '2023-01-24'),
    ('U25', 'Deluxe', '2023-01-25'),
    ('U26', 'Ultimate', '2023-01-26'),
    ('U27', 'Premium', '2023-01-27'),
    ('U28', 'Pro', '2023-01-28'),
    ('U29', 'Deluxe', '2023-01-29'),
    ('U30', 'Basic', '2023-01-30'),
    ('U31', 'Premium', '2023-01-31'),
    ('U32', 'Ultimate', '2023-02-01'),
    ('U33', 'Pro', '2023-02-02'),
    ('U34', 'Basic', '2023-02-03'),
    ('U35', 'Deluxe', '2023-02-04'),
    ('U36', 'Premium', '2023-02-05'),
    ('U37', 'Pro', '2023-02-06'),
    ('U38', 'Basic', '2023-02-07'),
    ('U39', 'Ultimate', '2023-02-08'),
    ('U40', 'Premium', '2023-02-09'),
    ('U41', 'Deluxe', '2023-02-10'),
    ('U42', 'Pro', '2023-02-11'),
    ('U43', 'Basic', '2023-02-12'),
    ('U44', 'Ultimate', '2023-02-13'),
    ('U45', 'Premium', '2023-02-14'),
    ('U46', 'Deluxe', '2023-02-15'),
    ('U47', 'Pro', '2023-02-16'),
    ('U48', 'Basic', '2023-02-17'),
    ('U49', 'Ultimate', '2023-02-18'),
    ('U50', 'Premium', '2023-02-19');

INSERT INTO Preferenza (`Nome`)
VALUES
	('Attori'),
	('Registi'),
	('Classici'),
	('Blockbusters');


INSERT INTO Selezione (`Utente`, `Preferenza`)
VALUES
    ('U1', 'Classici'),
    ('U2', 'BlockBusters'),
    ('U3', 'Attori'),
    ('U4', 'Classici'),
    ('U5', 'Registi'),
    ('U6', 'BlockBusters'),
    ('U7', 'Attori'),
    ('U8', 'Registi'),
    ('U9', 'Classici'),
    ('U10', 'BlockBusters'),
    ('U11', 'Attori'),
    ('U12', 'Registi'),
    ('U13', 'Classici'),
    ('U14', 'BlockBusters'),
    ('U15', 'Attori'),
    ('U16', 'Registi'),
    ('U17', 'Classici'),
    ('U18', 'BlockBusters'),
    ('U19', 'Attori'),
    ('U20', 'Registi'),
    ('U23', 'Attori'),
    ('U24', 'Registi'),

    ('U1', 'Attori'),
    ('U4', 'Registi'),
    ('U29', 'Classici'),
    ('U30', 'BlockBusters'),
    ('U31', 'Attori'),
    ('U32', 'Registi'),
    ('U33', 'Classici'),
    ('U34', 'BlockBusters'),
    ('U35', 'Attori'),
    ('U36', 'Registi'),
    ('U37', 'Classici'),
    ('U40', 'Registi'),
    ('U41', 'Classici'),
    ('U42', 'BlockBusters'),
    ('U24', 'Attori'),
    ('U37', 'Attori'),
    ('U38', 'Registi'),
    ('U38', 'Classici'),
    ('U38', 'BlockBusters'),
    ('U39', 'Attori'),
    ('U39', 'Classici'),
    ('U39', 'Registi'),
    ('U40', 'BlockBusters'),
    ('U40', 'Classici'),
    ('U40', 'Attori');

INSERT INTO RecensioneUtente (`Utente`, `Film`, `Data`, `Valore`)
VALUES
    ('U1', 15, '2023-01-01', 8),
    ('U1', 31, '2023-01-02', 3),
    ('U1', 47, '2023-01-03', 6),
    ('U2', 22, '2023-01-04', 9),
    ('U2', 8, '2023-01-05', 4),
    ('U2', 39, '2023-01-06', 7),
    ('U3', 1, '2023-01-07', 5),
    ('U3', 18, '2023-01-08', 10),
    ('U3', 44, '2023-01-09', 2),
    ('U4', 7, '2023-01-10', 6),
    ('U4', 15, '2023-01-11', 8),
    ('U4', 49, '2023-01-12', 1),
    ('U5', 12, '2023-01-13', 7),
    ('U5', 29, '2023-01-14', 4),
    ('U5', 36, '2023-01-15', 9),
    ('U6', 21, '2023-01-16', 5),
    ('U6', 4, '2023-01-17', 2),
    ('U6', 42, '2023-01-18', 10),
    ('U7', 10, '2023-01-19', 3),
    ('U7', 27, '2023-01-20', 6),
    ('U7', 45, '2023-01-21', 8),
    ('U8', 3, '2023-01-22', 9),
    ('U8', 19, '2023-01-23', 1),
    ('U8', 31, '2023-01-24', 5),
    ('U9', 14, '2023-01-25', 7),
    ('U9', 30, '2023-01-26', 4),
    ('U9', 37, '2023-01-27', 10),
    ('U10', 24, '2023-01-28', 2),
    ('U10', 41, '2023-01-29', 8),
    ('U10', 11, '2023-01-30', 6),
    ('U11', 17, '2023-01-31', 4),
    ('U11', 33, '2023-02-01', 9),
    ('U11', 50, '2023-02-02', 1),
    ('U12', 9, '2023-02-03', 5),
    ('U12', 26, '2023-02-04', 10),
    ('U12', 43, '2023-02-05', 3),
    ('U13', 6, '2023-02-06', 8),
    ('U13', 23, '2023-02-07', 7),
    ('U13', 40, '2023-02-08', 2),
    ('U14', 16, '2023-02-09', 5),
    ('U14', 32, '2023-02-10', 9),
    ('U14', 48, '2023-02-11', 1),
    ('U15', 13, '2023-02-12', 6),
    ('U15', 28, '2023-02-13', 4),
    ('U15', 35, '2023-02-14', 10),
    ('U16', 20, '2023-02-15', 3),
    ('U16', 2, '2023-02-16', 7),
    ('U16', 38, '2023-02-17', 5),
    ('U17', 5, '2023-02-18', 9),
    ('U17', 36, '2023-02-19', 1),
    ('U17', 9, '2023-02-20', 5);

INSERT INTO Dispositivo (`Codice`, `Tipo`, `Risoluzione`, `AspectRatio`)
VALUES
    (1, 'Smartphone', 1080, 16/9),
    (2, 'Tablet', 1200, 4/3),
    (3, 'Smart TV', 2160, 16/9),
    (4, 'Laptop', 1440, 16/10),
    (5, 'Desktop PC', 1080, 16/9),
    (8, 'Gaming Console', 2160, 16/9),
    (9, 'Digital Camera', 4608, 4/3),
    (10, 'Drone', 3840, 16/9),
    (11, 'Action Camera', 2704, 4/3),
    (12, 'Car Infotainment', 800, 16/9),
    (17, 'VR Headset', 2160, 16/9),
    (18, 'Home Security Camera', 1080, 16/9),
    (28, 'Smart Doorbell', 1080, 16/9),
    (35, 'Car Dash Cam', 2160, 16/9),
    (37, 'Game Controller', 0, 0),
    (48, 'TV Soundbar', 0, 0),
    (13, 'Smartphone', 1080, 16/9),
    (14, 'Tablet', 1200, 4/3),
    (15, 'Smart TV', 2160, 16/9),
    (16, 'Laptop', 1440, 16/10),
    (19, 'Desktop PC', 1080, 16/9),
    (20, 'Gaming Console', 2160, 16/9),
    (21, 'Digital Camera', 4608, 4/3),
    (22, 'Drone', 3840, 16/9),
    (23, 'Action Camera', 2704, 4/3),
    (24, 'Car Infotainment', 800, 16/9),
    (25, 'Smartphone', 1080, 16/9),
    (26, 'Tablet', 1200, 4/3),
    (27, 'Smart TV', 2160, 16/9),
    (29, 'Laptop', 1440, 16/10),
    (30, 'Desktop PC', 1080, 16/9),
    (31, 'Gaming Console', 2160, 16/9),
    (32, 'Digital Camera', 4608, 4/3),
    (33, 'Drone', 3840, 16/9),
    (34, 'Action Camera', 2704, 4/3),
    (36, 'Car Infotainment', 800, 16/9),
    (38, 'VR Headset', 2160, 16/9),
    (39, 'Home Security Camera', 1080, 16/9),
    (40, 'Smartphone', 1080, 16/9),
    (41, 'Tablet', 1200, 4/3),
    (42, 'Smart TV', 2160, 16/9),
    (43, 'Laptop', 1440, 16/10),
    (44, 'Desktop PC', 1080, 16/9),
    (45, 'Gaming Console', 2160, 16/9),
    (46, 'Digital Camera', 4608, 4/3),
    (47, 'Drone', 3840, 16/9),
    (49, 'Action Camera', 2704, 4/3),
    (50, 'Car Infotainment', 800, 16/9),
    (51, 'VR Headset', 2160, 16/9),
    (52, 'Home Security Camera', 1080, 16/9),
    (53, 'Smartphone', 1080, 16/9),
    (54, 'Tablet', 1200, 4/3),
    (55, 'Smart TV', 2160, 16/9),
    (56, 'Laptop', 1440, 16/10),
    (57, 'Desktop PC', 1080, 16/9),
    (58, 'Gaming Console', 2160, 16/9),
    (59, 'Digital Camera', 4608, 4/3),
    (60, 'Drone', 3840, 16/9),
    (61, 'Action Camera', 2704, 4/3),
    (62, 'Car Infotainment', 800, 16/9),
    (63, 'VR Headset', 2160, 16/9),
    (64, 'Home Security Camera', 1080, 16/9),
    (65, 'Game Controller', 0, 0),
    (66, 'TV Soundbar', 0, 0),
    (67, 'Smartphone', 1080, 16/9),
    (68, 'Tablet', 1200, 4/3),
    (69, 'Smart TV', 2160, 16/9),
    (70, 'Laptop', 1440, 16/10),
    (71, 'Desktop PC', 1080, 16/9),
    (72, 'Gaming Console', 2160, 16/9),
    (73, 'Digital Camera', 4608, 4/3),
    (74, 'Drone', 3840, 16/9),
    (75, 'Action Camera', 2704, 4/3),
    (76, 'Car Infotainment', 800, 16/9);

	
INSERT INTO Connessione (`Inizio`, `Dispositivo`, `Ip`, `Fine`, `Utente`)
VALUES
    ('2023-01-01 08:00:00', 1, 167772161, '2023-01-01 10:00:00', 'U1'),
    ('2023-01-02 10:30:00', 2, 167772162, '2023-01-02 12:45:00', 'U2'),
    ('2023-01-03 12:15:00', 3, 167772163, '2023-01-03 14:30:00', 'U3'),
    ('2023-01-04 14:45:00', 4, 167772164, '2023-01-04 16:00:00', 'U4'),
    ('2023-01-05 16:30:00', 5, 167772165, '2023-01-05 18:45:00', 'U5'),
    ('2023-01-06 18:15:00', 6, 167772166, '2023-01-06 20:30:00', 'U6'),
    ('2023-01-07 20:45:00', 7, 167772167, '2023-01-07 22:00:00', 'U7'),
    ('2023-01-08 22:30:00', 8, 167772168, '2023-01-08 23:45:00', 'U8'),
    ('2023-01-09 00:15:00', 9, 167772169, '2023-01-09 02:30:00', 'U9'),
    ('2023-01-10 02:45:00', 10, 167772170, '2023-01-10 04:00:00', 'U10'),
    ('2023-01-11 04:30:00', 11, 167772171, '2023-01-11 06:45:00', 'U11'),
    ('2023-01-12 06:15:00', 12, 167772172, '2023-01-12 08:30:00', 'U12'),
    ('2023-01-13 08:45:00', 13, 167772173, '2023-01-13 10:00:00', 'U13'),
    ('2023-01-14 10:30:00', 14, 167772174, '2023-01-14 12:45:00', 'U14'),
    ('2023-01-15 12:15:00', 15, 167772175, '2023-01-15 14:30:00', 'U15'),
    ('2023-01-16 14:45:00', 16, 167772176, '2023-01-16 16:00:00', 'U16'),
    ('2023-01-17 16:30:00', 17, 167772177, '2023-01-17 18:45:00', 'U17'),
    ('2023-01-18 18:15:00', 18, 167772178, '2023-01-18 20:30:00', 'U18'),
    ('2023-01-19 20:45:00', 19, 167772179, '2023-01-19 22:00:00', 'U19'),
    ('2023-01-20 22:30:00', 20, 167772180, '2023-01-20 23:45:00', 'U20'),
    ('2023-01-21 00:15:00', 21, 167772181, '2023-01-21 02:30:00', 'U21'),
    ('2023-01-22 02:45:00', 22, 167772182, '2023-01-22 04:00:00', 'U22'),
    ('2023-01-23 04:30:00', 23, 167772183, '2023-01-23 06:45:00', 'U23'),
    ('2023-01-24 06:15:00', 24, 167772184, '2023-01-24 08:30:00', 'U24'),
    ('2023-01-25 08:45:00', 25, 167772185, '2023-01-25 10:00:00', 'U25'),
    ('2023-01-26 10:30:00', 26, 167772186, '2023-01-26 12:45:00', 'U26'),
    ('2023-01-27 12:15:00', 27, 167772187, '2023-01-27 14:30:00', 'U27'),
    ('2023-01-28 14:45:00', 28, 167772188, '2023-01-28 16:00:00', 'U28'),
    ('2023-01-29 16:30:00', 29, 167772189, '2023-01-29 18:45:00', 'U29'),
    ('2023-01-30 18:15:00', 30, 167772190, '2023-01-30 20:30:00', 'U30'),
    ('2023-01-31 20:45:00', 31, 167772191, '2023-01-31 22:00:00', 'U31'),
    ('2023-02-01 22:30:00', 32, 167772192, '2023-02-01 23:45:00', 'U32'),
    ('2023-02-02 00:15:00', 33, 167772193, '2023-02-02 02:30:00', 'U33'),
    ('2023-02-03 02:45:00', 34, 167772194, '2023-02-03 04:00:00', 'U34'),
    ('2023-02-04 04:30:00', 35, 167772195, '2023-02-04 06:45:00', 'U35'),
    ('2023-02-05 06:15:00', 36, 167772196, '2023-02-05 08:30:00', 'U36'),
    ('2023-02-06 08:45:00', 37, 167772197, '2023-02-06 10:00:00', 'U37'),
    ('2023-02-07 10:30:00', 38, 167772198, '2023-02-07 12:45:00', 'U38'),
    ('2023-02-08 12:15:00', 39, 167772199, '2023-02-08 14:30:00', 'U39'),
    ('2023-02-09 14:45:00', 40, 167772200, '2023-02-09 16:00:00', 'U40'),
    ('2023-02-10 16:30:00', 41, 167772201, '2023-02-10 18:45:00', 'U41'),
    ('2023-02-11 18:15:00', 42, 167772202, '2023-02-11 20:30:00', 'U42'),
    ('2023-02-12 20:45:00', 43, 167772203, '2023-02-12 22:00:00', 'U43'),
    ('2023-02-13 22:30:00', 44, 167772204, '2023-02-13 23:45:00', 'U44'),
    ('2023-02-14 00:15:00', 45, 167772205, '2023-02-14 02:30:00', 'U45'),
    ('2023-02-15 02:45:00', 46, 167772206, '2023-02-15 04:00:00', 'U46'),
    ('2023-02-16 04:30:00', 47, 167772207, '2023-02-16 06:45:00', 'U47'),
    ('2023-02-17 06:15:00', 48, 167772208, '2023-02-17 08:30:00', 'U48'),
    ('2023-02-18 08:45:00', 49, 167772209, '2023-02-18 10:00:00', 'U49'),
    ('2023-02-19 10:30:00', 50, 167772210, '2023-02-19 12:45:00', 'U50');


INSERT INTO `Server` (`Codice`, `LarghezzaDiBanda`, `CapacitaMassima`, `Longitudine`, `Latitudine`, `BandaAttuale`, `CapacitaAttuale`)
VALUES
    (1, 100000, 5000, 45, 12,0, 0),
    (2, 150000, 6000, -73, 40,0, 0),
    (3, 12000, 5500, 2, 48,0, 0),
    (4, 80000, 4000, -118, 34,0, 0),
    (5, 10000, 5000, 13, 52,0, 0),
    (6, 15000, 6000, -77, 39,0, 0),
    (7, 120000, 5500, 9, 45,0, 0),
    (8, 80000, 4000, -77, 38,0, 0),
    (9, 10000, 5000, 34, -23,0, 0),
    (10, 150000, 6000, -70, -33,0, 0),
    (11, 120000, 5500, -47, -15,0, 0),
    (12, 8000, 4000, 139, 35, 0, 0),
    (13, 100000, 5000, 35, 32,0, 0);

INSERT INTO Visualizzazione (Inizio, InizioConnessione, DispositivoConnessione, Fine, Server, FilmCodificato)
VALUES
    ('2023-01-01 08:00:00', '2023-01-01 08:00:00', 1, '2023-01-01 10:00:00', 1, 1),
    ('2023-01-02 10:30:00', '2023-01-02 10:30:00', 2, '2023-01-02 12:45:00', 2, 2),
    ('2023-01-03 12:15:00', '2023-01-03 12:15:00', 3, '2023-01-03 14:30:00', 3, 3),
    ('2023-01-04 14:45:00', '2023-01-04 14:45:00', 4, '2023-01-04 16:00:00', 4, 4),
    ('2023-01-05 16:30:00', '2023-01-05 16:30:00', 5, '2023-01-05 18:45:00', 5, 5),
    ('2023-01-06 18:15:00', '2023-01-06 18:15:00', 6, '2023-01-06 20:30:00', 6, 6),
    ('2023-01-07 20:45:00', '2023-01-07 20:45:00', 7, '2023-01-07 22:00:00', 7, 7),
    ('2023-01-08 22:30:00', '2023-01-08 22:30:00', 8, '2023-01-08 23:45:00', 8, 8),
    ('2023-01-09 00:15:00', '2023-01-09 00:15:00', 9, '2023-01-09 02:30:00', 9, 9),
    ('2023-01-10 02:45:00', '2023-01-10 02:45:00', 10, '2023-01-10 04:00:00', 10, 10),
    ('2023-01-11 04:30:00', '2023-01-11 04:30:00', 11, '2023-01-11 06:45:00', 11, 11),
    ('2023-01-12 06:15:00', '2023-01-12 06:15:00', 12, '2023-01-12 08:30:00', 12, 12),
    ('2023-01-13 08:45:00', '2023-01-13 08:45:00', 13, '2023-01-13 10:00:00', 13, 13),
    ('2023-01-14 10:30:00', '2023-01-14 10:30:00', 14, '2023-01-14 12:45:00', 1, 4),
    ('2023-01-15 12:15:00', '2023-01-15 12:15:00', 15, '2023-01-15 14:30:00', 2, 5),
    ('2023-01-16 14:45:00', '2023-01-16 14:45:00', 16, '2023-01-16 16:00:00', 3, 6),
    ('2023-01-17 16:30:00', '2023-01-17 16:30:00', 17, '2023-01-17 18:45:00', 4, 7),
    ('2023-01-18 18:15:00', '2023-01-18 18:15:00', 18, '2023-01-18 20:30:00', 5, 8),
    ('2023-01-19 20:45:00', '2023-01-19 20:45:00', 19, '2023-01-19 22:00:00', 6, 52),
    ('2023-01-20 22:30:00', '2023-01-20 22:30:00', 20, '2023-01-20 23:45:00', 7, 40),
    ('2023-01-21 00:15:00', '2023-01-21 00:15:00', 21, '2023-01-21 02:30:00', 8, 21),
    ('2023-01-22 02:45:00', '2023-01-22 02:45:00', 22, '2023-01-22 04:00:00', 9, 22),
    ('2023-01-23 04:30:00', '2023-01-23 04:30:00', 23, '2023-01-23 06:45:00', 10, 33),
    ('2023-01-24 06:15:00', '2023-01-24 06:15:00', 24, '2023-01-24 08:30:00', 1, 24),
    ('2023-01-25 08:45:00', '2023-01-25 08:45:00', 25, '2023-01-25 10:00:00', 5, 25),
    ('2023-01-26 10:30:00', '2023-01-26 10:30:00', 26, '2023-01-26 12:45:00', 6, 18),
    ('2023-01-27 12:15:00', '2023-01-27 12:15:00', 27, '2023-01-27 14:30:00', 7, 43),
    ('2023-01-28 14:45:00', '2023-01-28 14:45:00', 28, '2023-01-28 16:00:00', 8, 14),
    ('2023-01-29 16:30:00', '2023-01-29 16:30:00', 29, '2023-01-29 18:45:00', 9, 29),
    ('2023-01-30 18:15:00', '2023-01-30 18:15:00', 30, '2023-01-30 20:30:00', 10, 30),
    ('2023-01-31 20:45:00', '2023-01-31 20:45:00', 31, '2023-01-31 22:00:00', 1, 11),
    ('2023-02-01 22:30:00', '2023-02-01 22:30:00', 32, '2023-02-01 23:45:00', 2, 13),
    ('2023-02-02 00:15:00', '2023-02-02 00:15:00', 33, '2023-02-02 02:30:00', 3, 43),
    ('2023-02-03 02:45:00', '2023-02-03 02:45:00', 34, '2023-02-03 04:00:00', 4, 34),
    ('2023-02-04 04:30:00', '2023-02-04 04:30:00', 35, '2023-02-04 06:45:00', 5, 35),
    ('2023-02-05 06:15:00', '2023-02-05 06:15:00', 36, '2023-02-05 08:30:00', 6, 36),
    ('2023-02-06 08:45:00', '2023-02-06 08:45:00', 37, '2023-02-06 10:00:00', 7, 37),
    ('2023-02-07 10:30:00', '2023-02-07 10:30:00', 38, '2023-02-07 12:45:00', 8, 38),
    ('2023-02-08 12:15:00', '2023-02-08 12:15:00', 39, '2023-02-08 14:30:00', 9, 39),
    ('2023-02-09 14:45:00', '2023-02-09 14:45:00', 40, '2023-02-09 16:00:00', 10, 40),
    ('2023-02-10 16:30:00', '2023-02-10 16:30:00', 41, '2023-02-10 18:45:00', 1, 41),
    ('2023-02-11 18:15:00', '2023-02-11 18:15:00', 42, '2023-02-11 20:30:00', 2, 42),
    ('2023-02-12 20:45:00', '2023-02-12 20:45:00', 43, '2023-02-12 22:00:00', 3, 43),
    ('2023-02-13 22:30:00', '2023-02-13 22:30:00', 44, '2023-02-13 23:45:00', 4, 44),
    ('2023-02-14 00:15:00', '2023-02-14 00:15:00', 45, '2023-02-14 02:30:00', 5, 45),
    ('2023-02-15 02:45:00', '2023-02-15 02:45:00', 46, '2023-02-15 04:00:00', 6, 46),
    ('2023-02-16 04:30:00', '2023-02-16 04:30:00', 47, '2023-02-16 06:45:00', 7, 47),
    ('2023-02-17 06:15:00', '2023-02-17 06:15:00', 48, '2023-02-17 08:30:00', 8, 48),
    ('2023-02-18 08:45:00', '2023-02-18 08:45:00', 49, '2023-02-18 10:00:00', 9, 49),
    ('2023-02-19 10:30:00', '2023-02-19 10:30:00', 50, '2023-02-19 12:45:00', 10, 35);
    
INSERT INTO `FilmCodificato` (`Codice`, `Lunghezza`, `Dimensione`, `Film`, `FormatoAudio`, `FormatoVideo`)
VALUES
    (1, 120, 1500, 1, 'AAC', 'H264_720p'),
    (2, 95, 1200, 2, 'WAV', 'VP9_720p'),
    (3, 110, 1400, 3, 'DTS', 'H265_1080p'),
    (4, 80, 1000, 4, 'MP3', 'AV1_480p'),
    (5, 135, 1800, 5, 'FLAC', 'H264_1080p'),
    (6, 105, 1300, 6, 'AC3', 'H265_4k'),
    (7, 115, 1600, 7, 'AAC', 'VP9_720p'),
    (8, 100, 1200, 8, 'DTS', 'AV1_1080p'),
    (9, 90, 1100, 9, 'FLAC', 'H264_4k'),
    (10, 125, 1700, 10, 'AAC', 'h265_720p'),
    (11, 85, 1050, 11, 'DTS', 'H264_1080p'),
    (12, 130, 1900, 12, 'MP3', 'VP9_4K'),
    (13, 95, 1300, 13, 'AC3', 'H265_4k'),
    (14, 110, 1500, 14, 'AAC', 'H265_1080p'),
    (15, 100, 1200, 15, 'FLAC', 'AV1_1080p'),
    (16, 85, 1000, 16, 'WMA', 'H264_720p'),
    (17, 120, 1600, 17, 'DTS', 'h265_720p'),
    (18, 95, 1300, 18, 'AAC', 'VP9_4K'),
    (19, 115, 1700, 19, 'FLAC', 'AV1_1080p'),
    (20, 90, 1100, 20, 'DTS', 'H265_4k'),
    (21, 105, 1400, 21, 'AAC', 'H264_720p'),
    (22, 80, 950, 22, 'AC3', 'H264_720p'),
    (23, 125, 1800, 23, 'FLAC', 'VP9_4K'),
    (24, 110, 1500, 24, 'AAC', 'AV1_1080p'),
    (25, 95, 1300, 25, 'WAV', 'H265_1080p'),
    (26, 100, 1200, 26, 'DTS', 'AV1_1080p'),
    (27, 105, 1400, 27, 'AAC', 'H264_4k'),
    (28, 90, 1100, 28, 'AC3', 'h265_720p'),
    (29, 80, 1000, 29, 'MP3', 'H264_720p'),
    (30, 115, 1600, 30, 'AAC', 'AV1_480p'),
    (31, 135, 1900, 31, 'FLAC', 'VP9_4K'),
    (32, 95, 1300, 32, 'DTS', 'H264_1080p'),
    (33, 110, 1500, 33, 'AAC', 'AV1_1080p'),
    (34, 85, 1000, 34, 'WMA', 'H264_720p'),
    (35, 120, 1600, 35, 'DTS', 'H265_4k'),
    (36, 95, 1300, 36, 'AAC', 'H265_1080p'),
    (37, 100, 1200, 37, 'FLAC', 'AV1_480p'),
    (38, 105, 1400, 38, 'DTS', 'H264_720p'),
    (39, 90, 1100, 39, 'AAC', 'H265_4k'),
    (40, 80, 1000, 40, 'AC3', 'VP9_720p'),
    (41, 115, 1600, 41, 'DTS', 'AV1_480p'),
    (42, 95, 1300, 42, 'AAC', 'H265_1080p'),
    (43, 110, 1500, 43, 'WAV', 'H265_4k'),
    (44, 85, 1000, 44, 'MP3', 'VP9_720p'),
    (45, 100, 1200, 45, 'FLAC', 'AV1_1080p'),
    (46, 95, 1300, 46, 'DTS', 'H264_720p'),
    (47, 110, 1400, 47, 'AAC', 'VP9_4K'),
    (48, 85, 1000, 48, 'DTS', 'H264_720p'),
    (49, 120, 1600, 49, 'FLAC', 'AV1_1080p'),
    (50, 95, 1300, 50, 'WAV', 'H265_4k');

INSERT INTO `PossessoServer` (`Server`, `FilmCodificato`)
VALUES
    (8, 34),
    (12, 12),
    (3, 16),
    (1, 1),
    (4, 43),
    (11, 37),
    (5, 5),
    (10, 23),
    (6, 6),
    (9, 48),
    (13, 26),
    (7, 7),
    (2, 41),
    (1, 14),
    (5, 18),
    (8, 47),
    (10, 10),
    (3, 29),
    (2, 2),
    (4, 4),
    (9, 9),
    (12, 25),
    (7, 20),
    (11, 24),
    (6, 19),
    (8, 8),
    (1, 27),
    (3, 42),
    (5, 44),
    (13, 13),
    (9, 22),
    (4, 30),
    (10, 36),
    (7, 33),
    (11, 50),
    (6, 45),
    (2, 15),
    (12, 38),
    (1, 40),
    (3, 3),
    (9, 35),
    (13, 39),
    (4, 17),
    (8, 21),
    (5, 31),
    (10, 49),
    (2, 28);







	