USE filmsphere;

-- Popolamento della tabella Abbonamenti
INSERT INTO Abbonamenti (Nome, Tariffa, MassimoOre, GbMensili, Durata)
VALUES
("Basic", 0, 2, 20, 30),
("Premium", 10, NULL, NULL, 30),
("Deluxe", 11, NULL, NULL, 30),
("Pro", 15, NULL, NULL, 30),
("Ultimate", 17, NULL, NULL, 30);

-- Popolamento della tabella Utenti 
-- NOTA: nella sezione Password_ andrebbe l'hash e non la password in chiaro, tuttavia per semplicità
-- abbiamo lasciato le password in chiaro.
INSERT INTO Utenti (Nickname, Nome, Cognome, Email, Password_, Verificato, DataFine, Abbonamento)
VALUES
("john_doe", "John", "Doe", "john.doe@example.com", "password123", 0, "2023-10-05", "Basic"),
("jane_smith", "Jane", "Smith", "jane.smith@example.com", "password456", 0, "2023-10-15", "Premium"),
("thekingofpop", "Michael", "Jackson", "mj@hotmail.com", "password789", 1, "2023-10-25", "Deluxe"),
("emily_davis", "Emily", "Davis", "emily.davis@example.com", "passwordabc", 0, "2023-11-05", "Pro"),
("ryan_wilson", "Ryan", "Wilson", "ryan.wilson@example.com", "passworddef", 0, "2023-11-15", "Ultimate"),
("dettoattila", "Giuseppe", "Attadia", "giuseppe.attadia04@gmail.com", "passwordghi", 0, "2023-11-25", "Premium"),
("nsmmdn", "Niccolò", "Migliori", "nm.migliori@gmail.com", "passwordjkl", 0, "2023-10-01", "Pro"),
("amy_campbell", "Amy", "Campbell", "amy.campbell@example.com", "passwordmno", 0, "2023-10-10", "Basic"),
("chris_thompson", "Chris", "Thompson", "chris.thompson@example.com", "passwordpqr", 0, "2023-10-20", "Deluxe"),
("gogadgetgo", "Inspector", "Gadget", "contact@pennygadget.com", "bravo", 0, "2023-11-01", "Pro"),
("maxpezzali", "Max", "Pezzali", "883@gmail.com", "seiunmito", 0, "2023-10-05", "Ultimate"),
("rinogattuso", "Gennaro", "Gattuso", "rinogattuso@gmail.com", "ringhio", 0, "2023-10-15", "Premium"),
("brian_king", "Brian", "King", "brian.king@example.com", "password234", 0, "2023-10-25", "Deluxe"),
("contemascetti", "Raffaello", "Mascetti", "raffaello.mascetti@example.com", "supercazzola69", 0, "2023-11-05", "Basic"), -- giustamente è un morto di fame
("kev.voi__", "Kevin", "Chiarello", "skadow@example.com", "password890", 0, "2023-11-15", "Ultimate"),
("bridgetjonesdiary", "Bridget", "Jones", "bridgetjones@example.com", "passwordabc2", 0, "2023-11-25", "Premium"),
("daniel_white", "Daniel", "White", "daniel.white@example.com", "passworddef3", 0, "2023-10-01", "Pro"),
("cristiano", "Cristiano", "Ronaldo", "cr7@example.com", "passwordghi4", 0, "2023-10-10", "Ultimate"),
("officialjustinbieber", "Justin", "Bieber", "justin.bieber@example.com", "passwordjkl5", 0, "2023-10-20", "Deluxe"),
("ashley_carter", "Ashley", "Carter", "ashley.carter@example.com", "passwordmno6", 1, "2023-10-30", "Pro"),
("lauren_jenkins", "Lauren", "Jenkins", "lauren.jenkins@example.com", "passwordpqr7", 0, "2023-10-05", "Basic"),
("brandon_cooper", "Brandon", "Cooper", "brandon.cooper@example.com", "passwordstu8", 0, "2023-10-15", "Premium"),
("ilmorandini", "Morando", "Morandini", "morandini@ilmorandini.com", "passwordvwx9", 1, "2023-10-25", "Ultimate"),
("jason_richardson55", "Jason", "Richardson", "jason.richardson@example.com", "passwordyz10", 1, "2023-11-05", "Pro"),
("mariomario", "Mario", "Mario", "mario@smbplumbing.com", "peach", 0, "2023-11-15", "Ultimate"),
("luigimario", "Luigi", "Mario", "luigi@smbplumbing.com", "daisy", 0, "2023-11-25", "Deluxe"),
("erica_turner", "Erica", "Turner", "erica.turner@example.com", "password89013", 0, "2023-10-01", "Pro"),
("ntonellotto", "Nicola", "Tonellotto", "nicola.tonellotto@unipi.it", "passwordabc14", 1, "2023-10-10", "Deluxe"),
("pisto", "Francesco", "Pistolesi", "francesco.pistolesi@unipi.it", "passworddef15", 1, "2023-10-20", "Deluxe"),
("indagatoredellincubo", "Dylan", "Dog", "groucho@dylandog.com", "marinakimball", 1, "2023-10-30", "Pro"),
("jenniferturner9", "Jennifer", "Turner", "jennifer.turner@example.com", "passwordjkl17", 0, "2023-10-05", "Basic"),
("n_smith", "Nathan", "Smith", "nathan.smith@example.com", "passwordmno18", 0, "2023-10-15", "Premium"),
("mariorossi", "Mario", "Rossi", "mariorossi@esempio.it", "password", 0, "2023-10-25", "Basic"),
("brianneharris99", "Brianne", "Harris", "brianne.harris@example.com", "passwordstu20", 1, "2023-11-05", "Pro"),
("mickjagger", "Mark", "Taylor", "letters@rollingstones.com", "moveslikejagger", 1, "2023-11-15", "Ultimate"),
("hailey_robertson", "Hailey", "Robertson", "hailey.robertson@example.com", "passwordyz22", 1, "2023-11-25", "Premium"),
("pumpkineater69", "Peter", "Griffin", "peter.griffin@example.com", "shutupmeg", 0, "2023-10-01", "Pro"),
("amanda_brown", "Amanda", "Brown", "amanda.brown@example.com", "password56724", 0, "2023-10-10", "Basic"),
("charlie_morris", "Charlie", "Morris", "charliemorris@example.com", "password89025", 0, "2023-10-20", "Deluxe"),
("melissajackson", "Melissa", "Jackson", "melissa.jackson@example.com", "passwordabc26", 0, "2023-10-30", "Pro"),
("daniel_hill", "Daniel", "Hill", "daniel.hill@example.com", "passworddef27", 0, "2023-10-05", "Basic"),
("therealslimshady", "Marshall", "Mathers", "eminem@rapgod.com", "rapgod", 1, "2023-10-15", "Premium"),
("kevin_brooks", "Kevin", "Brooks", "kevin.brooks@example.com", "passwordjkl29", 0, "2023-10-25", "Deluxe"),
("rebecca_kelly", "Rebecca", "Kelly", "rebecca.kelly@example.com", "passwordmno30", 0, "2023-11-05", "Pro"),
("jacob_wood", "Jacob", "Wood", "jacob.wood@example.com", "passwordpqr31", 0, "2023-11-15", "Ultimate"),
("olivia_jenkins", "Olivia", "Jenkins", "olivia.jenkins@example.com", "passwordstu32", 0, "2023-11-25", "Premium"),
("ilmascio", "Michele", "Masciopinto", "ermascio@gmail.com", "fricamiccio", 0, "2023-10-01", "Pro"),
("sophie_adams", "Sophie", "Adams", "sophie.adams@example.com", "passwordyz34", 0, "2023-10-10", "Basic"),
("david_miller", "David", "Miller", "david.miller@example.com", "password23435", 0, "2023-10-20", "Deluxe"),
("natalie_smith", "Natalie", "Smith", "natalie.smith@example.com", "password56736", 0, "2023-10-30", "Pro"),
("emma_jackson", "Emma", "Jackson", "emma.jackson@example.com", "passwordabc37", 0, "2023-10-05", "Basic"),
("alexander_roberts", "Alexander", "Roberts", "alexander.roberts@example.com", "passworddef38", 0, "2023-10-15", "Premium"),
("marcogiustiblob", "Marco", "Giusti", "blob@rai.it", "passwordghi39", 1, "2023-10-25", "Deluxe"),
("roccotanicaeelst", "Sergio", "Conforti", "shpalman@gmail.com", "caratiamo", 0, "2023-11-05", "Pro"),
("lily_smith", "Lily", "Smith", "lily.smith@example.com", "passwordmno41", 0, "2023-11-15", "Ultimate"),
("logan_davis", "Logan", "Davis", "logan.davis@example.com", "passwordpqr42", 1, "2023-11-25", "Premium"),
("rogertaylor", "Roger", "Taylor", "contact@queen.uk", "radiogaga", 0, "2023-10-01", "Pro"),
("loziogerry", "Gerry", "Scotti", "gerryscotti@mediaset.it", "cadutalibera", 0, "2023-10-10", "Basic"),
("william_hall", "William", "Hall", "william.hall@example.com", "passwordyz45", 0, "2023-10-20", "Deluxe"),
("tek", "tek", "hall", "tek.hall@example.com", "password2323", 0, "2023-10-30", "Pro"),
("evan_walker", "Evan", "Walker", "evan.walker@example.com", "passworddef47", 0, "2023-10-05", "Basic"),
("hannah_harris", "Hannah", "Harris", "hannah.harris@example.com", "passwordghi48", 0, "2023-10-15", "Premium"),
("tyler_jones", "Tyler", "Jones", "tyler.jones@example.com", "passwordjkl49", 0, "2023-10-25", "Deluxe"),
("oliver_morris", "Oliver", "Morris", "oliver.morris@example.com", "passwordmno50", 0, "2023-11-05", "Pro"),
("natalie_wilson", "Natalie", "Wilson", "natalie.wilson@example.com", "passwordpqr51", 0, "2023-11-15", "Ultimate"),
("albertoangelarai", "Alberto", "Angela", "albertoangela@rai.it", "imperoromano", 1, "2023-11-25", "Premium"),
("ava_turner", "Ava", "Turner", "ava.turner@example.com", "passwordvwx53", 0, "2023-10-01", "Pro"),
("owen_brown", "Owen", "Brown", "owen.brown@example.com", "passwordyz54", 0, "2023-10-10", "Basic"),
("lillian_martin", "Lillian", "Martin", "lillian.martin@example.com", "password23455", 0, "2023-10-20", "Deluxe"),
("gabriel_clark", "Gabriel", "Clark", "gabriel.clark@example.com", "password56756", 0, "2023-10-30", "Pro"),
("emily_hall", "Emily", "Hall", "emily.hall@example.com", "passwordghi57", 0, "2023-10-05", "Basic"),
("connor_white", "Connor", "White", "connor.white@example.com", "passwordjkl58", 0, "2023-10-15", "Premium"),
("pietropacciani", "Pietro", "Pacciani", "ilpacciani@example.com", "montefiridolfi", 1, "2023-10-25", "Deluxe"),
("austin80", "Austin", "Taylor", "austin.taylor@example.com", "passwordpqr60", 0, "2023-11-05", "Pro"),
("s_miller", "Sophia", "Miller", "sophia.miller@example.com", "passwordstu61", 0, "2023-11-15", "Ultimate"),
("daniel_evans", "Daniel", "Evans", "daniel.evans@example.com", "passwordvwx62", 0, "2023-11-25", "Premium"),
("olivia_martin", "Olivia", "Martin", "olivia.martin@example.com", "passwordyz63", 0, "2023-10-01", "Pro"),
("cristinadavena_", "Cristina", "D'avena", "cristinadavena@mediaset.it", "kissmelicia", 1, "2023-10-10", "Basic"),
("miajackson44", "Mia", "Jackson", "mia.jackson@example.com", "password56765", 0, "2023-10-20", "Deluxe"),
("eziogreggioufficiale", "Ezio", "Greggio", "eziogreggiosuperstar@example.com", "enzinoiacchetti", 1, "2023-10-30", "Pro"),
("juliana_clark", "Juliana", "Clark", "juliana.clark@example.com", "passwordabc67", 1, "2023-10-05", "Basic"),
("wyatt_cook", "Wyatt", "Cook", "wyatt.cook@example.com", "passworddef68", 1, "2023-10-15", "Premium"),
("olivia_brooks", "Olivia", "Brooks", "olivia.brooks@example.com", "passwordghi69", 0, "2023-10-25", "Deluxe"),
("ilsassaroli", "Alfeo", "Sassaroli", "sassaroli@virgilio.it", "passwordjkl70", 0, "2023-11-05", "Pro"),
("zooeydeschanel", "Zooey", "Deschanel", "zooeydeschanel@example.com", "summerfinn", 1, "2023-11-15", "Ultimate"),
("cesarecesaroni", "Cesare", "Cesaroni", "cesare@garbatella.it", "cheamarezza", 0, "2023-11-25", "Basic"),
("aubrey_wilson", "Aubrey", "Wilson", "aubrey.wilson@example.com", "passwordstu73", 0, "2023-10-01", "Pro"),
("leo_smith", "Leo", "Smith", "leo.smith@example.com", "passwordvwx74", 0, "2023-10-10", "Basic"),
("lily_jones", "Lily", "Jones", "lily.jones@example.com", "passwordyz75", 1, "2023-10-20", "Deluxe"),
("mason_martin", "Mason", "Martin", "mason.martin@example.com", "password23476", 1, "2023-10-30", "Pro"),
("detectiveperalta", "Jake", "Peralta", "jakeperalta@example.com", "passwordabc77", 1, "2023-10-05", "Basic"),
("barneystinson", "Barney", "Stinson", "swarley@barney.com", "passworddef78", 1, "2023-10-15", "Premium"),
("emily_taylor", "Emily", "Taylor", "emily.taylor@example.com", "passwordghi79", 0, "2023-10-25", "Deluxe"),
("carter_davis", "Carter", "Davis", "carter.davis@example.com", "passwordjkl80", 0, "2023-11-05", "Pro"),
("hailey_clark", "Hailey", "Clark", "hailey.clark@example.com", "passwordmno81", 0, "2023-11-15", "Ultimate"),
("misschanandlerbong", "Chandler", "Bing", "chandlerbing@example.com", "monica", 1, "2023-11-25", "Premium"),
("chloewalker3260", "Chloe", "Walker", "chloe3260@example.com", "passwordstu83", 0, "2023-10-01", "Pro"),
("pinolalavatrice", "Pino", "La Lavatrice", "babbudoiu@example.com", "babbudoiu", 1, "2023-10-10", "Basic"),
("lilyyyyy__", "Lily", "Martin", "lilymartin@example.com", "passwordyz85", 0, "2023-10-20", "Deluxe"),
("gabibbobelandi", "Gabibbo", "Besugo", "gabibbo@mediaset.it", "tispaccolafaccia", 1, "2023-10-30", "Pro");


-- Popolamento della tabella Paesi
INSERT INTO paesi (nome)
VALUES
  ("Afghanistan"),
  ("Albania"),
  ("Algeria"),
  ("Andorra"),
  ("Angola"),
  ("Antigua e Barbuda"),
  ("Arabia Saudita"),
  ("Argentina"),
  ("Armenia"),
  ("Australia"),
  ("Austria"),
  ("Azerbaigian"),
  ("Bahamas"),
  ("Bahrein"),
  ("Bangladesh"),
  ("Barbados"),
  ("Belgio"),
  ("Belize"),
  ("Benin"),
  ("Bhutan"),
  ("Bielorussia"),
  ("Birmania"),
  ("Bolivia"),
  ("Bosnia ed Erzegovina"),
  ("Botswana"),
  ("Brasile"),
  ("Brunei"),
  ("Bulgaria"),
  ("Burkina Faso"),
  ("Burundi"),
  ("Cambogia"),
  ("Camerun"),
  ("Canada"),
  ("Capo Verde"),
  ("Ciad"),
  ("Cile"),
  ("Cina"),
  ("Cipro"),
  ("Colombia"),
  ("Comore"),
  ("Congo"),
  ("Corea del Nord"),
  ("Corea del Sud"),
  ("Costa d'Avorio"),
  ("Costa Rica"),
  ("Croazia"),
  ("Cuba"),
  ("Danimarca"),
  ("Dominica"),
  ("Ecuador"),
  ("Egitto"),
  ("El Salvador"),
  ("Emirati Arabi Uniti"),
  ("Eritrea"),
  ("Estonia"),
  ("Etiopia"),
  ("Figi"),
  ("Filippine"),
  ("Finlandia"),
  ("Francia"),
  ("Gabon"),
  ("Gambia"),
  ("Georgia"),
  ("Germania"),
  ("Ghana"),
  ("Giamaica"),
  ("Giappone"),
  ("Gibuti"),
  ("Grecia"),
  ("Grenada"),
  ("Guatemala"),
  ("Guinea"),
  ("Guinea-Bissau"),
  ("Guinea Equatoriale"),
  ("Guyana"),
  ("Haiti"),
  ("Honduras"),
  ("India"),
  ("Indonesia"),
  ("Iran"),
  ("Iraq"),
  ("Irlanda"),
  ("Islanda"),
  ("Isole Marshall"),
  ("Isole Salomone"),
  ("Israele"),
  ("Italia"),
  ("Kazakistan"),
  ("Kenya"),
  ("Kirghizistan"),
  ("Kiribati"),
  ("Kuwait"),
  ("Laos"),
  ("Lesotho"),
  ("Lettonia"),
  ("Libano"),
  ("Liberia"),
  ("Libia"),
  ("Liechtenstein"),
  ("Lituania"),
  ("Lussemburgo"),
  ("Macedonia del Nord"),
  ("Madagascar"),
  ("Malawi"),
  ("Maldive"),
  ("Malesia"),
  ("Mali"),
  ("Malta"),
  ("Marocco"),
  ("Mauritania"),
  ("Mauritius"),
  ("Messico"),
  ("Micronesia"),
  ("Moldavia"),
  ("Monaco"),
  ("Mongolia"),
  ("Montenegro"),
  ("Mozambico"),
  ("Namibia"),
  ("Nauru"),
  ("Nepal"),
  ("Nicaragua"),
  ("Niger"),
  ("Nigeria"),
  ("Norvegia"),
  ("Nuova Zelanda"),
  ("Oman"),
  ("Paesi Bassi"),
  ("Pakistan"),
  ("Palau"),
  ("Panama"),
  ("Papua Nuova Guinea"),
  ("Paraguay"),
  ("Perù"),
  ("Polonia"),
  ("Portogallo"),
  ("Qatar"),
  ("Regno Unito"),
  ("Repubblica Ceca"),
  ("Repubblica Centrafricana"),
  ("Repubblica del Congo"),
  ("Repubblica Dominicana"),
  ("Romania"),
  ("Ruanda"),
  ("Russia"),
  ("Saint Kitts e Nevis"),
  ("Saint Vincent e Grenadine"),
  ("Samoa"),
  ("San Marino"),
  ("Sao Tome e Principe"),
  ("Senegal"),
  ("Serbia"),
  ("Seychelles"),
  ("Sierra Leone"),
  ("Singapore"),
  ("Siria"),
  ("Slovacchia"),
  ("Slovenia"),
  ("Somalia"),
  ("Spagna"),
  ("Sri Lanka"),
  ("Stati Uniti"),
  ("Sudafrica"),
  ("Sudan"),
  ("Sudan del Sud"),
  ("Svezia"),
  ("Svizzera"),
  ("Suriname"),
  ("Swaziland"),
  ("Tagikistan"),
  ("Tanzania"),
  ("Thailandia"),
  ("Timor Est"),
  ("Togo"),
  ("Tonga"),
  ("Trinidad e Tobago"),
  ("Tunisia"),
  ("Turchia"),
  ("Turkmenistan"),
  ("Tuvalu"),
  ("Ucraina"),
  ("Uganda"),
  ("Ungheria"),
  ("Uruguay"),
  ("Uzbekistan"),
  ("Vanuatu"),
  ("Vaticano"),
  ("Venezuela"),
  ("Vietnam"),
  ("Yemen"),
  ("Zambia"),
  ("Zimbabwe");

-- Popolamento della tabella Persone
INSERT INTO Persone(Nome, Cognome, Nazionalità)
VALUES  
("Johnny", "Depp", "Stati Uniti"),
("Meryl", "Streep", "Stati Uniti"),
("Leonardo", "DiCaprio", "Stati Uniti"),
("Penelope", "Cruz", "Spagna"),
("Marion", "Cotillard", "Francia"),
("Tom", "Hanks", "Stati Uniti"),
("Julia", "Roberts", "Stati Uniti"),
("Brad", "Pitt", "Stati Uniti"),
("Chris", "Evans", "Stati Uniti"),
("Scarlett", "Johansson", "Stati Uniti"),
("Robert", "Downey Jr.", "Stati Uniti"),
("Hugh", "Jackman", "Australia"),
("Natalie", "Portman", "Israele"),
("Matt", "Damon", "Stati Uniti"),
("Cate", "Blanchett", "Australia"),
("Will", "Smith", "Stati Uniti"),
("Denzel", "Washington", "Stati Uniti"),
("Emma", "Stone", "Stati Uniti"),
("Ryan", "Gosling", "Canada"),
("Emma", "Watson", "Regno Unito"),
("Joaquin", "Phoenix", "Stati Uniti"),
("Anne", "Hathaway", "Stati Uniti"),
("Javier", "Bardem", "Spagna"),
("Kate", "Winslet", "Regno Unito"),
("Daniel", "Day-Lewis", "Regno Unito"),
("Morgan", "Freeman", "Stati Uniti"),
("Jennifer", "Lawrence", "Stati Uniti"),
("Al", "Pacino", "Stati Uniti"),
("Harrison", "Ford", "Stati Uniti"),
("Tom", "Cruise", "Stati Uniti"),
("Charlize", "Theron", "Sudafrica"),
("Nicole", "Kidman", "Australia"),
("Samuel", "L. Jackson", "Stati Uniti"),
("Jeff", "Bridges", "Stati Uniti"),
("Natalie", "Dormer", "Regno Unito"),
("Chris", "Hemsworth", "Australia"),
("Emma", "Thompson", "Regno Unito"),
("Benedict", "Cumberbatch", "Regno Unito"),
("Keira", "Knightley", "Regno Unito"),
("Eddie", "Redmayne", "Regno Unito"),
("Amy", "Adams", "Stati Uniti"),
("Mark", "Ruffalo", "Stati Uniti"),
("Bradley", "Cooper", "Stati Uniti"),
("Michelle", "Pfeiffer", "Stati Uniti"),
("Christian", "Bale", "Regno Unito"),
("Jennifer", "Aniston", "Stati Uniti"),
("Tom", "Hardy", "Regno Unito"),
("Mila", "Kunis", "Ucraina"),
("Alejandro", "Rodriguez", "Messico"),
("Sofia", "Petrov", "Russia"),
("Hans", "Müller", "Germania"),
("Vitor", "Santos", "Brasile"),
("Wei", "Chen", "Cina"),
("Xander", "Van Der Berg", "Brasile"),
("Yara", "Alves", "Brasile"),
("Zara", "Khan", "Pakistan"),
("Ivan", "Petrovic", "Serbia"),
("Katja", "Andersen", "Danimarca"),
("Liam", "Murphy", "Irlanda"),
("Noemi", "Costa", "Italia"),
("Oleg", "Popov", "Russia"),
("Pilar", "Hernandez", "Messico"),
("Raj", "Kapoor", "India"),
("Simone", "Rossi", "Italia"),
("Tarek", "Khalil", "Libano"),
("Ulla", "Larsen", "Norvegia"),
("Vasily", "Ivanov", "Russia"),
("Giovanna", "Moretti", "Italia"),
("Hector", "Ramirez", "Messico"),
("Irina", "Ivanova", "Russia"),
("Javier", "Lopez", "Spagna"),
("Kazuhiro", "Sato", "Giappone"),
("Lena", "Schmidt", "Germania"),
("Mikhail", "Ivanov", "Russia"),
("Nina", "Kovac", "Croazia"),
("Oscar", "Gonzalez", "Argentina"),
("Pia", "Larsson", "Svezia"),
("Qiang", "Li", "Cina"),
("Rosa", "Fernandez", "Spagna"),
("Satoshi", "Takahashi", "Giappone"),
("Tatiana", "Petrova", "Russia"),
("Ugo", "Ricci", "Italia"),
("Vera", "Ivanova", "Russia"),
("Wang", "Yong", "Cina"),
("Ximena", "Rodriguez", "Messico"),
("Yusuke", "Tanaka", "Giappone"),
("Zara", "Moreno", "Spagna"),
("Ahmed", "Mahmoud", "Egitto"),
("Olga", "Ivanova", "Russia"),
("Benjamin", "Schneider", "Germania"),
("Carmela", "Rizzo", "Italia"),
("Dmitri", "Ivanov", "Russia"),
("Elena", "Fuentes", "Messico"),
("Fumiko", "Yamamoto", "Giappone"),
("Gustavo", "Silva", "Brasile"),
("Hassan", "Ali", "Pakistan"),
("Ines", "Mendes", "Portogallo"),
("Jin", "Choi", "Corea del Sud");


-- Popolamento della tabella Film
INSERT INTO Film (titolo, descrizione, annodiproduzione, durata, paeseproduzione)
VALUES
("L'ombra del passato", "Descrizione casuale del film 2", 2010, 95, "Francia"),
("La notte senza fine", "Descrizione casuale del film 3", 2018, 100, "Stati Uniti"),
("L'amore proibito", "Descrizione casuale del film 4", 2008, 103,  "Spagna"),
("La strada del perdono", "Descrizione casuale del film 5", 2015, 105, "Germania"),
("Il segreto dell'abisso", "Descrizione casuale del film 6", 2012, 104, "Italia"),
("La danza del destino", "Descrizione casuale del film 7", 2019, 90, "Francia"),
("L'amore rubato", "Descrizione casuale del film 8", 2006, 115, "Stati Uniti"),
("La vendetta silenziosa", "Descrizione casuale del film 9", 2013, 140, "Spagna"),
("Il segreto svelato", "Descrizione casuale del film 10", 2011, 105, "Germania"),
("La promessa dimenticata", "Descrizione casuale del film 11", 2016, 121, "Italia"),
("L'isola dei ricordi", "Descrizione casuale del film 12", 2009, 95, "Francia"),
("Il segreto perduto", "Descrizione casuale del film 13", 2014, 121, "Stati Uniti"),
("La notte dei misteri", "Descrizione casuale del film 14", 2007, 122, "Spagna"),
("Il destino incerto", "Descrizione casuale del film 15", 2017, 121, "Germania"),
("Il segreto nascosto", "Descrizione casuale del film 16", 2010, 129, "Italia"),
("La melodia scomparsa", "Descrizione casuale del film 17", 2018, 90, "Francia"),
("L'ombra del passato", "Descrizione casuale del film 18", 2005, 121, "Stati Uniti"),
("Il segreto rivelato", "Descrizione casuale del film 19", 2013, 109, "Spagna"),
("Il destino in bilico", "Descrizione casuale del film 20", 2011, 98, "Germania"),
("La verità celata", "Descrizione casuale del film 21", 2012, 98, "Italia"),
("Il segreto svelato", "Descrizione casuale del film 22", 2019, 95, "Francia"),
("L'enigma del passato", "Descrizione casuale del film 23", 2006, 98, "Stati Uniti"),
("Il mistero svelato", "Descrizione casuale del film 24", 2014, 98, "Spagna"),
("Destino incerto", "Descrizione casuale del film 25", 2014, 135, "Germania"),
("L'enigma svelato", "Descrizione casuale del film 36", 2014, 99, "Italia"),
("Il segreto rivelato", "Descrizione casuale del film 37", 2021, 95, "Francia"),
("Il mistero del passato", "Descrizione casuale del film 38", 2009, 95, "Stati Uniti"),
("La verità rivelata", "Descrizione casuale del film 39", 2017, 96, "Spagna"),
("Destino incerto", "Descrizione casuale del film 40", 2014, 97, "Germania"),
("L'enigma svelato", "Descrizione casuale del film 41", 2015, 135, "Italia"),
("Il segreto rivelato", "Descrizione casuale del film 42", 2022, 135, "Francia"),
("Il mistero del passato", "Descrizione casuale del film 43", 2010, 136, "Stati Uniti"),
("La verità rivelata", "Descrizione casuale del film 44", 2018, 135, "Spagna"),
("Destino incerto", "Descrizione casuale del film 45", 2015, 150, "Germania"),
("L'enigma svelato", "Descrizione casuale del film 46", 2016, 94, "Italia"),
("Il segreto rivelato", "Descrizione casuale del film 47", 2023, 94, "Francia"),
("Il mistero del passato", "Descrizione casuale del film 48", 2011, 94, "Stati Uniti"),
("La verità rivelata", "Descrizione casuale del film 49", 2019, 98, "Spagna"),
("Destino incerto", "Descrizione casuale del film 50", 2016, 84, "Germania"),
("L'enigma svelato", "Descrizione casuale del film 51", 2017, 127, "Italia"),
("Il segreto rivelato", "Descrizione casuale del film 52", 2024, 136, "Francia"),
("Il mistero del passato", "Descrizione casuale del film 53", 2012, 140, "Stati Uniti"),
("La verità rivelata", "Descrizione casuale del film 54", 2010, 88, "Spagna"),
("Destino incerto", "Descrizione casuale del film 55", 2017, 88, "Germania"),
("L'enigma svelato", "Descrizione casuale del film 56", 2018, 79, "Italia"),
("Il segreto rivelato", "Descrizione casuale del film 57", 2022, 110, "Francia"),
("Il mistero del passato", "Descrizione casuale del film 58", 2013, 110, "Stati Uniti"),
("La verità rivelata", "Descrizione casuale del film 59", 2021, 116, "Spagna"),
("Destino incerto", "Descrizione casuale del film 60", 2018, 116, "Germania"),
("Titanic", "Una storia di amore sul celebre transatlantico", 1997, 195, "Stati Uniti"),
("Lo Squalo", "Un grande squalo minaccia una spiaggia", 1975, 124, "Stati Uniti"),
("Star Wars: Episodio IV", "La battaglia tra la luce e il lato oscuro", 1977, 121, "Stati Uniti"),
("Il Signore degli Anelli", "Una avventura epica nella Terra di Mezzo", 2001, 178, "Stati Uniti"),
("The Avengers - I Vendicatori", "I supereroi si uniscono per salvare il mondo", 2012, 143, "Stati Uniti"),
("Il Re Leone", "Un cucciolo di leone che diventa re della savana", 1994, 88, "Stati Uniti"),
("Il Signore degli Anelli: La Compagnia dell'Anello", "Un gruppo di eroi parte per distruggere un potente anello", 2001, 178, "Nuova Zelanda"),
("Pulp Fiction", "Le vicende di diversi personaggi nel mondo del crimine", 1994, 154, "Stati Uniti"),
("Forrest Gump", "La storia di un uomo con un quoziente intellettivo basso che vive momenti storici", 1994, 142, "Stati Uniti"),
("Il Padrino", "La storia di un potente boss della mafia italo-americana", 1972, 175, "Stati Uniti"),
("Il buono, il brutto, il cattivo", "Tre uomini cercano un tesoro durante la guerra civile americana", 1966, 161, "Italia"),
("Schindlers List", "La storia di un imprenditore tedesco che salva molti ebrei durante l'Olocausto", 1993, 195, "Stati Uniti"),
("Il Cavaliere Oscuro", "Batman affronta il Joker, un criminale psicopatico", 2008, 152, "Stati Uniti"),
("Inception", "Un gruppo di ladri entra nei sogni delle persone per rubare informazioni", 2010, 148, "Stati Uniti"),
("Il Gladiatore", "La storia di un gladiatore romano che cerca vendetta", 2010, 155, "Stati Uniti"),
("Fight Club", "Un uomo crea un club segreto di combattimento", 1999, 139, "Stati Uniti"),
("Il Signore degli Anelli: Le Due Torri", "La continuità dell'epica avventura per distruggere un potente anello", 2002, 179, "Nuova Zelanda"),
("Il Silenzio degli Innocenti", "Un giovane agente dell'FBI cerca di catturare un pericoloso serial killer", 1991, 118, "Stati Uniti"),
("C'era una volta in America", "La storia di un gruppo di gangster ebrei a New York", 1984, 229, "Stati Uniti"),
("La vita è bella", "Un padre cerca di far credere a suo figlio che il campo di concentramento sia solo un gioco", 1997, 116, "Italia"),
("Interstellar", "Un gruppo di astronauti viaggia attraverso il buco nero per salvare l'umanità", 2014, 169, "Stati Uniti"),
("Seven", "Due detective indagano su una serie di omicidi basati sui sette peccati capitali", 1995, 127, "Stati Uniti"),
("Il Signore degli Anelli: Il ritorno del re", "La conclusione dell'epica avventura per distruggere un potente anello", 2003, 201, "Nuova Zelanda"),
("Shawshank Redemption", "La storia di un uomo ingiustamente condannato che trova la redenzione in prigione", 1994, 142, "Stati Uniti"),
("Il Pianista", "La storia di un pianista ebreo durante l'Olocausto", 2002, 150, "Francia"),
("Inception", "Un gruppo di ladri entra nei sogni delle persone per rubare informazioni", 2010, 148, "Stati Uniti"),
("Il Grande Lebowski", "Le disavventure di un uomo chiamato Il Duderino", 1998, 117, "Stati Uniti"),
("C'era una volta il West", "La storia di un misterioso armonica che svela vendette e segreti", 1968, 175, "Italia"),
("Pianeta Terra - Cronaca di un disastro annunciato", "Un documentario sulla crisi ambientale e sui cambiamenti climatici", 2006, 96, "Stati Uniti"),
("Matrix", "Un hacker scopre che il mondo in cui vive è una simulazione", 1999, 136, "Stati Uniti"),
("Il Re Leone", "La storia di un giovane leone che deve affrontare le sfide per reclamare il suo regno", 1994, 88, "Stati Uniti"),
("Il Labirinto del Fauno", "Una ragazza si immerge in un mondo fantastico durante la guerra civile spagnola", 2006, 118, "Messico"),
("La La Land", "La storia di un pianista e un'attrice che cercano di perseguire i loro sogni a Los Angeles", 2016, 128, "Stati Uniti"),
("Il Cigno Nero", "La storia di una ballerina che lotta con la sua salute mentale", 2010, 108, "Stati Uniti"),
("Il Corvo", "Un uomo torna in vita per vendicare la morte di lui e della sua fidanzata", 1994, 102, "Stati Uniti"),
("Il Favoloso Mondo di Amélie", "La storia di una giovane donna che cerca di migliorare la vita delle persone intorno a lei", 2001, 122, "Francia"),
("Il Pianista", "La storia di un pianista ebreo durante l'Olocausto", 2002, 150, "Francia"),
("Il Quinto Elemento", "Un tassista e una donna misteriosa devono salvare il mondo da una minaccia imminente", 1997, 126, "Francia"),
("Il Sesto Senso", "Un bambino vede i morti e un terapeuta cerca di aiutarlo", 1999, 107, "Stati Uniti"),
("Il Signore degli Anelli: La Compagnia dell'Anello", "La prima parte dell'epica avventura per distruggere un potente anello", 2001, 178, "Nuova Zelanda"),
("Il Signore degli Anelli: Le Due Torri", "La continuità dell'epica avventura per distruggere un potente anello", 2002, 179, "Nuova Zelanda"),
("Il Signore degli Anelli: Il ritorno del re", "La conclusione dell'epica avventura per distruggere un potente anello", 2003, 201, "Nuova Zelanda"),
("Il Tredicesimo Guerriero", "Un poeta arabo viene coinvolto in una missione per salvare un regno", 1999, 102, "Stati Uniti"), 
("The Dark Knight", "Batman affronta il Joker in una battaglia per la sopravvivenza di Gotham City", 2008, 152, "Stati Uniti"),
("Fight Club", "Un uomo insoddisfatto crea un club segreto per sfogare la frustrazione", 1999, 139, "Stati Uniti"),
("Forrest Gump", "La storia di un uomo con un quoziente intellettivo basso che attraversa gli eventi storici degli anni 1960 e 1970", 1994, 142, "Stati Uniti"),
("Gli Intoccabili", "Un gruppo di agenti federali cerca di smantellare un impero criminale durante il proibizionismo", 1987, 119, "Stati Uniti"),
("Gladiator", "Un generale romano si vendica dell'imperatore che ha ucciso la sua famiglia", 2010, 155, "Stati Uniti"),
("Gran Torino", "Un veterano della guerra di Corea si avvicina a un adolescente asiatico coinvolto in una gang", 2008, 116, "Stati Uniti"),
("Hachiko", "La storia vera di un cane fedele che aspetta il suo padrone ogni giorno alla stazione", 2009, 93, "Stati Uniti"),
("Harry Potter e la Pietra Filosofale", "Le avventure di un giovane mago che scopre il suo destino nella scuola di magia e stregoneria", 2001, 152, "Regno Unito"),
("Harry Potter e la Camera dei Segreti", "Il secondo anno di Harry Potter a Hogwarts", 2002, 161, "Regno Unito"),
("Harry Potter e il Prigioniero di Azkaban", "Harry Potter scopre il segreto del suo padrino e affronta nuove minacce", 2004, 142, "Regno Unito"),
("Harry Potter e il Calice di Fuoco", "Harry Potter partecipa al Torneo Tremaghi e affronta una minaccia oscura", 2005, 157, "Regno Unito"),
("Harry Potter e l'Ordine della Fenice", "Harry Potter si unisce a una società segreta per combattere il male che minaccia Hogwarts", 2007, 138, "Regno Unito"),
("Inception", "Un ladro entra nei sogni delle persone per rubare informazioni preziose", 2010, 148, "Stati Uniti"),
("Interstellar", "Un gruppo di astronauti viaggia attraverso i buchi neri in cerca di un nuovo pianeta abitabile", 2014, 169, "Stati Uniti"),
("Into the Wild", "La storia vera di un giovane che abbandona tutto e si avventura nella natura selvaggia dell'Alaska", 2007, 148, "Stati Uniti"),
("Jurassic Park", "Un parco a tema con dinosauri prende vita e mette in pericolo la vita degli ospiti", 1993, 127, "Stati Uniti"),
("La Vita è Bella", "La storia di un uomo che cerca di proteggere suo figlio dai terribili orrori di un campo di concentramento", 1997, 116, "Italia"),
("Il segreto del destino", "Descrizione casuale del film 1", 2005, 90, "Italia");

-- Popolamento della tabella Interpretazioni
INSERT INTO Interpretazioni (Film, Attore)
VALUES
(1, 5),
(1, 12),
(1, 21),
(1, 38),
(1, 41),
(2, 1),
(2, 11),
(2, 22),
(2, 29),
(2, 40),
(3, 7),
(3, 13),
(3, 26),
(3, 33),
(3, 46),
(4, 3),
(4, 18),
(4, 27),
(4, 35),
(4, 42),
(5, 8),
(5, 14),
(5, 23),
(5, 30),
(5, 44),
(6, 6),
(6, 16),
(6, 25),
(6, 34),
(6, 39),
(7, 2),
(7, 10),
(7, 19),
(7, 27),
(7, 41),
(8, 1),
(8, 15),
(8, 22),
(8, 32),
(8, 45),
(9, 5),
(9, 14),
(9, 26),
(9, 36),
(9, 40),
(10, 3),
(10, 17),
(10, 24),
(10, 33),
(10, 42),
(11, 7),
(11, 15),
(11, 20),
(11, 28),
(11, 41),
(12, 2),
(12, 12),
(12, 25),
(12, 36),
(12, 44),
(13, 3),
(13, 18),
(13, 23),
(13, 31),
(13, 45),
(14, 5),
(14, 16),
(14, 26),
(14, 35),
(14, 42),
(15, 1),
(15, 14),
(15, 21),
(15, 30),
(15, 40),
(16, 4),
(16, 19),
(16, 24),
(16, 34),
(16, 43),
(17, 8),
(17, 13),
(17, 22),
(17, 32),
(17, 46),
(18, 6),
(18, 16),
(18, 28),
(18, 37),
(18, 41),
(19, 10),
(19, 14),
(19, 20),
(19, 29),
(19, 45),
(20, 2),
(20, 17),
(20, 26),
(20, 35),
(20, 40),
(21, 11),
(21, 18),
(21, 23),
(21, 32),
(21, 44),
(22, 3),
(22, 14),
(22, 28),
(22, 39),
(22, 46),
(23, 5),
(23, 19),
(23, 24),
(23, 33),
(23, 41),
(24, 7),
(24, 13),
(24, 27),
(24, 36),
(24, 42),
(25, 1),
(25, 12),
(25, 20),
(25, 31),
(25, 40),
(26, 9),
(26, 16),
(26, 22),
(26, 35),
(26, 45),
(27, 4),
(27, 15),
(27, 26),
(27, 34),
(27, 43),
(28, 8),
(28, 17),
(28, 29),
(28, 38),
(28, 46),
(29, 6),
(29, 14),
(29, 21),
(29, 30),
(29, 41),
(30, 2),
(30, 18),
(30, 24),
(30, 36),
(30, 42),
(31, 3),
(31, 16),
(31, 26),
(31, 35),
(31, 40),
(32, 1),
(32, 19),
(32, 22),
(32, 32),
(32, 45),
(33, 10),
(33, 15),
(33, 21),
(33, 29),
(33, 41),
(34, 2),
(34, 17),
(34, 27),
(34, 38),
(34, 46),
(35, 11),
(35, 13),
(35, 20),
(35, 30),
(35, 44),
(36, 4),
(36, 14),
(36, 28),
(36, 39),
(36, 46),
(37, 5),
(37, 18),
(37, 25),
(37, 34),
(37, 42),
(38, 7),
(38, 16),
(38, 24),
(38, 36),
(38, 43),
(39, 9),
(39, 12),
(39, 20),
(39, 31),
(39, 40),
(40, 3),
(40, 17),
(40, 22),
(40, 32),
(40, 45),
(41, 1),
(41, 13),
(41, 26),
(41, 35),
(41, 44),
(42, 8),
(42, 19),
(42, 27),
(42, 38),
(42, 43),
(43, 10),
(43, 16),
(43, 24),
(43, 36),
(43, 45),
(44, 6),
(44, 14),
(44, 20),
(44, 29),
(44, 42),
(45, 2),
(45, 18),
(45, 25),
(45, 34),
(45, 41),
(46, 7),
(46, 15),
(46, 22),
(46, 30),
(46, 46),
(47, 5),
(47, 17),
(47, 26),
(47, 35),
(47, 40),
(48, 4),
(48, 19),
(48, 24),
(48, 36),
(48, 45),
(49, 9),
(49, 13),
(49, 21),
(49, 32),
(49, 44),
(50, 1),
(50, 18),
(50, 28),
(50, 39),
(50, 46),
(51, 3),
(51, 15),
(51, 20),
(51, 30),
(51, 41),
(52, 6),
(52, 17),
(52, 27),
(52, 38),
(52, 46),
(53, 2),
(53, 19),
(53, 25),
(53, 34),
(53, 42),
(54, 11),
(54, 16),
(54, 22),
(54, 36),
(54, 43),
(55, 7),
(55, 14),
(55, 24),
(55, 35),
(55, 44),
(56, 5),
(56, 18),
(56, 21),
(56, 29),
(56, 40),
(57, 9),
(57, 13),
(57, 26),
(57, 32),
(57, 46),
(58, 3),
(58, 17),
(58, 20),
(58, 38),
(58, 41),
(59, 1),
(59, 15),
(59, 27),
(59, 34),
(59, 45),
(60, 8),
(60, 19),
(60, 24),
(60, 36),
(60, 42),
(61, 6),
(61, 14),
(61, 22),
(61, 30),
(61, 43),
(62, 2),
(62, 18),
(62, 25),
(62, 35),
(62, 44),
(63, 4),
(63, 16),
(63, 20),
(63, 29),
(63, 46),
(64, 5),
(64, 13),
(64, 26),
(64, 38),
(64, 41),
(65, 7),
(65, 17),
(65, 21),
(65, 32),
(65, 45),
(66, 10),
(66, 15),
(66, 28),
(66, 39),
(66, 42),
(67, 3),
(67, 19),
(67, 24),
(67, 36),
(67, 40),
(68, 8),
(68, 16),
(68, 22),
(68, 30),
(68, 43),
(69, 1),
(69, 14),
(69, 27),
(69, 34),
(69, 46),
(70, 9),
(70, 18),
(70, 20),
(70, 35),
(70, 44),
(71, 6),
(71, 13),
(71, 26),
(71, 32),
(71, 41),
(72, 2),
(72, 17),
(72, 21),
(72, 38),
(72, 45),
(73, 11),
(73, 15),
(73, 25),
(73, 29),
(73, 42),
(74, 4),
(74, 19),
(74, 22),
(74, 36),
(74, 40),
(75, 5),
(75, 16),
(75, 24),
(75, 30),
(75, 46),
(76, 7),
(76, 14),
(76, 26),
(76, 35),
(76, 43),
(77, 9),
(77, 18),
(77, 20),
(77, 32),
(77, 41),
(78, 3),
(78, 17),
(78, 28),
(78, 38),
(78, 45),
(79, 1),
(79, 19),
(79, 25),
(79, 34),
(79, 42),
(80, 8),
(80, 15),
(80, 24),
(80, 36),
(80, 46),
(81, 6),
(81, 13),
(81, 22),
(81, 35),
(81, 44),
(82, 10),
(82, 17),
(82, 26),
(82, 32),
(82, 43),
(83, 2),
(83, 18),
(83, 21),
(83, 30),
(83, 41),
(84, 4),
(84, 14),
(84, 20),
(84, 38),
(84, 45),
(85, 1),
(85, 19),
(85, 25),
(85, 36),
(85, 46),
(86, 9),
(86, 15),
(86, 27),
(86, 35),
(86, 42),
(87, 7),
(87, 16),
(87, 22),
(87, 32),
(87, 43),
(88, 5),
(88, 13),
(88, 24),
(88, 30),
(88, 44),
(89, 8),
(89, 17),
(89, 28),
(89, 39),
(89, 41),
(90, 3),
(90, 14),
(90, 26),
(90, 34),
(90, 46),
(91, 6),
(91, 19),
(91, 21),
(91, 35),
(91, 40),
(92, 2),
(92, 16),
(92, 25),
(92, 32),
(92, 45),
(93, 11),
(93, 18),
(93, 22),
(93, 29),
(93, 43),
(94, 5),
(94, 15),
(94, 24),
(94, 36),
(94, 41),
(95, 7),
(95, 13),
(95, 27),
(95, 38),
(95, 46),
(96, 10),
(96, 17),
(96, 20),
(96, 30),
(96, 42),
(97, 1),
(97, 14),
(97, 28),
(97, 34),
(97, 44),
(98, 9),
(98, 19),
(98, 21),
(98, 39),
(98, 45),
(99, 8),
(99, 18),
(99, 26),
(99, 35),
(99, 41),
(100, 3),
(100, 17),
(100, 22),
(100, 32),
(100, 46);

-- Popolamento della tabella Regie
INSERT INTO Regie (Film, Regista)
VALUES
(1, 95),
(5, 59),
(2, 80),
(3, 49),
(4, 62),
(5, 81),
(6, 50),
(7, 73),
(8, 94),
(9, 95),
(10, 57),
(11, 85),
(12, 95),
(13, 68),
(14, 90),
(15, 52),
(16, 70),
(17, 79),
(18, 58),
(19, 64),
(20, 86),
(21, 95),
(22, 75),
(23, 95),
(24, 83),
(25, 72),
(26, 87),
(27, 95),
(28, 95),
(29, 89),
(30, 69),
(31, 92),
(32, 51),
(33, 56),
(34, 78),
(35, 91),
(36, 54),
(37, 60),
(38, 77),
(39, 66),
(40, 93),
(41, 88),
(42, 76),
(43, 84),
(44, 95),
(45, 55),
(46, 95),
(47, 95),
(48, 95),
(49, 63),
(50, 74),
(51, 82),
(52, 65),
(53, 61),
(54, 71),
(55, 53),
(56, 95),
(57, 67),
(58, 84),
(59, 58),
(60, 63),
(61, 72),
(62, 95),
(63, 78),
(64, 83),
(65, 92),
(66, 69),
(67, 87),
(68, 95),
(69, 93),
(70, 95),
(71, 54),
(72, 66),
(73, 95),
(74, 81),
(75, 73),
(76, 56),
(77, 91),
(78, 77),
(79, 55),
(80, 76),
(81, 95),
(82, 95),
(83, 68),
(84, 60),
(85, 75),
(86, 86),
(87, 91),
(88, 50),
(89, 95),
(90, 65),
(91, 89),
(92, 95),
(93, 61),
(94, 82),
(95, 85),
(96, 52),
(97, 79),
(98, 94),
(99, 95);

-- Popolamento della tabella Premi
INSERT INTO Premi (Nome, Edizione, Film, Persona)
VALUES
("Oscar", 2020, 1, 3),
("Golden Globe", 2020, 2, 14),
("BAFTA", 2020, 3, 23),
("Oscar", 2021, 4, 35),
("Golden Globe", 2021, 5, 46),
("BAFTA", 2021, 6, 76	),
("Oscar", 2022, 7, 18),
("Golden Globe", 2022, 8, 29),
("BAFTA", 2022, 9, 40),
("Oscar", 2023, 10, 1),
("Golden Globe", 2023, 11, 12),
("BAFTA", 2023, 12, 25),
("Oscar", 2024, 13, 36),
("Golden Globe", 2024, 14, 44),
("BAFTA", 2024, 15, 3);

-- Popolamento della tabella Generi
INSERT INTO Generi (nome)
VALUES
("Azione"),
("Commedia"),
("Drammatico"),
("Thriller"),
("Horror"),
("Fantascienza"),
("Avventura"),
("Animazione"),
("Romantico"),
("Fantasy"),
("Crime"),
("Mistero"),
("Documentario"),
("Biografico"),
("Musical"),
("Western"),
("Storico"),
("Supereroi"),
("Guerra"),
("Famiglia"),
("Sport"),
("Teen"),
("Anime"),
("Catastrofico"),
("Noir"),
("Psicologico"),
("Satira"),
("Soprannaturale"),
("Giallo"),
("Musica");

-- Popolamento della tabella Appartenenza
 INSERT INTO Appartenenza(Film, Genere)
VALUES
(1, "Azione"),
(1, "Commedia"),
(2, "Drammatico"),
(3, "Thriller"),
(4, "Horror"),
(5, "Fantascienza"),
(6, "Avventura"),
(7, "Animazione"),
(8, "Romantico"),
(9, "Fantasy"),
(10, "Crime"),
(11, "Mistero"),
(12, "Documentario"),
(13, "Biografico"),
(14, "Musical"),
(15, "Western"),
(16, "Storico"),
(17, "Supereroi"),
(18, "Guerra"),
(19, "Famiglia"),
(20, "Sport"),
(21, "Teen"),
(22, "Anime"),
(23, "Catastrofico"),
(24, "Noir"),
(25, "Psicologico"),
(26, "Satira"),
(27, "Soprannaturale"),
(28, "Giallo"),
(29, "Musica"),
(30, "Azione"),
(31, "Commedia"),
(32, "Drammatico"),
(33, "Thriller"),
(34, "Horror"),
(35, "Fantascienza"),
(36, "Avventura"),
(37, "Animazione"),
(38, "Romantico"),
(39, "Fantasy"),
(40, "Crime"),
(41, "Mistero"),
(42, "Documentario"),
(43, "Biografico"),
(44, "Musical"),
(45, "Western"),
(46, "Storico"),
(47, "Supereroi"),
(48, "Guerra"),
(49, "Famiglia"),
(50, "Sport"),
(51, "Teen"),
(52, "Anime"),
(53, "Catastrofico"),
(54, "Noir"),
(55, "Psicologico"),
(56, "Satira"),
(57, "Soprannaturale"),
(58, "Giallo"),
(59, "Musica"),
(60, "Azione"),
(61, "Commedia"),
(62, "Drammatico"),
(63, "Thriller"),
(64, "Horror"),
(65, "Fantascienza"),
(66, "Avventura"),
(67, "Animazione"),
(68, "Romantico"),
(69, "Fantasy"),
(70, "Crime"),
(71, "Mistero"),
(72, "Documentario"),
(73, "Biografico"),
(74, "Musical"),
(75, "Western"),
(76, "Storico"),
(77, "Supereroi"),
(78, "Guerra"),
(79, "Famiglia"),
(80, "Sport"),
(81, "Teen"),
(82, "Anime"),
(83, "Catastrofico"),
(84, "Noir"),
(85, "Psicologico"),
(86, "Satira"),
(87, "Soprannaturale"),
(88, "Giallo"),
(89, "Musica"),
(90, "Azione"),
(91, "Commedia"),
(92, "Drammatico"),
(93, "Thriller"),
(94, "Horror"),
(95, "Fantascienza"),
(96, "Avventura"),
(97, "Animazione"),
(98, "Romantico"),
(99, "Fantasy"),
(3, "Commedia"),
(1, "Fantascienza"),
(2, "Romantico"),
(3, "Fantasy"),
(4, "Mistero"),
(5, "Biografico"),
(6, "Western"),
(7, "Supereroi"),
(8, "Famiglia"),
(9, "Sport"),
(10, "Teen"),
(11, "Anime"),
(12, "Catastrofico"),
(13, "Noir"),
(14, "Psicologico"),
(15, "Satira"),
(16, "Soprannaturale"),
(17, "Giallo"),
(18, "Musica"),
(19, "Commedia"),
(20, "Fantascienza"),
(21, "Romantico"),
(22, "Fantasy"),
(23, "Mistero"),
(24, "Biografico"),
(25, "Western"),
(26, "Supereroi"),
(27, "Famiglia"),
(28, "Sport"),
(29, "Teen"),
(30, "Commedia"),
(31, "Fantascienza"),
(32, "Romantico"),
(33, "Fantasy"),
(34, "Mistero"),
(35, "Biografico"),
(36, "Western"),
(37, "Supereroi"),
(38, "Famiglia"),
(39, "Sport");

-- Popolamento della tabella Lingue
INSERT INTO Lingue (nome)
VALUES 
("Inglese"),
("Spagnolo"),
("Cinese"),
("Hindi"),
("Arabo"),
("Portoghese"),
("Bengalese"),
("Russo"),
("Giapponese"),
("Punjabi"),
("Javanese"),
("Tedesco"),
("Coreano"),
("Francese"),
("Turco"),
("Tamil"),
("Vietnamita"),
("Italiano"),
("Olandese"),
("Svedese");

-- Popolamento della tabella FormatiVideo
INSERT INTO FormatiVideo (Codec, Versione, Bitrate, Risoluzione, Qualità, AspectRatio)
VALUES
("MOV", "1.0.7",  8000, "1920x1400", "1080p", "16:9"),
("MOV", "2.0",    6000,   "1920x1400", "4K", "16:9"),
("MP4", "2.2.3",  7500, "1366x768", "720p", "16:9"),
("MP4", "1.0.1",  4000, "854x480",  "1080p", "4:3"),
("AVI", "1.10",   8500,  "1920x1400", "1080p", "16:9"),
("AVI", "2.5.32", 8500,"1920x1400", "1080p", "16:9");

-- Popolamento della tabella FormatiAudio
INSERT INTO FormatiAudio (Codec, Versione, Bitrate, Frequenza)
VALUES
("AAC128", "1.9", 128, 44100),
("MP3", "1.9", 128, 48000),
("MP3", "2.44", 128, 48000),
("FLAC24", "1.7", 24, 96000),
("FLAC24", "2.0", 24, 96000);

-- Popolamento della tabella FileAudio
INSERT INTO FileAudio (Nome, Dimensione, Film, Lingua, FormatoAudio, VersioneAudio)
VALUES
("File_Audio_1", 45.4, 1,   "Inglese", "AAC128", "1.9"),
("File_Audio_2", 78, 2,   "Spagnolo", "MP3", "1.9"),
("File_Audio_3", 32, 3,   "Cinese", "MP3", "2.44"),
("File_Audio_4", 90, 4,   "Hindi", "FLAC24", "1.7"),
("File_Audio_5", 60.1, 5,   "Arabo", "FLAC24", "2.0"),
("File_Audio_6", 75, 6,   "Portoghese", "AAC128", "1.9"),
("File_Audio_7", 40, 7,   "Russo", "MP3", "1.9"),
("File_Audio_8", 88, 8,   "Giapponese", "MP3", "2.44"),
("File_Audio_9", 55, 9,   "Punjabi", "FLAC24", "1.7"),
("File_Audio_10", 72, 10, "Javanese", "FLAC24", "2.0"),
("File_Audio_11", 68, 11, "Tedesco", "AAC128", "1.9"),
("File_Audio_12", 43.9, 12, "Coreano", "MP3", "1.9"),
("File_Audio_13", 77.7, 13, "Francese", "MP3", "2.44"),
("File_Audio_14", 29, 14, "Turco", "FLAC24", "1.7"),
("File_Audio_15", 91, 15, "Tamil", "FLAC24", "2.0"),
("File_Audio_16", 54, 16, "Vietnamita", "AAC128", "1.9"),
("File_Audio_17", 63.6, 17, "Italiano", "MP3", "1.9"),
("File_Audio_18", 82, 18, "Olandese", "FLAC24", "1.7"),
("File_Audio_19", 75, 19, "Russo", "AAC128", "1.9"),
("File_Audio_20", 48, 20, "Spagnolo", "FLAC24", "2.0"),
("File_Audio_21", 57, 21, "Cinese", "MP3", "2.44"),
("File_Audio_22", 83, 22, "Giapponese", "AAC128", "1.9"),
("File_Audio_23", 36, 23, "Inglese", "FLAC24", "2.0"),
("File_Audio_24", 70.3, 24, "Hindi", "AAC128", "1.9"),
("File_Audio_25", 42, 25, "Portoghese", "FLAC24", "1.7"),
("File_Audio_26", 95, 26, "Spagnolo", "MP3", "2.44"),
("File_Audio_27", 58, 27, "Vietnamita", "MP3", "1.9"),
("File_Audio_28", 79, 28, "Russo", "AAC128", "1.9"),
("File_Audio_29", 44, 29, "Tedesco", "FLAC24", "2.0"),
("File_Audio_30", 71.1, 30, "Turco", "AAC128", "1.9"),
("File_Audio_31", 63, 31, "Coreano", "AAC128", "1.9"),
("File_Audio_32", 89.1, 32, "Francese", "MP3", "2.44"),
("File_Audio_33", 52, 33, "Olandese", "FLAC24", "1.7"),
("File_Audio_34", 77, 34, "Tedesco", "FLAC24", "2.0"),
("File_Audio_35", 45, 35, "Russo", "MP3", "1.9"),
("File_Audio_36", 91, 36, "Vietnamita", "FLAC24", "1.7"),
("File_Audio_37", 68, 37, "Arabo", "AAC128", "1.9"),
("File_Audio_38", 53, 38, "Tamil", "MP3", "2.44"),
("File_Audio_39", 84, 39, "Spagnolo", "FLAC24", "2.0"),
("File_Audio_40", 49.4, 40, "Cinese", "MP3", "1.9"),
("File_Audio_41", 50, 41, "Vietnamita", "AAC128", "1.9"),
("File_Audio_42", 67, 42, "Svedese", "MP3", "2.44"),
("File_Audio_43", 58, 43, "Tedesco", "FLAC24", "1.7"),
("File_Audio_44", 71, 44, "Inglese", "FLAC24", "2.0"),
("File_Audio_45", 59, 45, "Portoghese", "MP3", "1.9"),
("File_Audio_46", 66, 46, "Coreano", "FLAC24", "2.0"),
("File_Audio_47", 51, 47, "Spagnolo", "MP3", "1.9"),
("File_Audio_48", 55, 48, "Arabo", "FLAC24", "2.0"),
("File_Audio_49", 62, 49, "Cinese", "MP3", "1.9"),
("File_Audio_50", 68.8, 50, "Tamil", "AAC128", "1.9"),
("File_Audio_51", 74, 51, "Svedese", "FLAC24", "1.7"),
("File_Audio_52", 57, 52, "Tedesco", "MP3", "2.44"),
("File_Audio_53", 83, 53, "Inglese", "AAC128", "1.9"),
("File_Audio_54", 64, 54, "Portoghese", "MP3", "1.9"),
("File_Audio_55", 72.5, 55, "Coreano", "FLAC24", "2.0"),
("File_Audio_56", 61, 56, "Spagnolo", "AAC128", "1.9"),
("File_Audio_57", 49, 57, "Arabo", "MP3", "2.44"),
("File_Audio_58", 79, 58, "Cinese", "FLAC24", "1.7"),
("File_Audio_59", 66, 59, "Tamil", "FLAC24", "2.0"),
("File_Audio_60", 53, 60, "Turco", "MP3", "1.9"),
("File_Audio_61", 79, 61, "Olandese", "FLAC24", "1.7"),
("File_Audio_62", 56, 62, "Vietnamita", "MP3", "2.44"),
("File_Audio_63", 69, 63, "Russo", "AAC128", "1.9"),
("File_Audio_64", 74, 64, "Giapponese", "MP3", "1.9"),
("File_Audio_65", 51.1, 65, "Francese", "FLAC24", "2.0"),
("File_Audio_66", 83, 66, "Turco", "AAC128", "1.9"),
("File_Audio_67", 68, 67, "Spagnolo", "MP3", "2.44"),
("File_Audio_68", 55, 68, "Inglese", "FLAC24", "1.7"),
("File_Audio_69", 72, 69, "Tedesco", "AAC128", "1.9"),
("File_Audio_70", 61.2, 70, "Portoghese", "FLAC24", "2.0"),
("File_Audio_71", 76.3, 71, "Arabo", "MP3", "1.9"),
("File_Audio_72", 58, 72, "Cinese", "FLAC24", "2.0"),
("File_Audio_73", 67, 73, "Tamil", "MP3", "2.44"),
("File_Audio_74", 80, 74, "Vietnamita", "AAC128", "1.9"),
("File_Audio_75", 53, 75, "Russo", "FLAC24", "1.7"),
("File_Audio_76", 69, 76, "Coreano", "MP3", "1.9"),
("File_Audio_77", 57.4, 77, "Portoghese", "FLAC24", "2.0"),
("File_Audio_78", 64, 78, "Spagnolo", "AAC128", "1.9"),
("File_Audio_79", 71, 79, "Cinese", "MP3", "2.44"),
("File_Audio_80", 66.6, 80, "Inglese", "FLAC24", "1.7"),
("File_Audio_81", 85, 81, "Francese", "MP3", "2.44"),
("File_Audio_82", 52, 82, "Olandese", "FLAC24", "1.7"),
("File_Audio_83", 77, 83, "Vietnamita", "FLAC24", "2.0"),
("File_Audio_84", 60.8, 84, "Russo", "MP3", "1.9"),
("File_Audio_85", 69, 85, "Giapponese", "FLAC24", "2.0"),
("File_Audio_86", 54, 86, "Francese", "AAC128", "1.9"),
("File_Audio_87", 71, 87, "Turco", "MP3", "1.9"),
("File_Audio_88", 46, 88, "Tamil", "FLAC24", "2.0"),
("File_Audio_89", 73, 89, "Svedese", "FLAC24", "1.7"),
("File_Audio_90", 68, 90, "Tedesco", "MP3", "2.44"),
("File_Audio_91", 63, 91, "Russo", "MP3", "2.44"),
("File_Audio_92", 70, 92, "Giapponese", "FLAC24", "1.7"),
("File_Audio_93", 59, 93, "Francese", "FLAC24", "2.0"),
("File_Audio_94", 66, 94, "Turco", "AAC128", "1.9"),
("File_Audio_95", 52, 95, "Italiano", "FLAC24", "2.0"),
("File_Audio_96", 70, 96, "Olandese", "AAC128", "1.9"),
("File_Audio_97", 48, 97, "Vietnamita", "MP3", "2.44"),
("File_Audio_98", 75, 98, "Russo", "FLAC24", "2.0"),
("File_Audio_99", 58, 99, "Giapponese", "AAC128", "1.9"),
("File_Audio_100", 67, 100, "Francese", "FLAC24", "1.7"),
("File_Audio_112", 59, 2, "Giapponese", "AAC128", "1.9"),
("File_Audio_113", 64, 3, "Tedesco", "MP3", "1.9"),
("File_Audio_114", 76, 4, "Francese", "AAC128", "1.9"),
("File_Audio_115", 51, 5, "Olandese", "FLAC24", "2.0"),
("File_Audio_116", 68, 6, "Turco", "MP3", "2.44"),
("File_Audio_117", 55.3, 7, "Vietnamita", "FLAC24", "1.7"),
("File_Audio_118", 70, 8, "Spagnolo", "AAC128", "1.9"),
("File_Audio_119", 63, 9, "Cinese", "MP3", "1.9"),
("File_Audio_120", 79, 10, "Inglese", "FLAC24", "2.0"),
("File_Audio_121", 72, 1, "Russo", "FLAC24", "2.0");

-- Popolamento della tabella FileVideo
INSERT INTO FileVideo (Nome, Dimensione, Film, FormatoVideo, VersioneVideo)
VALUES
("File_Video_1", 1200, 1, "MOV", "1.0.7"),
("File_Video_2", 850, 2, "MOV", "2.0"),
("File_Video_3", 1050, 3, "MP4", "1.0.1"),
("File_Video_4", 620, 4, "MP4", "2.2.3"),
("File_Video_5", 1300, 5, "AVI", "1.10"),
("File_Video_6", 1300, 6, "AVI", "2.5.32"),
("File_Video_7", 1100, 7, "MOV", "1.0.7"),
("File_Video_8", 780, 8, "MOV", "2.0"),
("File_Video_9", 950, 9, "MP4", "1.0.1"),
("File_Video_10", 560, 10, "MP4", "2.2.3"),
("File_Video_11", 1250, 11, "AVI", "1.10"),
("File_Video_12", 1250, 12, "AVI", "2.5.32"),
("File_Video_13", 1080, 13, "MOV", "1.0.7"),
("File_Video_14", 720, 14, "MOV", "2.0"),
("File_Video_15", 980, 15, "MP4", "1.0.1"),
("File_Video_16", 510, 16, "MP4", "2.2.3"),
("File_Video_17", 1200, 17, "AVI", "1.10"),
("File_Video_18", 1200, 18, "AVI", "2.5.32"),
("File_Video_19", 1050, 19, "MOV", "1.0.7"),
("File_Video_20", 680, 20, "MOV", "2.0"),
("File_Video_21", 780, 21, "MOV", "1.0.7"),
("File_Video_22", 610, 22, "MOV", "2.0"),
("File_Video_23", 850, 23, "MP4", "1.0.1"),
("File_Video_24", 520, 24, "MP4", "2.2.3"),
("File_Video_25", 790, 25, "AVI", "1.10"),
("File_Video_26", 790, 26, "AVI", "2.5.32"),
("File_Video_27", 720, 27, "MOV", "1.0.7"),
("File_Video_28", 650, 28, "MOV", "2.0"),
("File_Video_29", 900, 29, "MP4", "1.0.1"),
("File_Video_30", 480, 30, "MP4", "2.2.3"),
("File_Video_31", 950, 31, "MP4", "1.0.1"),
("File_Video_32", 590, 32, "MP4", "2.2.3"),
("File_Video_33", 1250, 33, "AVI", "1.10"),
("File_Video_34", 1250, 34, "AVI", "2.5.32"),
("File_Video_35", 1080, 35, "MOV", "1.0.7"),
("File_Video_36", 720, 36, "MOV", "2.0"),
("File_Video_37", 980, 37, "MP4", "1.0.1"),
("File_Video_38", 510, 38, "MP4", "2.2.3"),
("File_Video_39", 1200, 39, "AVI", "1.10"),
("File_Video_40", 1200, 40, "AVI", "2.5.32"),
("File_Video_41", 1050, 41, "MOV", "1.0.7"),
("File_Video_42", 680, 42, "MOV", "2.0"),
("File_Video_43", 950, 43, "MP4", "1.0.1"),
("File_Video_44", 590, 44, "MP4", "2.2.3"),
("File_Video_45", 1250, 45, "AVI", "1.10"),
("File_Video_46", 1250, 46, "AVI", "2.5.32"),
("File_Video_47", 1080, 47, "MOV", "1.0.7"),
("File_Video_48", 720, 48, "MOV", "2.0"),
("File_Video_49", 980, 49, "MP4", "1.0.1"),
("File_Video_50", 510, 50, "MP4", "2.2.3"),
("File_Video_51", 720, 51, "AVI", "1.10"),
("File_Video_52", 680, 52, "AVI", "2.5.32"),
("File_Video_53", 590, 53, "MOV", "1.0.7"),
("File_Video_54", 850, 54, "MOV", "2.0"),
("File_Video_55", 520, 55, "MP4", "1.0.1"),
("File_Video_56", 790, 56, "MP4", "2.2.3"),
("File_Video_57", 720, 57, "AVI", "1.10"),
("File_Video_58", 650, 58, "AVI", "2.5.32"),
("File_Video_59", 900, 59, "MOV", "1.0.7"),
("File_Video_60", 480, 60, "MOV", "2.0"),
("File_Video_61", 780, 61, "MP4", "1.0.1"),
("File_Video_62", 610, 62, "MP4", "2.2.3"),
("File_Video_63", 850, 63, "AVI", "1.10"),
("File_Video_64", 520, 64, "AVI", "2.5.32"),
("File_Video_65", 790, 65, "MOV", "1.0.7"),
("File_Video_66", 720, 66, "MOV", "2.0"),
("File_Video_67", 650, 67, "MP4", "1.0.1"),
("File_Video_68", 900, 68, "MP4", "2.2.3"),
("File_Video_69", 480, 69, "AVI", "1.10"),
("File_Video_70", 780, 70, "AVI", "2.5.32"),
("File_Video_71", 680, 71, "MP4", "1.0.1"),
("File_Video_72", 610, 72, "MP4", "2.2.3"),
("File_Video_73", 850, 73, "AVI", "1.10"),
("File_Video_74", 520, 74, "AVI", "2.5.32"),
("File_Video_75", 790, 75, "MOV", "1.0.7"),
("File_Video_76", 720, 76, "MOV", "2.0"),
("File_Video_77", 650, 77, "MP4", "1.0.1"),
("File_Video_78", 900, 78, "MP4", "2.2.3"),
("File_Video_79", 480, 79, "AVI", "1.10"),
("File_Video_80", 780, 80, "AVI", "2.5.32"),
("File_Video_81", 590, 81, "MOV", "1.0.7"),
("File_Video_82", 850, 82, "MOV", "2.0"),
("File_Video_83", 520, 83, "MP4", "1.0.1"),
("File_Video_84", 790, 84, "MP4", "2.2.3"),
("File_Video_85", 720, 85, "AVI", "1.10"),
("File_Video_86", 650, 86, "AVI", "2.5.32"),
("File_Video_87", 900, 87, "MOV", "1.0.7"),
("File_Video_88", 480, 88, "MOV", "2.0"),
("File_Video_89", 780, 89, "MP4", "1.0.1"),
("File_Video_90", 610, 90, "MP4", "2.2.3"),
("File_Video_91", 590, 91, "MOV", "1.0.7"),
("File_Video_92", 850, 92, "MOV", "2.0"),
("File_Video_93", 520, 93, "MP4", "1.0.1"),
("File_Video_94", 790, 94, "MP4", "2.2.3"),
("File_Video_95", 720, 95, "AVI", "1.10"),
("File_Video_96", 650, 96, "AVI", "2.5.32"),
("File_Video_97", 900, 97, "MOV", "1.0.7"),
("File_Video_98", 480, 98, "MOV", "2.0"),
("File_Video_99", 780, 99, "MP4", "1.0.1"),
("File_Video_100", 610, 100, "MP4", "2.2.3"),
("File_Video_112", 850, 1, "AVI", "2.5.32"),
("File_Video_113", 780, 2, "MP4", "1.0.1"),
("File_Video_114", 610, 3, "MP4", "2.2.3"),
("File_Video_115", 850, 4, "AVI", "1.10"),
("File_Video_116", 720, 5, "AVI", "2.5.32"),
("File_Video_117", 650, 6, "MOV", "1.0.7"),
("File_Video_118", 900, 7, "MOV", "2.0"),
("File_Video_119", 480, 8, "MP4", "1.0.1"),
("File_Video_120", 780, 9, "MP4", "2.2.3"),
("File_Video_121", 590, 10, "AVI", "1.10");

-- Popolamento della tabella FileSottotitoli
INSERT INTO FileSottotitoli (Nome, Dimensione, Film, Lingua)
VALUES
("File_Sottotitoli_1", 120.1, 1, "Inglese"),
("File_Sottotitoli_2", 80, 2, "Spagnolo"),
("File_Sottotitoli_3", 100, 3, "Cinese"),
("File_Sottotitoli_4", 60.7, 4, "Hindi"),
("File_Sottotitoli_5", 125, 5, "Arabo"),
("File_Sottotitoli_6", 125.8, 6, "Portoghese"),
("File_Sottotitoli_7", 110, 7, "Bengalese"),
("File_Sottotitoli_8", 78.3, 8, "Russo"),
("File_Sottotitoli_9", 95, 9, "Giapponese"),
("File_Sottotitoli_10", 56, 10, "Punjabi"),
("File_Sottotitoli_11", 78, 11, "Javanese"),
("File_Sottotitoli_12", 64, 12, "Tedesco"),
("File_Sottotitoli_13", 90, 13, "Coreano"),
("File_Sottotitoli_14", 50, 14, "Francese"),
("File_Sottotitoli_15", 82, 15, "Turco"),
("File_Sottotitoli_16", 67, 16, "Tamil"),
("File_Sottotitoli_17", 73, 17, "Vietnamita"),
("File_Sottotitoli_18", 55, 18, "Italiano"),
("File_Sottotitoli_19", 72, 19, "Olandese"),
("File_Sottotitoli_20", 49, 20, "Svedese"),
("File_Sottotitoli_21", 88, 21, "Inglese"),
("File_Sottotitoli_22", 84, 22, "Spagnolo"),
("File_Sottotitoli_23", 63, 23, "Cinese"),
("File_Sottotitoli_24", 79, 24, "Hindi"),
("File_Sottotitoli_25", 66, 25, "Arabo"),
("File_Sottotitoli_26", 70, 26, "Portoghese"),
("File_Sottotitoli_27", 58, 27, "Bengalese"),
("File_Sottotitoli_28", 85, 28, "Russo"),
("File_Sottotitoli_29", 59.3, 29, "Giapponese"),
("File_Sottotitoli_30", 94, 30, "Punjabi"),
("File_Sottotitoli_31", 95, 31, "Coreano"),
("File_Sottotitoli_32", 58, 32, "Francese"),
("File_Sottotitoli_33", 83, 33, "Turco"),
("File_Sottotitoli_34", 66, 34, "Tamil"),
("File_Sottotitoli_35", 70, 35, "Vietnamita"),
("File_Sottotitoli_36", 55, 36, "Italiano"),
("File_Sottotitoli_37", 72, 37, "Olandese"),
("File_Sottotitoli_38", 49.1, 38, "Svedese"),
("File_Sottotitoli_39", 88, 39, "Inglese"),
("File_Sottotitoli_40", 84.2, 40, "Spagnolo"),
("File_Sottotitoli_41", 75, 41, "Tedesco"),
("File_Sottotitoli_42", 63, 42, "Coreano"),
("File_Sottotitoli_43", 78, 43, "Francese"),
("File_Sottotitoli_44", 69, 44, "Turco"),
("File_Sottotitoli_45", 80, 45, "Tamil"),
("File_Sottotitoli_46", 55, 46, "Vietnamita"),
("File_Sottotitoli_47", 72, 47, "Italiano"),
("File_Sottotitoli_48", 58.1, 48, "Olandese"),
("File_Sottotitoli_49", 87, 49, "Svedese"),
("File_Sottotitoli_50", 68, 50, "Inglese"),
("File_Sottotitoli_51", 82, 51, "Spagnolo"),
("File_Sottotitoli_52", 74, 52, "Cinese"),
("File_Sottotitoli_53", 79, 53, "Hindi"),
("File_Sottotitoli_54", 66, 54, "Arabo"),
("File_Sottotitoli_55", 70, 55, "Portoghese"),
("File_Sottotitoli_56", 60, 56, "Bengalese"),
("File_Sottotitoli_57", 85, 57, "Russo"),
("File_Sottotitoli_58", 60, 58, "Giapponese"),
("File_Sottotitoli_59", 92, 59, "Punjabi"),
("File_Sottotitoli_60", 77, 60, "Javanese"),
("File_Sottotitoli_61", 92, 61, "Punjabi"),
("File_Sottotitoli_62", 75, 62, "Tedesco"),
("File_Sottotitoli_63", 60.3, 63, "Coreano"),
("File_Sottotitoli_64", 80, 64, "Francese"),
("File_Sottotitoli_65", 69, 65, "Turco"),
("File_Sottotitoli_66", 78, 66, "Tamil"),
("File_Sottotitoli_67", 57, 67, "Vietnamita"),
("File_Sottotitoli_68", 74.1, 68, "Italiano"),
("File_Sottotitoli_69", 59, 69, "Olandese"),
("File_Sottotitoli_70", 87, 70, "Svedese"),
("File_Sottotitoli_71", 68, 71, "Inglese"),
("File_Sottotitoli_72", 82, 72, "Spagnolo"),
("File_Sottotitoli_73", 74, 73, "Cinese"),
("File_Sottotitoli_74", 79, 74, "Hindi"),
("File_Sottotitoli_75", 66, 75, "Arabo"),
("File_Sottotitoli_76", 70, 76, "Portoghese"),
("File_Sottotitoli_77", 60.8, 77, "Bengalese"),
("File_Sottotitoli_78", 85, 78, "Russo"),
("File_Sottotitoli_79", 60, 79, "Giapponese"),
("File_Sottotitoli_80", 92, 80, "Punjabi"),
("File_Sottotitoli_81", 77, 81, "Javanese"),
("File_Sottotitoli_82", 64, 82, "Tedesco"),
("File_Sottotitoli_83", 90, 83, "Coreano"),
("File_Sottotitoli_84", 50, 84, "Francese"),
("File_Sottotitoli_85", 82, 85, "Turco"),
("File_Sottotitoli_86", 65, 86, "Arabo"),
("File_Sottotitoli_87", 70, 87, "Portoghese"),
("File_Sottotitoli_88", 58.9, 88, "Bengalese"),
("File_Sottotitoli_89", 85.9, 89, "Russo"),
("File_Sottotitoli_90", 58.2, 90, "Giapponese"),
("File_Sottotitoli_91", 59, 91, "Coreano"),
("File_Sottotitoli_92", 84, 92, "Francese"),
("File_Sottotitoli_93", 67, 93, "Turco"),
("File_Sottotitoli_94", 73, 94, "Tamil"),
("File_Sottotitoli_95", 65, 95, "Vietnamita"),
("File_Sottotitoli_96", 79, 96, "Italiano"),
("File_Sottotitoli_97", 62.3, 97, "Olandese"),
("File_Sottotitoli_98", 88, 98, "Svedese"),
("File_Sottotitoli_99", 61, 99, "Inglese"),
("File_Sottotitoli_100", 85, 100, "Spagnolo"),
("File_Sottotitoli_113", 85, 1, "Spagnolo"),
("File_Sottotitoli_114", 105, 1, "Cinese"),
("File_Sottotitoli_115", 62, 1, "Hindi"),
("File_Sottotitoli_116", 130, 1, "Arabo"),
("File_Sottotitoli_117", 130, 1, "Portoghese"),
("File_Sottotitoli_118", 110, 1, "Bengalese"),
("File_Sottotitoli_119", 79, 1, "Russo"),
("File_Sottotitoli_120", 96, 1, "Giapponese");

-- Popolamento della tabella Server_
INSERT INTO Server_ (Bandwidth, CapacitàMassima, Sede)
VALUES
(100, 10, "Stati Uniti"),
(150, 15, "Stati Uniti"),
(120, 12, "Regno Unito"),
(100, 10, "Stati Uniti"),
(150, 15, "Stati Uniti"),
(120, 12, "Regno Unito"),
(200, 20, "Regno Unito"),
(180, 18, "Giappone"),
(90, 9, "Giappone"),
(130, 13, "Germania"),
(110, 11, "Germania"),
(170, 17, "Australia"),
(150, 15, "Australia"),
(140, 14, "Francia"),
(160, 16, "Francia"),
(130, 13, "Canada"),
(110, 11, "Canada"),
(90, 9, "Brasile"),
(170, 17, "Brasile"),
(150, 15, "India"),
(130, 13, "India"),
(80, 8, "Cina"),
(140, 14, "Cina"),
(120, 12, "Russia"),
(100, 10, "Russia"),
(110, 11, "Messico"),
(130, 13, "Messico"),
(150, 15, "Sudafrica"),
(170, 17, "Sudafrica"),
(100, 10, "Stati Uniti"),
(150, 15, "Stati Uniti"),
(120, 12, "Regno Unito"),
(200, 20, "Regno Unito");

-- Popolamento della tabella ArcFileAudio
INSERT INTO ArcFileAudio (FileAudio, Server_)
VALUES
("File_Audio_4", 1),
("File_Audio_3", 1),
("File_Audio_2", 2),
("File_Audio_3", 3),
("File_Audio_4", 4),
("File_Audio_5", 5),
("File_Audio_6", 6),
("File_Audio_7", 7),
("File_Audio_8", 8),
("File_Audio_9", 9),
("File_Audio_10", 10),
("File_Audio_11", 11),
("File_Audio_12", 12),
("File_Audio_13", 13),
("File_Audio_14", 14),
("File_Audio_15", 15),
("File_Audio_16", 16),
("File_Audio_17", 17),
("File_Audio_18", 18),
("File_Audio_19", 19),
("File_Audio_20", 20),
("File_Audio_21", 21),
("File_Audio_22", 22),
("File_Audio_23", 23),
("File_Audio_24", 24),
("File_Audio_25", 25),
("File_Audio_26", 26),
("File_Audio_27", 27),
("File_Audio_28", 28),
("File_Audio_29", 29),
("File_Audio_25", 23),
("File_Audio_26", 23),
("File_Audio_27", 23),
("File_Audio_28", 23),
("File_Audio_29", 23),
("File_Audio_30", 24),
("File_Audio_31", 24),
("File_Audio_32", 24),
("File_Audio_33", 24),
("File_Audio_34", 24),
("File_Audio_35", 25),
("File_Audio_36", 25),
("File_Audio_37", 25),
("File_Audio_38", 25),
("File_Audio_39", 25),
("File_Audio_40", 26),
("File_Audio_41", 26),
("File_Audio_42", 26),
("File_Audio_43", 26),
("File_Audio_44", 26),
("File_Audio_45", 27),
("File_Audio_46", 27),
("File_Audio_47", 27),
("File_Audio_48", 27),
("File_Audio_49", 27),
("File_Audio_50", 28),
("File_Audio_51", 28),
("File_Audio_52", 28),
("File_Audio_53", 28),
("File_Audio_54", 28),
("File_Audio_55", 29),
("File_Audio_56", 29),
("File_Audio_57", 29),
("File_Audio_58", 29),
("File_Audio_59", 29),
("File_Audio_60", 29),
("File_Audio_61", 29),
("File_Audio_62", 29),
("File_Audio_63", 29),
("File_Audio_64", 29),
("File_Audio_65", 7),
("File_Audio_66", 2),
("File_Audio_67", 3),
("File_Audio_68", 5),
("File_Audio_69", 8),
("File_Audio_70", 1),
("File_Audio_71", 1),
("File_Audio_72", 1),
("File_Audio_73", 1),
("File_Audio_74", 1),
("File_Audio_75", 2),
("File_Audio_76", 2),
("File_Audio_77", 2),
("File_Audio_78", 2),
("File_Audio_79", 2),
("File_Audio_80", 3),
("File_Audio_81", 3),
("File_Audio_82", 3),
("File_Audio_83", 3),
("File_Audio_84", 3),
("File_Audio_85", 4),
("File_Audio_86", 4),
("File_Audio_87", 4),
("File_Audio_88", 4),
("File_Audio_89", 4),
("File_Audio_90", 5),
("File_Audio_91", 5),
("File_Audio_92", 5),
("File_Audio_93", 5),
("File_Audio_94", 5),
("File_Audio_95", 6),
("File_Audio_96", 6),
("File_Audio_97", 6),
("File_Audio_98", 6),
("File_Audio_99", 6),
("File_Audio_100", 7),
("File_Audio_6", 13),
("File_Audio_7", 13),
("File_Audio_4", 13),
("File_Audio_3", 13),
("File_Audio_9", 13),
("File_Audio_5", 14),
("File_Audio_6", 14),
("File_Audio_7", 14),
("File_Audio_8", 14),
("File_Audio_9", 14),
("File_Audio_10", 15),
("File_Audio_11", 15),
("File_Audio_12", 15),
("File_Audio_13", 15),
("File_Audio_14", 15),
("File_Audio_15", 16),
("File_Audio_16", 9),
("File_Audio_17", 16),
("File_Audio_18", 16),
("File_Audio_19", 16),
("File_Audio_20", 17),
("File_Audio_21", 17),
("File_Audio_22", 17),
("File_Audio_23", 17),
("File_Audio_24", 17);

-- Popolamento della tabella ArcFileVideo
INSERT INTO ArcFileVideo (FileVideo, Server_)
VALUES
("File_Video_4", 1),
("File_Video_3", 1),
("File_Video_2", 2),
("File_Video_3", 3),
("File_Video_4", 4),
("File_Video_5", 5),
("File_Video_6", 6),
("File_Video_7", 7),
("File_Video_8", 8),
("File_Video_9", 9),
("File_Video_10", 10),
("File_Video_11", 11),
("File_Video_12", 12),
("File_Video_13", 13),
("File_Video_14", 14),
("File_Video_15", 15),
("File_Video_16", 16),
("File_Video_17", 17),
("File_Video_18", 18),
("File_Video_19", 19),
("File_Video_20", 20),
("File_Video_21", 21),
("File_Video_22", 22),
("File_Video_23", 23),
("File_Video_24", 24),
("File_Video_25", 25),
("File_Video_26", 26),
("File_Video_27", 27),
("File_Video_28", 28),
("File_Video_29", 29),
("File_Video_25", 23),
("File_Video_26", 23),
("File_Video_27", 23),
("File_Video_28", 23),
("File_Video_29", 23),
("File_Video_30", 24),
("File_Video_31", 24),
("File_Video_32", 24),
("File_Video_33", 24),
("File_Video_34", 24),
("File_Video_35", 25),
("File_Video_36", 25),
("File_Video_37", 25),
("File_Video_38", 25),
("File_Video_39", 25),
("File_Video_40", 26),
("File_Video_41", 26),
("File_Video_42", 26),
("File_Video_43", 26),
("File_Video_44", 26),
("File_Video_45", 27),
("File_Video_46", 27),
("File_Video_47", 27),
("File_Video_48", 27),
("File_Video_49", 27),
("File_Video_50", 28),
("File_Video_51", 28),
("File_Video_52", 28),
("File_Video_53", 28),
("File_Video_54", 28),
("File_Video_55", 29),
("File_Video_56", 29),
("File_Video_57", 29),
("File_Video_58", 29),
("File_Video_59", 29),
("File_Video_60", 29),
("File_Video_61", 29),
("File_Video_62", 29),
("File_Video_63", 29),
("File_Video_64", 29),
("File_Video_65", 7),
("File_Video_66", 2),
("File_Video_67", 3),
("File_Video_68", 5),
("File_Video_69", 8),
("File_Video_70", 1),
("File_Video_71", 1),
("File_Video_72", 1),
("File_Video_73", 1),
("File_Video_74", 1),
("File_Video_75", 2),
("File_Video_76", 2),
("File_Video_77", 2),
("File_Video_78", 2),
("File_Video_79", 2),
("File_Video_80", 3),
("File_Video_81", 3),
("File_Video_82", 3),
("File_Video_83", 3),
("File_Video_84", 3),
("File_Video_85", 4),
("File_Video_86", 4),
("File_Video_87", 4),
("File_Video_88", 4),
("File_Video_89", 4),
("File_Video_90", 5),
("File_Video_91", 5),
("File_Video_92", 5),
("File_Video_93", 5),
("File_Video_94", 5),
("File_Video_95", 6),
("File_Video_96", 6),
("File_Video_97", 6),
("File_Video_98", 6),
("File_Video_99", 6),
("File_Video_100", 7),
("File_Video_6", 13),
("File_Video_7", 13),
("File_Video_4", 13),
("File_Video_3", 13),
("File_Video_9", 13),
("File_Video_5", 14),
("File_Video_6", 14),
("File_Video_7", 14),
("File_Video_8", 14),
("File_Video_9", 14),
("File_Video_10", 15),
("File_Video_11", 15),
("File_Video_12", 15),
("File_Video_13", 15),
("File_Video_14", 15),
("File_Video_15", 16),
("File_Video_16", 9),
("File_Video_17", 16),
("File_Video_18", 16),
("File_Video_19", 16),
("File_Video_20", 17),
("File_Video_21", 17),
("File_Video_22", 17),
("File_Video_23", 17),
("File_Video_24", 17);

-- Popolamento della tabella ArcFileSottotitoli
INSERT INTO ArcFileSottotitoli (FileSottotitoli, Server_)
VALUES
("File_Sottotitoli_4", 1),
("File_Sottotitoli_3", 1),
("File_Sottotitoli_2", 2),
("File_Sottotitoli_3", 3),
("File_Sottotitoli_4", 4),
("File_Sottotitoli_5", 5),
("File_Sottotitoli_6", 6),
("File_Sottotitoli_7", 7),
("File_Sottotitoli_8", 8),
("File_Sottotitoli_9", 9),
("File_Sottotitoli_10", 10),
("File_Sottotitoli_11", 11),
("File_Sottotitoli_12", 12),
("File_Sottotitoli_13", 13),
("File_Sottotitoli_14", 14),
("File_Sottotitoli_15", 15),
("File_Sottotitoli_16", 16),
("File_Sottotitoli_17", 17),
("File_Sottotitoli_18", 18),
("File_Sottotitoli_19", 19),
("File_Sottotitoli_20", 20),
("File_Sottotitoli_21", 21),
("File_Sottotitoli_22", 22),
("File_Sottotitoli_23", 23),
("File_Sottotitoli_24", 24),
("File_Sottotitoli_25", 25),
("File_Sottotitoli_26", 26),
("File_Sottotitoli_27", 27),
("File_Sottotitoli_28", 28),
("File_Sottotitoli_29", 29),
("File_Sottotitoli_25", 23),
("File_Sottotitoli_26", 23),
("File_Sottotitoli_27", 23),
("File_Sottotitoli_28", 23),
("File_Sottotitoli_29", 23),
("File_Sottotitoli_30", 24),
("File_Sottotitoli_31", 24),
("File_Sottotitoli_32", 24),
("File_Sottotitoli_33", 24),
("File_Sottotitoli_34", 24),
("File_Sottotitoli_35", 25),
("File_Sottotitoli_36", 25),
("File_Sottotitoli_37", 25),
("File_Sottotitoli_38", 25),
("File_Sottotitoli_39", 25),
("File_Sottotitoli_40", 26),
("File_Sottotitoli_41", 26),
("File_Sottotitoli_42", 26),
("File_Sottotitoli_43", 26),
("File_Sottotitoli_44", 26),
("File_Sottotitoli_45", 27),
("File_Sottotitoli_46", 27),
("File_Sottotitoli_47", 27),
("File_Sottotitoli_48", 27),
("File_Sottotitoli_49", 27),
("File_Sottotitoli_50", 28),
("File_Sottotitoli_51", 28),
("File_Sottotitoli_52", 28),
("File_Sottotitoli_53", 28),
("File_Sottotitoli_54", 28),
("File_Sottotitoli_55", 29),
("File_Sottotitoli_56", 29),
("File_Sottotitoli_57", 29),
("File_Sottotitoli_58", 29),
("File_Sottotitoli_59", 29),
("File_Sottotitoli_60", 29),
("File_Sottotitoli_61", 29),
("File_Sottotitoli_62", 29),
("File_Sottotitoli_63", 29),
("File_Sottotitoli_64", 29),
("File_Sottotitoli_65", 7),
("File_Sottotitoli_66", 2),
("File_Sottotitoli_67", 3),
("File_Sottotitoli_68", 5),
("File_Sottotitoli_69", 8),
("File_Sottotitoli_70", 1),
("File_Sottotitoli_71", 1),
("File_Sottotitoli_72", 1),
("File_Sottotitoli_73", 1),
("File_Sottotitoli_74", 1),
("File_Sottotitoli_75", 2),
("File_Sottotitoli_76", 2),
("File_Sottotitoli_77", 2),
("File_Sottotitoli_78", 2),
("File_Sottotitoli_79", 2),
("File_Sottotitoli_80", 3),
("File_Sottotitoli_81", 3),
("File_Sottotitoli_82", 3),
("File_Sottotitoli_83", 3),
("File_Sottotitoli_84", 3),
("File_Sottotitoli_85", 4),
("File_Sottotitoli_86", 4),
("File_Sottotitoli_87", 4),
("File_Sottotitoli_88", 4),
("File_Sottotitoli_89", 4),
("File_Sottotitoli_90", 5),
("File_Sottotitoli_91", 5),
("File_Sottotitoli_92", 5),
("File_Sottotitoli_93", 5),
("File_Sottotitoli_94", 5),
("File_Sottotitoli_95", 6),
("File_Sottotitoli_96", 6),
("File_Sottotitoli_97", 6),
("File_Sottotitoli_98", 6),
("File_Sottotitoli_99", 6),
("File_Sottotitoli_100", 7),
("File_Sottotitoli_6", 13),
("File_Sottotitoli_7", 13),
("File_Sottotitoli_4", 13),
("File_Sottotitoli_3", 13),
("File_Sottotitoli_9", 13),
("File_Sottotitoli_5", 14),
("File_Sottotitoli_6", 14),
("File_Sottotitoli_7", 14),
("File_Sottotitoli_8", 14),
("File_Sottotitoli_9", 14),
("File_Sottotitoli_10", 15),
("File_Sottotitoli_11", 15),
("File_Sottotitoli_12", 15),
("File_Sottotitoli_13", 15),
("File_Sottotitoli_14", 15),
("File_Sottotitoli_15", 16),
("File_Sottotitoli_16", 9),
("File_Sottotitoli_17", 16),
("File_Sottotitoli_18", 16),
("File_Sottotitoli_19", 16),
("File_Sottotitoli_20", 17),
("File_Sottotitoli_21", 17),
("File_Sottotitoli_22", 17),
("File_Sottotitoli_23", 17),
("File_Sottotitoli_24", 17);


-- Popolamento della tabella RestFormatiAudio
INSERT INTO RestFormatiAudio (Paese, Codec, Versione)
VALUES
("Russia","MP3", "2.44");

-- Popolamento della tabella RestFormatiVideo
INSERT INTO RestFormatiVideo (Paese, Codec, Versione)
VALUES
("Russia","MOV", "2.0");


-- Popolamento della tabella CarteDiCredito
INSERT INTO CarteDiCredito (Numero, Nome, Cognome, AnnoScadenza, MeseScadenza, CVC, Utente)
VALUES
("1111111111111111", "John", "Doe", 2024, 12, 123, 1),
("2222222222222222", "Pino", "La Lavatrice", 2025, 8, 456, 2),
("3333333333333333", "Cristina", "D'Avena", 2023, 5, 789, 3),
("4444444444444444", "Gabibbo", "Besugo", 2022, 10, 321, 4),
("5555555555555555", "Ryan", "Wilson", 2023, 2, 654, 5),
("6666666666666666", "Sarah", "Miller", 2024, 6, 987, 6),
("7777777777777777", "Virginio", "Scotti", 2022, 11, 234, 7),
("8888888888888888", "Amy", "Campbell", 2025, 3, 567, 8),
("9999999999999999", "Chris", "Thompson", 2023, 7, 890, 9),
("1010101010101010", "Pippo", "Baudo", 2024, 1, 432, 10),
("1111222233334444", "John", "Doe", 2024, 12, 123, 1),
("2222333344445523", "Jane", "Smith", 2025, 8, 456, 2),
("3333444455556623", "Michael", "Jackson", 2023, 5, 789, 3),
("4444555566667723", "Emily", "Davis", 2022, 10, 321, 4),
("5555666677778823", "Ryan", "Wilson", 2023, 2, 654, 5),
("6666777788889923", "Sarah", "Miller", 2024, 6, 987, 6),
("7777888899990023", "Dylan", "Dog", 2022, 11, 234, 7),
("8888999900001123", "Amy", "Campbell", 2025, 3, 567, 8),
("9999000011112222", "Chris", "Thompson", 2023, 7, 890, 9),
("1010101010101011", "Olivia", "Green", 2024, 1, 432, 10),
("1212121212121212", "Emma", "Johnson", 2024, 12, 123, 11),
("1313131313131313", "William", "Brown", 2025, 8, 456, 12),
("1414141414141414", "Sophia", "Davis", 2023, 5, 789, 13),
("1515151515151515", "James", "Anderson", 2022, 10, 321, 14),
("1616161616161616", "Ava", "White", 2023, 2, 654, 15),
("1717171717171717", "Logan", "Hall", 2024, 6, 987, 16),
("1818181818181818", "Isabella", "Martinez", 2022, 11, 234, 17),
("1919191919191919", "Jackson", "Taylor", 2025, 3, 567, 18),
("2020202020202020", "Olivia", "Thomas", 2023, 7, 890, 19),
("2121212121212121", "Ethan", "Clark", 2024, 1, 432, 20),
("2222222222222225", "Sophie", "Martinez", 2024, 12, 123, 21),
("3333333333333331", "Henry", "Robinson", 2025, 8, 456, 22),
("4444444444444449", "Ava", "Perez", 2023, 5, 789, 23),
("5555555555555552", "William", "Clark", 2022, 10, 321, 24),
("6666666666666663", "Isabella", "Taylor", 2023, 2, 654, 25),
("7777777777777773", "Elijah", "Thomas", 2024, 6, 987, 26),
("8888888888888883", "Olivia", "Smith", 2022, 11, 234, 27),
("9999999999999990", "Logan", "Brown", 2025, 3, 567, 28),
("1010101010101111", "Mia", "Johnson", 2023, 7, 890, 29),
("1111111111111234", "Lucas", "White", 2024, 1, 432, 30),
("1212121212121123", "Ella", "Roberts", 2024, 12, 123, 31),
("1313131313131111", "Daniel", "Jones", 2025, 8, 456, 32),
("1414141414141411", "Lily", "Hall", 2023, 5, 789, 33),
("1515151515151511", "Jackson", "Clark", 2022, 10, 321, 34),
("1616161616161611", "Grace", "Miller", 2023, 2, 654, 35),
("1717171717171711", "Matthew", "Taylor", 2024, 6, 987, 36),
("1818181818181811", "Ava", "Anderson", 2022, 11, 234, 37),
("1919191919191911", "William", "White", 2025, 3, 567, 38),
("2020202020202021", "Sophia", "Brown", 2023, 7, 890, 39),
("2121212121212243", "Lucas", "Johnson", 2024, 1, 432, 40),
("3131313131313244", "Aiden", "Thompson", 2024, 12, 123, 41),
("4141414141414142", "Sophia", "Miller", 2025, 8, 456, 42),
("5151515151515123", "Lucas", "Brown", 2023, 5, 789, 43),
("6161616161616112", "Lily", "Clark", 2022, 10, 321, 44),
("7171717171711231", "Jackson", "Taylor", 2023, 2, 654, 45),
("8181818181818134", "Grace", "Anderson", 2024, 6, 987, 46),
("9191919191919112", "Daniel", "White", 2022, 11, 234, 47),
("1010101010102343", "Emma", "Roberts", 2025, 3, 567, 48),
("1212121212122433", "Matthew", "Jones", 2023, 7, 890, 49),
("1313131313132434", "Ava", "Hall", 2024, 1, 432, 50),
("1414141414234242", "Ella", "Brown", 2024, 12, 123, 51),
("1515151515242423", "Daniel", "Clark", 2025, 8, 456, 52),
("1616161612342434", "Ava", "Smith", 2023, 5, 789, 53),
("1717171717123424", "Lucas", "Anderson", 2022, 10, 801, 54),
("1818181818124243", "Sophia", "Taylor", 2023, 2, 654, 55),
("1919191924242342", "William", "White", 2024, 6, 987, 56),
("2020202043354656", "Isabella", "Johnson", 2022, 11, 234, 57),
("2121212125675675", "Jackson", "Thomas", 2025, 3, 567, 58),
("2222222576575675", "Grace", "Roberts", 2023, 7, 890, 59),
("2323232323232323", "tek", "Hall", 2024, 1, 432, 60),
("3131313131657657", "Ethan", "Anderson", 2024, 12, 123, 61),
("4141457657567567", "Olivia", "Taylor", 2025, 8, 456, 62),
("5151515158908909", "Liam", "White", 2023, 5, 789, 63),
("6161616161890980", "Emma", "Jones", 2022, 10, 321, 64),
("7171717980890898", "Mia", "Clark", 2023, 2, 654, 65),
("8181818189089089", "Lucas", "Brown", 2024, 6, 987, 66),
("9191918908908908", "Isabella", "Smith", 2022, 11, 234, 67),
("1010101089080890", "Jackson", "Roberts", 2025, 3, 567, 68),
("1212128908908908", "Sophia", "Miller", 2023, 7, 890, 69),
("1313132785682528", "Aiden", "Hall", 2024, 1, 432, 70),
("1414142757655555", "Ella", "Anderson", 2024, 12, 123, 71),
("1515155727527675", "Daniel", "Taylor", 2025, 8, 456, 72),
("1616161615798598", "Ava", "White", 2023, 5, 789, 73),
("1717171898558787", "Lucas", "Brown", 2022, 10, 321, 74),
("1818187979759757", "Sophia", "Miller", 2023, 2, 654, 75),
("1978797795797957", "William", "Clark", 2024, 6, 987, 76),
("2020202020234535", "Isabella", "Smith", 2022, 11, 234, 77),
("2121217543657537", "Jackson", "Roberts", 2025, 3, 567, 78),
("2222225366556335", "Grace", "Jones", 2023, 7, 890, 79),
("2323235573564735", "Liam", "Hall", 2024, 1, 432, 80),
("3131313131154354", "Emma", "Clark", 2024, 12, 123, 81),
("4141414148646867", "Oliver", "White", 2025, 8, 456, 82),
("5151515146154343", "Ava", "Roberts", 2023, 5, 789, 83),
("6161619599579797", "Liam", "Miller", 2022, 10, 321, 84),
("7171789858875797", "Sophia", "Taylor", 2023, 2, 654, 85),
("8181377657356785", "Jackson", "Brown", 2024, 6, 987, 86),
("9191919106898774", "Isabella", "Smith", 2022, 11, 234, 87),
("1018069674263624", "Lucas", "Jones", 2025, 3, 567, 88),
("1286908964575637", "Mia", "Anderson", 2023, 7, 890, 89),
("1313131313996684", "Aiden", "Hall", 2024, 1, 432, 90),
("1414142645442426", "Ella", "White", 2024, 12, 123, 91),
("1515151578574663", "Daniel", "Roberts", 2025, 8, 456, 92),
("1616195857756353", "Ava", "Taylor", 2023, 5, 789, 93),
("1717171717122457", "Lucas", "Brown", 2022, 10, 321, 94),
("1818114535134424", "Sophia", "Clark", 2023, 2, 654, 95),
("1919191959795797", "William", "Miller", 2024, 6, 987, 96),
("2020202465446477", "Isabella", "Smith", 2022, 11, 234, 97),
("2121218978674545", "Jackson", "Jones", 2025, 3, 567, 98),
("2228968765443623", "Grace", "Anderson", 2023, 7, 890, 99),
("2328967865564432", "Liam", "Hall", 2024, 1, 432, 100),
("1234564764565435", "Ella", "Johnson", 2024, 12, 123, 1),
("2345676876978654", "Daniel", "Smith", 2025, 8, 456, 2),
("3456789087654332", "Ava", "Brown", 2023, 5, 789, 3),
("4567866754335233", "Lucas", "Taylor", 2022, 10, 321, 4),
("5678965545445465", "Sophia", "Miller", 2023, 2, 654, 5),
("6789012345678901", "William", "Davis", 2024, 6, 987, 6),
("7890123456789012", "Isabella", "Jones", 2022, 11, 234, 7),
("8901234567890123", "Jackson", "Anderson", 2025, 3, 567, 8),
("9012345678901234", "Grace", "White", 2023, 7, 890, 9),
("1234012345012345", "Liam", "Hall", 2024, 1, 432, 10),
("1111265365546555", "Sophia", "Johnson", 2024, 12, 123, 11),
("2222333344445555", "Jackson", "Smith", 2025, 8, 456, 12),
("3333444455556666", "Olivia", "Brown", 2023, 5, 789, 13),
("4444555566667777", "Liam", "Taylor", 2022, 10, 321, 14),
("5555666677778888", "Emma", "Miller", 2023, 2, 654, 15),
("6666777788889999", "Aiden", "Davis", 2024, 6, 987, 16),
("7777888899990000", "Isabella", "Jones", 2022, 11, 234, 17),
("8888999900001111", "Lucas", "Anderson", 2025, 3, 567, 18),
("9999000011112223", "Mia", "White", 2023, 7, 890, 19),
("1010113452634665", "Ethan", "Hall", 2024, 1, 432, 20),
("1234567845345766", "Liam", "Brown", 2024, 12, 123, 30),
("2345674525475666", "Emma", "Taylor", 2025, 8, 456, 31),
("3456789015557366", "Oliver", "Miller", 2023, 5, 789, 32),
("4567890123456789", "Ava", "Clark", 2022, 10, 321, 33),
("5678901234567890", "Jackson", "Jones", 2023, 2, 654, 34),
("6789012345678923", "Sophia", "Davis", 2024, 6, 987, 35),
("7890123456789023", "Isabella", "Anderson", 2022, 11, 234, 36),
("8901234567892323", "Lucas", "White", 2025, 3, 567, 37),
("9012345678901223", "Mia", "Smith", 2023, 7, 890, 38),
("1234012345012323", "Ethan", "Roberts", 2024, 1, 432, 39),
("1111225452442455", "Sophia", "Johnson", 2024, 12, 123, 51),
("2222565365564534", "Jackson", "Smith", 2025, 8, 456, 53),
("3245452454524254", "Olivia", "Brown", 2023, 5, 789, 55),
("4453454454224544", "Liam", "Taylor", 2022, 10, 321, 57),
("4552444252454444", "Emma", "Miller", 2023, 2, 654, 59),
("6666724545245444", "Aiden", "Davis", 2024, 6, 987, 61),
("7777866674764746", "Isabella", "Jones", 2022, 11, 234, 63),
("8888425356767454", "Lucas", "Anderson", 2025, 3, 567, 65),
("9999064574622544", "Mia", "White", 2023, 7, 890, 67),
("1010101467454433", "Ethan", "Hall", 2024, 1, 432, 69),
("4111111344524411", "Sophia", "Johnson", 2024, 12, 123, 2),
("5111452441111111", "Jackson", "Smith", 2025, 8, 456, 3),
("7245452111111111", "Olivia", "Brown", 2023, 5, 789, 5),
("9111114531111111", "Liam", "Taylor", 2022, 10, 321, 7),
("1311111534111111", "Emma", "Miller", 2023, 2, 654, 11),
("1718587575111111", "Aiden", "Davis", 2024, 6, 987, 13),
("1911177767111111", "Isabella", "Jones", 2022, 11, 234, 17),
("2311111887111111", "Lucas", "Anderson", 2025, 3, 567, 19),
("2911534555111111", "Mia", "White", 2023, 7, 890, 23),
("3111664666111111", "Ethan", "Hall", 2024, 1, 432, 29);

-- Popolamento della tabella Recensioni
INSERT INTO Recensioni (Voto, Commento, Data_, Utente, Film)
VALUES
(4, "Ottimo film d'azione!", "2023-05-15", 1, 70),
(3, "Bello, ma poteva essere più lungo.", "2023-06-02", 9,7),
(5, "Regia eccezionale!", "2023-07-10", 12, 7),
(2, "Non è il mio genere preferito.", "2023-08-20", 34 ,7),
(4, "Buona trama, ma gli effetti speciali...", "2023-09-05", 45, 8),
(5, "Divertente e leggero, perfetto per una serata.", "2023-05-08", 94, 2),
(4, "Comicità ben dosata.", "2023-06-18", 1, 4),
(3, "Mi aspettavo di più...", "2023-07-25", 2, 1),
(5, "Non smetto di ridere!", "2023-08-12", 3, 1),
(2, "Un po' troppo banale.", "2023-09-30", 4, 1),
(3, "Un film che fa riflettere.", "2023-05-03", 1, 89),
(4, "Interessante ma un po' lento.", "2023-06-10", 1, 2),
(5, "Mi ha emozionato.", "2023-07-15", 2, 2),
(3, "Non è il mio stile.", "2023-08-25", 3, 2),
(2, "Troppo drammatico per i miei gusti.", "2023-09-14", 4, 2),
(5, "Fantascienza epica!", "2023-05-21", 9, 6),
(4, "Intrigante e ben sviluppato.", "2023-06-30", 1, 3),
(3, "Belle idee, ma esecuzione mediocre.", "2023-07-08", 2, 3),
(5, "Uno dei migliori del genere.", "2023-08-15", 3, 3),
(2, "Non mi ha coinvolto.", "2023-09-22", 4, 3),
(2, "Mi ha fatto saltare dalla sedia!", "2023-05-12", 5, 4),
(3, "Atmosfera cupa, ma finale scontato.", "2023-06-05", 34, 8),
(4, "Perfetto per gli amanti dell'horror.", "2023-07-17", 2, 4),
(5, "Pensavo fosse peggio.", "2023-08-28", 3, 4),
(1, "Non consigliato per chi ha il cuore debole.", "2023-09-10", 4, 4),
(4, "Azione adrenalinica!", "2023-05-24", 5, 5),
(2, "Troppo prevedibile.", "2023-06-15", 1, 5),
(5, "Storia coinvolgente.", "2023-07-23", 2, 5),
(3, "Mi aspettavo di più.", "2023-08-02", 3, 5),
(4, "Grandi effetti speciali.", "2023-09-18", 4, 5),
(3, "Divertente ma dimenticabile.", "2023-05-07", 5, 6),
(4, "Chemistry tra gli attori fantastica!", "2023-06-14", 1, 6),
(2, "Sceneggiatura piatta.", "2023-07-20", 2, 6),
(5, "Un film che ti resta nel cuore.", "2023-08-08", 3, 6),
(4, "Belle location!", "2023-09-26", 4, 6),
(5, "Trama avvincente dall'inizio alla fine.", "2023-05-30", 5, 7),
(3, "Un po' troppo lungo.", "2023-06-22", 1, 7),
(4, "Colonna sonora eccezionale.", "2023-07-27", 2, 7),
(2, "Speravo in più azione.", "2023-08-16", 3, 7),
(5, "Fantastica interpretazione degli attori.", "2023-09-12", 4, 7),
(4, "Fantascienza ben bilanciata.", "2023-05-11", 5, 8),
(3, "Mi aspettavo più effetti speciali.", "2023-06-28", 1, 8),
(5, "Un viaggio emozionante.", "2023-07-12", 2, 8),
(2, "Non ha soddisfatto le mie aspettative.", "2023-08-21", 3, 8),
(4, "Atmosfera unica.", "2023-09-04", 4, 8),
(5, "Horror psicologico interessante.", "2023-05-17", 5, 9),
(4, "Suspense ben gestita.", "2023-06-08", 1, 9),
(3, "Forse un po' troppo prevedibile.", "2023-07-18", 72, 9),
(2, "Mi aspettavo qualcosa di diverso.", "2023-08-24", 3, 9),
(5, "Ti tiene incollato allo schermo!", "2023-09-16", 6, 9),
(4, "Una commedia leggera e divertente.", "2023-05-03", 5, 10),
(5, "Personaggi indimenticabili!", "2023-06-10", 19, 25),
(3, "Un po' scontato.", "2023-07-14", 2, 10),
(2, "Mi aspettavo più comicità.", "2023-08-30", 3, 10),
(4, "Bella fotografia.", "2023-09-19", 4, 10),
(5, "Un dramma toccante.", "2023-05-05", 5, 95),
(4, "Dialoghi ben scritti.", "2023-06-18", 99, 6),
(3, "Un po' lento all'inizio.", "2023-07-23", 2, 46),
(2, "Speravo in un finale diverso.", "2023-08-11", 3, 28),
(5, "Emozionante e ben interpretato.", "2023-09-28", 4, 11),
(4, "Una storia d'amore commovente.", "2023-05-09", 5, 12),
(3, "Colonna sonora romantica.", "2023-06-26", 10, 77),
(5, "Bel messaggio sul vero amore.", "2023-07-30", 2, 12),
(2, "Qualche cliché di troppo.", "2023-08-14", 3, 12),
(4, "Interpretazione convincente.", "2023-09-09", 87, 12),
(5, "Azione adrenalinica!", "2023-05-13", 5, 13),
(4, "Effetti speciali incredibili.", "2023-06-12", 100, 100),
(3, "Un po' troppo prevedibile.", "2023-07-16", 21, 13),
(2, "Mi aspettavo una trama più originale.", "2023-08-27", 3, 13),
(5, "Consigliato agli amanti dell'azione.", "2023-09-22", 4, 13),
(4, "Un giallo avvincente.", "2023-05-19", 7, 14),
(5, "Suspense fino all'ultimo minuto.", "2023-06-16", 94, 34),
(3, "Forse un po' troppo complicato.", "2023-07-25", 2, 14),
(2, "Il finale mi ha deluso.", "2023-08-04", 3, 14),
(4, "Bella fotografia.", "2023-09-13", 4, 14),
(4, "Un thriller avvincente.", "2023-05-23", 7, 15),
(5, "Colpi di scena inaspettati!", "2023-06-28", 80, 15),
(3, "Forse troppo prevedibile.", "2023-07-21", 2, 15),
(2, "Personaggi poco sviluppati.", "2023-08-06", 3, 15),
(4, "Suspense ben gestita.", "2023-09-15", 4, 15),
(5, "Fantascienza all'avanguardia.", "2023-05-29", 7, 16),
(4, "Effetti visivi strabilianti.", "2023-06-08", 19, 19),
(3, "Trama complessa.", "2023-07-19", 2, 16),
(2, "Mi aspettavo più originalità.", "2023-08-22", 3, 16),
(5, "Da vedere per gli amanti del genere.", "2023-09-05", 4, 16),
(4, "Una commedia brillante.", "2023-05-31", 7, 17),
(3, "Divertente ma un po' scontata.", "2023-06-14", 44, 67),
(5, "Attori fantastici!", "2023-07-26", 2, 17),
(2, "Umorismo troppo forzato.", "2023-08-08", 3, 29),
(4, "Una piacevole sorpresa.", "2023-09-25", 43, 87),
(5, "Dramma straziante.", "2023-06-02", 91, 18),
(4, "Interpretazioni intense.", "2023-06-20", 81, 82),
(3, "Un po' troppo lungo.", "2023-07-29", 25, 18),
(2, "Mi aspettavo un finale diverso.", "2023-08-17", 10, 18),
(4, "Racconto toccante.", "2023-09-10", 49, 18),
(5, "Azione e suspence ben bilanciate.", "2023-06-07", 9, 19),
(4, "Effetti speciali mozzafiato.", "2023-06-24", 76, 63),
(3, "Un po' troppo prevedibile.", "2023-07-31", 2, 19),
(2, "Mi aspettavo una trama più originale.", "2023-08-15", 3, 19),
(5, "Consigliato agli amanti dell'azione.", "2023-09-20", 4, 21),
(4, "Un giallo avvincente.", "2023-06-11", 9, 20),
(5, "Suspense fino all'ultimo minuto.", "2023-06-30", 1, 60),
(3, "Forse un po' troppo complicato.", "2023-07-28", 2, 20),
(2, "Il finale mi ha deluso.", "2023-08-02", 3, 20),
(4, "Bella fotografia.", "2023-09-12", 4, 20),
(5, "Fantasy epico, consigliatissimo!", "2023-06-15", 9, 21),
(4, "Effetti speciali spettacolari.", "2023-06-25", 1, 21),
(3, "Trama un po' troppo prevedibile.", "2023-07-30", 2, 21),
(2, "Personaggi poco sviluppati.", "2023-08-10", 3, 98),
(4, "Colonna sonora memorabile.", "2023-09-18", 86, 21),
(5, "Commedia brillante e divertente.", "2023-06-18", 9, 22),
(4, "Battute irresistibili.", "2023-07-02", 1, 22),
(3, "Forse un po' troppo lunga.", "2023-07-29", 2, 22),
(2, "Mi aspettavo di più dalla trama.", "2023-08-14", 3, 22),
(4, "Da vedere con gli amici.", "2023-09-22", 4, 22),
(5, "Dramma toccante e emozionante.", "2023-06-20", 8, 23),
(4, "Attori straordinari.", "2023-07-05", 1, 23),
(3, "Un po' troppo sentimentale.", "2023-07-31", 2, 23),
(2, "Mi aspettavo un finale diverso.", "2023-08-16", 3, 23),
(4, "Racconto potente sulla resilienza umana.", "2023-09-25", 4, 23),
(5, "Azione mozzafiato!", "2023-06-22", 8, 24),
(4, "Combattimenti coreografati alla perfezione.", "2023-07-10", 1, 24),
(3, "Forse un po' troppo violento per i miei gusti.", "2023-08-02", 2, 24),
(2, "Trama scontata.", "2023-08-18", 3, 24),
(4, "Consigliato agli amanti dell'adrenalina.", "2023-09-15", 4, 24),
(5, "Thriller psicologico avvincente.", "2023-06-28", 8, 25),
(4, "Suspense ben costruita.", "2023-07-15", 1, 25),
(3, "Finale un po' deludente.", "2023-08-05", 2, 25),
(2, "Mi aspettavo più colpi di scena.", "2023-08-20", 3, 25),
(4, "Mantiene alta l'attenzione dall'inizio alla fine.", "2023-09-10", 4, 25),
(5, "Intrighi politici ben sviluppati.", "2023-06-30", 8, 26),
(4, "Costumi e scenografie eccezionali.", "2023-07-18", 1, 26),
(3, "Dialoghi un po' troppo prolissi.", "2023-08-08", 2, 26),
(2, "Personaggi poco convincenti.", "2023-08-22", 3, 26),
(4, "Interessante riflessione sulla società.", "2023-09-12", 4, 26),
(5, "Sci-fi innovativo e avvincente.", "2023-07-02", 6, 27),
(4, "Effetti speciali all'avanguardia.", "2023-07-20", 1, 27),
(3, "Forse un po' troppo complesso.", "2023-08-10", 21 , 27),
(2, "Colonna sonora poco memorabile.", "2023-08-24", 3, 27),
(4, "Consigliato agli amanti del genere.", "2023-09-14", 4, 27),
(5, "Avventura epica con sequenze mozzafiato.", "2023-07-05", 6, 28),
(4, "Molto divertente, adatto a tutte le età.", "2023-07-22", 1, 28),
(3, "Forse un po' troppo lungo per i bambini.", "2023-08-12", 2, 28),
(2, "Soggetto poco originale.", "2023-08-26", 36, 28),
(4, "Consigliato per una serata in famiglia.", "2023-09-16", 4, 28),
(4, "Suspense ben gestita.", "2023-07-24", 18, 29),
(3, "Alcuni buchi di trama.", "2023-08-15", 2, 29),
(2, "Non molto originale.", "2023-08-28", 33, 29),
(4, "Consigliato agli amanti del mistero.", "2023-09-18", 4, 29),
(4, "Effetti speciali strabilianti.", "2023-07-28", 1, 30),
(3, "Forse un po' troppo tecnico per i non appassionati.", "2023-08-18", 2, 30),
(2, "Mi aspettavo una trama più coinvolgente.", "2023-08-30", 3, 30),
(4, "Consigliato agli appassionati del genere.", "2023-09-20", 4, 30),
(5, "Molto emozionante, mi ha commosso.", "2023-07-17", 67, 31),
(4, "Colonna sonora indimenticabile.", "2023-07-30", 22, 31),
(3, "Un po' lento all'inizio, ma si riprende.", "2023-08-20", 89, 31),
(2, "Non è il mio genere preferito.", "2023-09-02", 45, 31),
(4, "Consigliato per una serata romantica.", "2023-09-22", 12, 31),
(5, "Suspense e azione perfettamente bilanciate.", "2023-07-19", 91, 32),
(4, "Personaggi ben sviluppati.", "2023-08-02", 55, 32),
(3, "Mi aspettavo qualcosa di diverso.", "2023-08-22", 76, 32),
(2, "Un po' troppo prevedibile.", "2023-09-04", 33, 32),
(4, "Da vedere almeno una volta.", "2023-09-24", 78, 32),
(5, "Mi ha tenuto con il fiato sospeso fino alla fine.", "2023-07-21", 14, 33),
(4, "Atmosfera cupa e avvolgente.", "2023-08-04", 88, 33),
(3, "Forse un po' troppo complicato.", "2023-08-24", 19, 33),
(2, "Mi aspettavo qualcosa di più.", "2023-09-06", 61, 33),
(4, "Consigliato agli amanti del genere thriller.", "2023-09-26", 97, 33),
(5, "Commedia intelligente e divertente.", "2023-07-23", 34, 34),
(4, "Umorismo ben calibrato.", "2023-08-06", 79, 34),
(3, "Non tutti gli sketch sono riusciti.", "2023-08-26", 56, 34),
(2, "Mi aspettavo qualcosa di più originale.", "2023-09-08", 10, 34),
(4, "Consigliato per una serata leggera.", "2023-09-28", 43, 34),
(5, "Colpo di scena inaspettato.", "2023-07-25", 98, 35),
(4, "Interpretazioni eccellenti.", "2023-08-08", 44, 35),
(3, "Forse un po' troppo drammatico per il mio gusto.", "2023-08-28", 21, 35),
(2, "Mi aspettavo una trama diversa.", "2023-09-10", 77, 35),
(4, "Consigliato agli amanti del cinema d'autore.", "2023-09-30", 32, 35),
(5, "Un capolavoro assoluto!", "2023-07-27", 66, 36),
(4, "Suspense impeccabile.", "2023-08-10", 12, 36),
(3, "Non è stato male, ma ho visto di meglio.", "2023-08-30", 45, 36),
(2, "Mi aspettavo qualcosa di diverso.", "2023-09-12", 88, 36),
(4, "Consigliato per gli amanti del mistero.", "2023-10-02", 23, 36),
(5, "Emozionante dall'inizio alla fine.", "2023-07-29", 78, 37),
(4, "Buona fotografia e regia.", "2023-08-12", 33, 37),
(3, "Un po' troppo lungo per il mio gusto.", "2023-09-01", 56, 37),
(2, "Mi aspettavo una trama più avvincente.", "2023-09-14", 90, 37),
(4, "Consigliato per gli amanti del cinema indie.", "2023-10-04", 67, 37),
(5, "Personaggi indimenticabili.", "2023-07-31", 21, 38),
(4, "Colonna sonora memorabile.", "2023-08-14", 87, 38),
(3, "La trama è un po' scontata.", "2023-09-03", 42, 38),
(2, "Mi aspettavo più azione.", "2023-09-16", 14, 38),
(4, "Consigliato per gli appassionati di fantascienza.", "2023-10-06", 76, 38),
(5, "Intenso e commovente.", "2023-08-02", 55, 39),
(4, "Ben scritto e ben recitato.", "2023-08-16", 89, 39),
(3, "Forse un po' troppo melodrammatico.", "2023-09-05", 23, 39),
(2, "Mi aspettavo un finale diverso.", "2023-09-18", 67, 39),
(4, "Consigliato per gli amanti del genere drammatico.", "2023-10-08", 32, 39),
(5, "Intrigante e pieno di colpi di scena.", "2023-08-04", 76, 40),
(4, "Regia impeccabile.", "2023-08-18", 43, 40),
(3, "Mi aspettavo una conclusione diversa.", "2023-09-07", 10, 40),
(2, "Un po' troppo complicato.", "2023-09-20", 55, 40),
(4, "Consigliato per gli amanti del thriller psicologico.", "2023-10-10", 78, 40),
(5, "Divertente e leggero.", "2023-08-06", 34, 41),
(4, "Ottima commedia.", "2023-08-20", 78, 41),
(3, "Un po' troppo prevedibile.", "2023-09-09", 21, 41),
(2, "Mi aspettavo qualcosa di diverso.", "2023-09-22", 44, 41),
(4, "Consigliato per una serata leggera.", "2023-10-12", 99, 41),
(5, "Storia avvincente.", "2023-08-08", 56, 42),
(4, "Effetti speciali straordinari.", "2023-08-22", 12, 42),
(3, "Un po' lento all'inizio.", "2023-09-11", 67, 42),
(2, "Mi aspettavo più azione.", "2023-09-24", 33, 42),
(4, "Consigliato per gli amanti del fantasy.", "2023-10-14", 88, 42),
(5, "Trama avvincente e originale.", "2023-08-10", 23, 43),
(4, "Buona chimica tra gli attori.", "2023-08-24", 67, 43),
(3, "Forse un po' troppo lungo.", "2023-09-13", 45, 43),
(2, "Mi aspettavo una conclusione diversa.", "2023-09-26", 11, 43),
(4, "Consigliato per gli amanti del mistero.", "2023-10-16", 55, 43),
(5, "Suspense ben mantenuta.", "2023-08-12", 89, 44),
(4, "Colpi di scena inaspettati.", "2023-08-26", 32, 44),
(3, "Personaggi ben sviluppati.", "2023-09-15", 66, 44),
(2, "Mi aspettavo una trama più avvincente.", "2023-09-28", 22, 44),
(4, "Consigliato per gli amanti del thriller.", "2023-10-18", 77, 44),
(5, "Davvero commovente.", "2023-08-14", 10, 45),
(4, "Buona regia e fotografia.", "2023-08-28", 44, 45),
(3, "Un po' scontato.", "2023-09-17", 78, 45),
(2, "Mi aspettavo un finale diverso.", "2023-09-30", 33, 45),
(4, "Consigliato per gli amanti del dramma.", "2023-10-20", 90, 45),
(5, "Incredibile, non posso smettere di pensarci.", "2023-08-16", 76, 46),
(4, "Emozionante dall'inizio alla fine.", "2023-08-30", 21, 46),
(3, "Un po' prevedibile, ma ancora divertente.", "2023-09-19", 54, 46),
(2, "Mi aspettavo di più dal finale.", "2023-10-02", 88, 46),
(4, "Consigliato per gli amanti del genere fantasy.", "2023-10-22", 12, 46),
(5, "La trama è così coinvolgente!", "2023-08-18", 33, 47),
(4, "Effetti speciali davvero ben fatti.", "2023-09-01", 67, 47),
(3, "Forse un po' troppo lungo.", "2023-09-21", 45, 47),
(2, "Mi aspettavo una conclusione diversa.", "2023-10-04", 11, 47),
(4, "Consigliato per gli amanti dell'azione.", "2023-10-24", 55, 47),
(5, "Suspense ben mantenuta.", "2023-08-20", 22, 48),
(4, "Colpi di scena inaspettati.", "2023-09-03", 66, 48),
(3, "Personaggi ben sviluppati.", "2023-09-23", 32, 48),
(2, "Mi aspettavo una trama più avvincente.", "2023-10-06", 77, 48),
(4, "Consigliato per gli amanti del thriller.", "2023-10-26", 89, 48),
(5, "Davvero commovente.", "2023-08-22", 44, 49),
(4, "Buona regia e fotografia.", "2023-09-05", 78, 49),
(3, "Un po' scontato.", "2023-09-25", 33, 49),
(2, "Mi aspettavo un finale diverso.", "2023-10-08", 90, 49),
(4, "Consigliato per gli amanti del dramma.", "2023-10-28", 10, 49),
(5, "Incredibile, non posso smettere di pensarci.", "2023-08-24", 21, 50),
(4, "Emozionante dall'inizio alla fine.", "2023-09-07", 54, 50),
(3, "Un po' prevedibile, ma ancora divertente.", "2023-09-27", 88, 50),
(2, "Mi aspettavo di più dal finale.", "2023-10-10", 12, 50),
(4, "Consigliato per gli amanti del genere fantasy.", "2023-10-30", 76, 50),
(5, "La trama è così coinvolgente!", "2023-08-26", 45, 51),
(4, "Effetti speciali davvero ben fatti.", "2023-09-09", 11, 51),
(3, "Forse un po' troppo lungo.", "2023-09-29", 55, 51),
(2, "Mi aspettavo una conclusione diversa.", "2023-10-12", 89, 51),
(4, "Consigliato per gli amanti dell'azione.", "2023-10-31", 33, 51),
(5, "Suspense ben mantenuta.", "2023-08-28", 67, 52),
(4, "Colpi di scena inaspettati.", "2023-09-11", 32, 52),
(3, "Personaggi ben sviluppati.", "2023-10-01", 77, 52),
(2, "Mi aspettavo una trama più avvincente.", "2023-10-14", 22, 52),
(4, "Consigliato per gli amanti del thriller.", "2023-11-02", 66, 52),
(5, "Davvero commovente.", "2023-08-30", 78, 53),
(4, "Buona regia e fotografia.", "2023-09-13", 33, 53),
(3, "Un po' scontato.", "2023-10-03", 96, 53),
(2, "Mi aspettavo un finale diverso.", "2023-10-16", 10, 53),
(4, "Consigliato per gli amanti del dramma.", "2023-11-04", 44, 53),
(5, "Incredibile, non posso smettere di pensarci.", "2023-09-01", 88, 54),
(4, "Emozionante dall'inizio alla fine.", "2023-09-15", 12, 54),
(3, "Un po' prevedibile, ma ancora divertente.", "2023-10-05", 76, 54),
(2, "Mi aspettavo di più dal finale.", "2023-10-18", 28, 54),
(4, "Consigliato per gli amanti del genere fantasy.", "2023-11-06", 54, 54),
(5, "La trama è così coinvolgente!", "2023-09-03", 11, 55),
(4, "Effetti speciali davvero ben fatti.", "2023-09-17", 55, 55),
(3, "Forse un po' troppo lungo.", "2023-10-07", 99, 55),
(2, "Mi aspettavo una conclusione diversa.", "2023-10-20", 33, 55),
(4, "Consigliato per gli amanti dell'azione.", "2023-11-08", 67, 55),
(5, "La trama è così coinvolgente!", "2023-09-05", 45, 56),
(4, "Effetti speciali davvero ben fatti.", "2023-09-19", 11, 56),
(3, "Forse un po' troppo lungo.", "2023-10-09", 55, 56),
(2, "Mi aspettavo una conclusione diversa.", "2023-10-22", 89, 56),
(4, "Consigliato per gli amanti dell'azione.", "2023-11-10", 33, 56),
(5, "Suspense ben mantenuta.", "2023-09-07", 67, 57),
(4, "Colpi di scena inaspettati.", "2023-09-21", 32, 57),
(3, "Personaggi ben sviluppati.", "2023-10-11", 77, 57),
(2, "Mi aspettavo una trama più avvincente.", "2023-10-24", 22, 57),
(4, "Consigliato per gli amanti del thriller.", "2023-11-12", 66, 57),
(5, "Davvero commovente.", "2023-09-09", 78, 58),
(4, "Buona regia e fotografia.", "2023-09-23", 33, 58),
(3, "Un po' scontato.", "2023-10-13", 90, 58),
(2, "Mi aspettavo un finale diverso.", "2023-10-26", 10, 58),
(4, "Consigliato per gli amanti del dramma.", "2023-11-14", 44, 58),
(5, "Incredibile, non posso smettere di pensarci.", "2023-09-11", 88, 59),
(4, "Emozionante dall'inizio alla fine.", "2023-09-25", 12, 59),
(3, "Un po' prevedibile, ma ancora divertente.", "2023-10-15", 76, 59),
(2, "Mi aspettavo di più dal finale.", "2023-10-28", 21, 59),
(4, "Consigliato per gli amanti del genere fantasy.", "2023-11-16", 54, 59),
(5, "La trama è così coinvolgente!", "2023-09-13", 11, 60),
(4, "Effetti speciali davvero ben fatti.", "2023-09-27", 55, 60),
(3, "Forse un po' troppo lungo.", "2023-10-17", 89, 60),
(2, "Mi aspettavo una conclusione diversa.", "2023-10-30", 33, 60),
(4, "Consigliato per gli amanti dell'azione.", "2023-11-18", 67, 60),
(5, "La trama è coinvolgente e piena di colpi di scena!", "2023-09-15", 45, 61),
(4, "Buona interpretazione degli attori.", "2023-09-29", 11, 61),
(3, "La durata del film potrebbe essere ridotta.", "2023-10-19", 55, 61),
(2, "Mi aspettavo un finale diverso.", "2023-11-01", 89, 61),
(4, "Consigliato per gli amanti del mistero.", "2023-11-20", 33, 61),
(5, "Azione adrenalinica!", "2023-09-17", 67, 62),
(4, "Effetti visivi spettacolari.", "2023-10-01", 32, 62),
(3, "Forse un po' troppo prevedibile.", "2023-10-21", 77, 62),
(2, "Mi aspettavo di più dallo sviluppo dei personaggi.", "2023-11-03", 22, 62),
(4, "Consigliato per gli amanti dell'avventura.", "2023-11-22", 66, 62),
(5, "Intrigo e suspence fino all'ultima scena.", "2023-09-19", 78, 63),
(4, "Colonna sonora eccezionale.", "2023-10-03", 33, 63),
(3, "Il finale mi ha lasciato perplesso.", "2023-10-23", 90, 63),
(2, "Mi aspettavo una trama più originale.", "2023-11-05", 10, 63),
(4, "Consigliato per gli amanti del thriller psicologico.", "2023-11-24", 44, 63),
(5, "Emozionante e toccante.", "2023-09-21", 88, 64),
(4, "Regia impeccabile.", "2023-10-05", 12, 64),
(3, "Qualche buco di trama.", "2023-10-25", 76, 64),
(2, "Mi aspettavo più dialoghi significativi.", "2023-11-07", 21, 64),
(4, "Consigliato per gli amanti del dramma.", "2023-11-26", 54, 64),
(5, "La trama è coinvolgente e piena di colpi di scena!", "2023-09-23", 11, 65),
(4, "Buona interpretazione degli attori.", "2023-10-07", 55, 65),
(3, "La durata del film potrebbe essere ridotta.", "2023-10-27", 89, 65),
(2, "Mi aspettavo un finale diverso.", "2023-11-09", 33, 65),
(4, "Consigliato per gli amanti del mistero.", "2023-11-28", 67, 65),
(5, "La trama è coinvolgente e piena di colpi di scena!", "2023-09-25", 22, 66),
(4, "Buona interpretazione degli attori.", "2023-10-09", 66, 66),
(3, "La durata del film potrebbe essere ridotta.", "2023-10-29", 10, 66),
(2, "Mi aspettavo un finale diverso.", "2023-11-11", 54, 66),
(4, "Consigliato per gli amanti del mistero.", "2023-11-30", 78, 66),
(5, "Azione adrenalinica!", "2023-09-27", 33, 67),
(4, "Effetti visivi spettacolari.", "2023-10-11", 67, 67),
(3, "Forse un po' troppo prevedibile.", "2023-10-31", 11, 67),
(2, "Mi aspettavo di più dallo sviluppo dei personaggi.", "2023-11-13", 55, 67),
(4, "Consigliato per gli amanti dell'avventura.", "2023-12-02", 89, 67),
(5, "Intrigo e suspence fino all'ultima scena.", "2023-09-29", 44, 68),
(4, "Colonna sonora eccezionale.", "2023-10-13", 88, 68),
(3, "Il finale mi ha lasciato perplesso.", "2023-11-02", 32, 68),
(2, "Mi aspettavo una trama più originale.", "2023-11-15", 76, 68),
(4, "Consigliato per gli amanti del thriller psicologico.", "2023-12-04", 21, 68),
(5, "Emozionante e toccante.", "2023-10-01", 55, 69),
(4, "Regia impeccabile.", "2023-10-15", 89, 69),
(3, "Qualche buco di trama.", "2023-11-04", 33, 69),
(2, "Mi aspettavo più dialoghi significativi.", "2023-11-17", 67, 69),
(4, "Consigliato per gli amanti del dramma.", "2023-12-06", 11, 69),
(5, "La trama è coinvolgente e piena di colpi di scena!", "2023-10-03", 67, 70),
(4, "Buona interpretazione degli attori.", "2023-10-17", 11, 70),
(3, "La durata del film potrebbe essere ridotta.", "2023-11-06", 55, 70),
(2, "Mi aspettavo un finale diverso.", "2023-11-19", 89, 70),
(4, "Consigliato per gli amanti del mistero.", "2023-12-08", 33, 70),
(5, "Storia avvincente e ben sviluppata.", "2023-10-05", 22, 71),
(4, "Effetti speciali straordinari.", "2023-10-19", 71, 71),
(3, "Forse il ritmo è un po' lento.", "2023-11-08", 10, 71),
(2, "Mi aspettavo una conclusione diversa.", "2023-11-21", 54, 71),
(4, "Consigliato per gli amanti della fantascienza.", "2023-12-10", 78, 71),
(5, "Suspense e colpi di scena ben orchestrati.", "2023-10-07", 33, 72),
(4, "Sceneggiatura intelligente.", "2023-10-21", 72, 72),
(3, "Il personaggio principale mi è sembrato piatto.", "2023-11-10", 11, 72),
(2, "Mi aspettavo una trama più intricata.", "2023-11-23", 55, 72),
(4, "Consigliato per gli amanti del giallo.", "2023-12-12", 89, 72),
(5, "Emozionante dall'inizio alla fine.", "2023-10-09", 44, 73),
(4, "Fotografia straordinaria.", "2023-10-23", 88, 73),
(3, "Il finale mi ha lasciato perplesso.", "2023-11-12", 32, 73),
(2, "Mi aspettavo una conclusione diversa.", "2023-11-25", 76, 73),
(4, "Consigliato per gli amanti del dramma psicologico.", "2023-12-14", 21, 73),
(5, "Trama coinvolgente e imprevedibile.", "2023-10-11", 55, 74),
(4, "Regia impeccabile.", "2023-10-25", 89, 74),
(3, "Alcuni dialoghi sono piuttosto banali.", "2023-11-14", 33, 74),
(2, "Mi aspettavo una maggiore profondità.", "2023-11-27", 67, 74),
(4, "Consigliato per gli amanti del thriller.", "2023-12-16", 11, 74),
(5, "Intenso e commovente.", "2023-10-13", 67, 75),
(4, "Ottima performance degli attori.", "2023-10-27", 11, 75),
(3, "Il plot twist è stato prevedibile.", "2023-11-16", 55, 75),
(2, "Mi aspettavo un finale diverso.", "2023-11-29", 89, 75),
(4, "Consigliato per gli amanti del dramma.", "2023-12-18", 33, 75),
(5, "Intrigante e ben strutturato.", "2023-10-15", 23, 76),
(4, "Effetti visivi mozzafiato.", "2023-10-29", 76, 76),
(3, "Personaggi poco sviluppati.", "2023-11-18", 12, 76),
(2, "Mi aspettavo una trama più originale.", "2023-12-01", 56, 76),
(4, "Consigliato per gli amanti del fantasy.", "2023-12-20", 79, 76),
(5, "Suspense dal primo all'ultimo minuto.", "2023-10-17", 34, 77),
(4, "Scenografie dettagliate.", "2023-10-31", 77, 77),
(3, "Colonna sonora poco memorabile.", "2023-11-20", 13, 77),
(2, "Mi aspettavo un finale più epico.", "2023-12-03", 57, 77),
(4, "Consigliato per gli amanti dell'avventura.", "2023-12-22", 90, 77),
(5, "Emozionante e ben interpretato.", "2023-10-19", 45, 78),
(4, "Fotografia mozzafiato.", "2023-11-02", 78, 78),
(3, "Il ritmo è altalenante.", "2023-11-22", 22, 78),
(2, "Mi aspettavo una trama più complessa.", "2023-12-05", 66, 78),
(4, "Consigliato per gli amanti del dramma storico.", "2023-12-24", 34, 78),
(5, "Trama coinvolgente e imprevedibile.", "2023-10-21", 56, 79),
(4, "Regia impeccabile.", "2023-11-04", 79, 79),
(3, "Dialoghi un po' banali.", "2023-11-24", 23, 79),
(2, "Mi aspettavo una conclusione diversa.", "2023-12-07", 67, 79),
(4, "Consigliato per gli amanti del mistero.", "2023-12-26", 12, 79),
(5, "Intenso e commovente.", "2023-10-23", 68, 80),
(4, "Ottima interpretazione degli attori principali.", "2023-11-06", 80, 80),
(3, "Sviluppo dei personaggi un po' carente.", "2023-11-26", 24, 80),
(2, "Mi aspettavo un epilogo più significativo.", "2023-12-09", 65, 80),
(4, "Consigliato per gli amanti del dramma romantico.", "2023-12-28", 46, 80),
(5, "Trama coinvolgente e colpi di scena inaspettati.", "2023-10-25", 89, 81),
(4, "Effetti speciali di alta qualità.", "2023-11-08", 81, 81),
(3, "Dialoghi poco convincenti.", "2023-11-28", 45, 81),
(2, "Il finale è stato deludente.", "2023-12-11", 78, 81),
(4, "Consigliato per gli appassionati di fantascienza.", "2023-12-30", 33, 81),
(5, "Suspense ben gestita.", "2023-10-27", 12, 82),
(4, "Scenario suggestivo.", "2023-11-10", 82, 82),
(3, "Alcuni buchi nella trama.", "2023-11-30", 67, 82),
(2, "Mi aspettavo più azione.", "2023-12-13", 23, 82),
(4, "Consigliato per gli amanti del thriller.", "2024-01-02", 56, 82),
(5, "Coinvolgente dall'inizio alla fine.", "2023-10-29", 56, 83),
(4, "Atmosfera misteriosa e avvincente.", "2023-11-12", 83, 83),
(3, "Personaggi poco sviluppati.", "2023-12-01", 34, 83),
(2, "Il colpo di scena finale è stato scontato.", "2023-12-15", 90, 83),
(4, "Consigliato per gli amanti del genere crime.", "2024-01-04", 12, 83),
(5, "Recitazione eccezionale.", "2023-11-02", 45, 84),
(4, "Fotografia straordinaria.", "2023-11-15", 84, 84),
(3, "Sviluppo della trama un po' lento.", "2023-12-04", 78, 84),
(2, "Finale aperto e inconcludente.", "2023-12-18", 23, 84),
(4, "Consigliato per gli amanti del dramma psicologico.", "2024-01-06", 67, 84),
(5, "Emozionante e ben diretto.", "2023-11-04", 23, 85),
(4, "Scenografie realistiche.", "2023-11-18", 85, 85),
(3, "Colonna sonora poco memorabile.", "2023-12-07", 56, 85),
(2, "Mi aspettavo una trama più complessa.", "2023-12-21", 12, 85),
(4, "Consigliato per gli amanti del genere storico.", "2024-01-08", 89, 85),
(5, "Trama avvincente e personaggi ben sviluppati.", "2023-11-06", 34, 86),
(4, "Effetti visivi straordinari.", "2023-11-20", 86, 86),
(3, "Colonna sonora troppo invasiva.", "2023-12-09", 67, 86),
(2, "Il finale è risultato prevedibile.", "2023-12-23", 45, 86),
(4, "Consigliato per gli amanti della fantasia.", "2024-01-10", 23, 86),
(5, "Suspense e azione ben bilanciate.", "2023-11-08", 78, 87),
(4, "Visualmente spettacolare.", "2023-11-22", 87, 87),
(3, "Dialoghi un po' forzati.", "2023-12-11", 12, 87),
(2, "Il ritmo del film è altalenante.", "2023-12-25", 56, 87),
(4, "Consigliato per gli amanti del genere thriller.", "2024-01-12", 90, 87),
(5, "Storia emozionante e ben raccontata.", "2023-11-10", 23, 88),
(4, "Scenario coinvolgente.", "2023-11-24", 88, 88),
(3, "Personaggi poco memorabili.", "2023-12-13", 56, 88),
(2, "Svolgimento della trama prevedibile.", "2023-12-27", 78, 88),
(4, "Consigliato per gli amanti dei drammi romantici.", "2024-01-14", 34, 88),
(5, "Recitazione straordinaria.", "2023-11-12", 45, 89),
(4, "Fotografia eccezionale.", "2023-11-26", 89, 89),
(3, "Il ritmo del film è un po' lento.", "2023-12-15", 90, 89),
(2, "Il finale è stato deludente.", "2023-12-29", 12, 89),
(4, "Consigliato per gli amanti dei thriller psicologici.", "2024-01-16", 67, 89),
(5, "Emozionante fino all'ultimo minuto.", "2023-11-14", 34, 90),
(4, "Effetti speciali di alta qualità.", "2023-11-28", 90, 90),
(3, "Colonna sonora poco memorabile.", "2023-12-17", 23, 90),
(2, "Il finale è risultato scontato.", "2023-12-31", 56, 90),
(4, "Consigliato per gli amanti della fantascienza.", "2024-01-18", 78, 90),
(5, "Intrigo avvincente e ben strutturato.", "2023-11-16", 45, 91),
(4, "Effetti speciali sorprendenti.", "2023-11-30", 91, 91),
(3, "Colonna sonora poco ispirata.", "2023-12-19", 78, 91),
(2, "Il finale è stato un po' forzato.", "2024-01-02", 23, 91),
(4, "Consigliato per gli amanti dei thriller.", "2024-01-20", 56, 91),
(5, "Emozionante e coinvolgente.", "2023-11-18", 90, 92),
(4, "Visivamente straordinario.", "2023-12-02", 92, 92),
(3, "Dialoghi un po' artificiosi.", "2023-12-21", 34, 92),
(2, "Il ritmo del film è altalenante.", "2024-01-04", 67, 92),
(4, "Consigliato per gli amanti dell'avventura.", "2024-01-22", 12, 92),
(5, "Storia avvincente e ben raccontata.", "2023-11-20", 56, 93),
(4, "Fotografia di alta qualità.", "2023-12-04", 93, 93),
(3, "Personaggi poco sviluppati.", "2023-12-23", 12, 93),
(2, "Il finale è stato deludente.", "2024-01-06", 78, 93),
(4, "Consigliato per gli amanti dei drammi.", "2024-01-24", 90, 93),
(5, "Recitazione eccezionale.", "2023-11-22", 34, 94),
(4, "Effetti speciali ben realizzati.", "2023-12-06", 94, 94),
(3, "Il ritmo del film è un po' lento.", "2023-12-25", 67, 94),
(2, "Il finale è risultato prevedibile.", "2024-01-08", 56, 94),
(4, "Consigliato per gli amanti dei thriller psicologici.", "2024-01-26", 23, 94),
(5, "Suspense ben dosata.", "2023-11-24", 78, 95),
(4, "Visualmente sorprendente.", "2023-12-08", 95, 95),
(3, "Dialoghi un po' banali.", "2023-12-27", 23, 95),
(2, "Il ritmo del film è troppo lento.", "2024-01-10", 90, 95),
(4, "Consigliato per gli amanti del genere thriller.", "2024-01-28", 45, 95),
(5, "Trama avvincente e imprevedibile.", "2023-11-26", 12, 96),
(4, "Effetti speciali mozzafiato.", "2023-12-10", 96, 96),
(3, "Colonna sonora poco memorabile.", "2023-12-29", 67, 96),
(2, "Personaggi poco approfonditi.", "2024-01-12", 34, 96),
(4, "Consigliato per gli amanti del fantasy.", "2024-01-30", 56, 96),
(5, "Emozionante e coinvolgente dalla prima all'ultima scena.", "2023-11-28", 78, 97),
(4, "Visualmente straordinario, un vero spettacolo.", "2023-12-12", 97, 97),
(3, "Dialoghi ben scritti ma un po' cliché.", "2023-12-31", 23, 97),
(2, "Il ritmo del film è altalenante.", "2024-01-14", 90, 97),
(4, "Consigliato per gli amanti dell'azione.", "2024-02-01", 45, 97),
(5, "Storia coinvolgente e ben interpretata.", "2023-11-30", 45, 98),
(4, "Fotografia di alta qualità, ogni fotogramma è una opera d'arte.", "2023-12-14", 98, 98),
(3, "Personaggi poco sviluppati.", "2024-01-02", 56, 98),
(2, "Il finale è stato deludente.", "2024-01-16", 78, 98),
(4, "Consigliato per gli amanti dei drammi.", "2024-02-03", 12, 98),
(5, "Recitazione eccellente, gli attori hanno dato il massimo.", "2023-12-02", 23, 99),
(4, "Effetti speciali ben realizzati, in particolare le scene d'azione.", "2023-12-16", 99, 99),
(3, "Il ritmo del film è un po' lento.", "2024-01-04", 67, 99),
(2, "Il finale è risultato prevedibile.", "2024-01-18", 34, 99),
(4, "Consigliato per gli amanti dei thriller.", "2024-02-05", 90, 99),
(5, "Suspense ben dosata, ti tiene incollato alla sedia.", "2023-12-04", 56, 100),
(4, "Visualmente sorprendente, effetti visivi all'avanguardia.", "2023-12-18", 90, 100),
(2, "Il ritmo del film è troppo lento.", "2024-01-20", 78, 100),
(4, "Consigliato per gli amanti del genere thriller.", "2024-02-07", 45, 100);

-- Popolamento della tabella Dispositivi
INSERT INTO Dispositivi (Nome, Tipo)
VALUES
("Device1", "Smartphone"),
("Device2", "Laptop"),
("Device3", "Tablet"),
("Device4", "Desktop"),
("Device5", "Smartwatch"),
("Device6", "Smartphone"),
("Device7", "Laptop"),
("Device8", "Desktop"),
("Device9", "Smartwatch"),
("Device10", "Smartphone"),
("Device11", "Tablet"),
("Device12", "Laptop"),
("Device13", "Desktop"),
("Device14", "Smartwatch"),
("Device15", "Smartphone"),
("Device16", "Laptop"),
("Device17", "Desktop"),
("Device18", "Smartwatch"),
("Device19", "Smartphone"),
("Device20", "Tablet"),
("Device21", "Laptop"),
("Device22", "Desktop"),
("Device23", "Smartwatch"),
("Device24", "Smartphone"),
("Device25", "Tablet"),
("Device26", "Laptop"),
("Device27", "Desktop"),
("Device28", "Smartwatch"),
("Device29", "Smartphone"),
("Device30", "Tablet"),
("Device31", "Laptop"),
("Device32", "Desktop"),
("Device33", "Smartwatch"),
("Device34", "Smartphone"),
("Device35", "Tablet"),
("Device36", "Laptop"),
("Device37", "Desktop"),
("Device38", "Smartwatch"),
("Device39", "Smartphone"),
("Device40", "Tablet"),
("Device41", "Laptop"),
("Device42", "Desktop"),
("Device43", "Smartwatch"),
("Device44", "Smartphone"),
("Device45", "Tablet"),
("Device46", "Laptop"),
("Device47", "Desktop"),
("Device48", "Smartwatch"),
("Device49", "Smartphone"),
("Device50", "Tablet"),
("Device51", "Laptop"),
("Device52", "Desktop"),
("Device53", "Smartwatch"),
("Device54", "Smartphone"),
("Device55", "Tablet"),
("Device56", "Laptop"),
("Device57", "Desktop"),
("Device58", "Smartwatch"),
("Device59", "Smartphone"),
("Device60", "Tablet"),
("Device61", "Laptop"),
("Device62", "Desktop"),
("Device63", "Smartwatch"),
("Device64", "Smartphone"),
("Device65", "Tablet"),
("Device66", "Laptop"),
("Device67", "Desktop"),
("Device68", "Smartwatch"),
("Device69", "Smartphone"),
("Device70", "Tablet"),
("Device71", "Laptop"),
("Device72", "Desktop"),
("Device73", "Smartwatch"),
("Device74", "Smartphone"),
("Device75", "Tablet"),
("Device76", "Laptop"),
("Device77", "Desktop"),
("Device78", "Smartwatch"),
("Device79", "Smartphone"),
("Device80", "Tablet"),
("Device81", "Laptop"),
("Device82", "Desktop"),
("Device83", "Smartwatch"),
("Device84", "Smartphone"),
("Device85", "Tablet"),
("Device86", "Laptop"),
("Device87", "Desktop"),
("Device88", "Smartwatch"),
("Device89", "Smartphone"),
("Device90", "Tablet"),
("Device91", "Laptop"),
("Device92", "Desktop"),
("Device93", "Smartwatch"),
("Device94", "Smartphone"),
("Device95", "Tablet"),
("Device96", "Laptop"),
("Device97", "Desktop"),
("Device98", "Smartwatch"),
("Device99", "Smartphone"),
("Device100", "Tablet"),
("Device101", "Laptop"),
("Device102", "Desktop"),
("Device103", "Smartwatch"),
("Device104", "Smartphone"),
("Device105", "Tablet"),
("Device106", "Laptop"),
("Device107", "Desktop"),
("Device108", "Smartwatch"),
("Device109", "Smartphone"),
("Device110", "Tablet"),
("Device111", "Laptop"),
("Device112", "Desktop"),
("Device113", "Smartwatch"),
("Device114", "Smartphone"),
("Device115", "Tablet"),
("Device116", "Laptop"),
("Device117", "Desktop"),
("Device118", "Smartwatch"),
("Device119", "Smartphone"),
("Device120", "Tablet"),
("Device121", "Laptop"),
("Device122", "Desktop"),
("Device123", "Smartwatch"),
("Device124", "Smartphone"),
("Device125", "Tablet"),
("Device126", "Laptop"),
("Device127", "Desktop"),
("Device128", "Smartwatch"),
("Device129", "Smartphone"),
("Device130", "Tablet"),
("Device105", "Laptop"),
("Device110", "Desktop"),
("Device115", "Smartwatch"),
("Device120", "Smartphone"),
("Device125", "Tablet"),
("Device121", "Laptop"),
("Device126", "Desktop"),
("Device131", "Smartwatch"),
("Device132", "Smartphone"),
("Device133", "Tablet"),
("Device134", "Laptop"),
("Device135", "Desktop"),
("Device136", "Smartwatch"),
("Device137", "Smartphone"),
("Device138", "Tablet"),
("Device139", "Laptop"),
("Device140", "Desktop"),
("Device141", "Smartwatch"),
("Device142", "Smartphone"),
("Device143", "Tablet"),
("Device144", "Laptop"),
("Device145", "Desktop"),
("Device146", "Smartwatch"),
("Device147", "Smartphone"),
("Device148", "Tablet"),
("Device149", "Laptop"),
("Device150", "Desktop"),
("Device151", "Smartwatch"),
("Device152", "Smartphone"),
("Device153", "Tablet"),
("Device154", "Laptop");


-- Popolamento della tabella Connessioni
INSERT INTO Connessioni (Utente, Inizio, Fine, Dispositivo, Paese)
VALUES
(90,"2023-08-01 00:01:00", "2023-08-01 01:01:00", 1,  "Lituania"),
(50,"2023-08-02 03:15:00", "2023-08-02 04:15:00", 2,  "Cipro"),
(32,"2023-08-03 06:30:00", "2023-08-03 07:30:00", 3,  "Repubblica Ceca"),
(35,"2023-08-04 09:45:00", "2023-08-05 13:00:00", 4,  "Croazia"),
(91,"2023-08-05 12:00:00", "2023-08-05 13:00:00", 5,   "Lettonia"),
(14,"2023-08-06 15:15:00", "2023-08-06 16:15:00", 6,   "Stati Uniti"),
(63,"2023-08-07 00:01:00", "2023-08-07 01:01:00", 7,   "Stati Uniti"),
(90,"2023-08-08 03:15:00", "2023-08-08 04:15:00", 8,  "Togo"),
(81,"2023-08-09 06:30:00", "2023-08-09 07:30:00", 9,   "Tonga"),
(6,"2023-08-10 09:45:00",  "2023-08-10 10:45:00", 10,   "Stati Uniti"),
(86,"2023-08-11 12:00:00", "2023-08-11 13:00:00", 11,   "Uganda"),
(80,"2023-08-12 15:15:00", "2023-08-12 16:15:00", 12,   "Stati Uniti"),
(33,"2023-08-13 18:30:00", "2023-08-13 19:30:00", 13,   "Italia"),
(27,"2023-08-14 21:45:00", "2023-08-14 22:45:00", 14,   "Italia"),
(12,"2023-08-15 00:00:00", "2023-08-15 01:00:00", 15,   "Stati Uniti"),
(86,"2023-08-16 03:15:00", "2023-08-16 04:15:00", 16,   "Stati Uniti"),
(82,"2023-08-17 06:30:00", "2023-08-17 07:30:00", 17,   "Malta"),
(39,"2023-08-18 09:45:00", "2023-08-18 10:45:00", 18,   "Regno Unito"),
(10,"2023-08-19 12:00:00", "2023-08-19 13:00:00", 19,   "Stati Uniti"),
(1,"2023-08-20 15:15:00",  "2023-08-20 16:15:00", 20,   "Colombia"),
(3,"2023-08-21 18:30:00",  "2023-08-21 19:30:00", 21,   "Stati Uniti"),
(75,"2023-08-22 21:45:00", "2023-08-22 22:45:00", 22,   "Stati Uniti"),
(88,"2023-08-23 00:00:00", "2023-08-23 01:00:00", 23,   "Costa d'Avorio"), 
(68,"2023-08-24 03:15:00", "2023-08-24 04:15:00", 24,   "Stati Uniti"),
(77,"2023-08-25 06:30:00", "2023-08-25 07:30:00", 25,   "Stati Uniti"),
(33,"2023-08-26 09:45:00", "2023-08-26 10:45:00", 26,   "Mauritania"),
(10,"2023-08-27 12:00:00", "2023-08-27 13:00:00", 27,   "Francia"),
(76,"2023-08-28 15:15:00", "2023-08-28 16:15:00", 28,   "Francia"),
(39,"2023-08-29 18:30:00", "2023-08-29 19:30:00", 29,   "Francia"),
(5, "2023-08-30 21:45:00",  "2023-08-30 22:45:00", 30,   "Italia"),
(50,"2023-08-31 00:15:00", "2023-08-31 01:15:00", 31,   "Francia"),
(58,"2023-09-01 03:30:00", "2023-09-01 04:30:00", 32,   "Francia"),
(58,"2023-09-02 06:45:00", "2023-09-02 07:45:00", 33,   "Francia"),
(95,"2023-09-03 10:00:00", "2023-09-03 11:00:00", 34,   "Francia"),
(36,"2023-09-04 13:15:00", "2023-09-04 14:15:00", 35,   "Italia"),
(69,"2023-09-05 16:30:00", "2023-09-05 17:30:00", 36,   "Francia"),
(17,"2023-09-06 19:45:00", "2023-09-06 20:45:00", 37,   "Serbia"),
(75,"2023-09-07 23:00:00", "2023-09-08 00:00:00", 38,   "Bosnia ed Erzegovina"),
(17,"2023-09-09 02:15:00", "2023-09-09 03:15:00", 39,   "Francia"),
(63,"2023-09-10 05:30:00", "2023-09-10 06:30:00", 40,   "Spagna"),
(80,"2023-09-11 08:45:00", "2023-09-11 09:45:00", 41,   "Spagna"),
(97,"2023-09-12 12:00:00", "2023-09-12 13:00:00", 42,   "Spagna"),
(69,"2023-09-13 15:15:00", "2023-09-13 16:15:00", 43,   "Spagna"),
(15,"2023-09-14 18:30:00", "2023-09-14 19:30:00", 44,   "Cile"),
(16,"2023-09-15 21:45:00", "2023-09-15 22:45:00", 45,   "Giappone"),
(99,"2023-09-16 01:00:00", "2023-09-16 02:00:00", 46,   "Cina"),
(92,"2023-09-17 04:15:00", "2023-09-17 05:15:00", 47,   "Spagna"),
(36,"2023-09-18 07:30:00", "2023-09-18 08:30:00", 48,   "Spagna"),
(61,"2023-09-19 10:45:00", "2023-09-19 11:45:00", 49,   "Argentina"),
(53,"2023-09-20 14:00:00", "2023-09-20 15:00:00", 50,   "Estonia"),
(33,"2023-09-21 17:15:00", "2023-09-21 18:15:00", 51,   "Perù"),
(10,"2023-09-22 20:30:00", "2023-09-22 21:30:00", 52,   "Spagna"),
(58,"2023-09-23 23:45:00", "2023-09-24 00:45:00", 53,   "Grecia"),
(11,"2023-09-25 03:00:00", "2023-09-25 04:00:00", 54,   "Spagna"),
(55,"2023-09-26 06:15:00", "2023-09-26 07:15:00", 55,   "Ucraina"),
(52,"2023-09-27 09:30:00", "2023-09-27 10:30:00", 56,   "Ucraina"),
(93,"2023-09-28 12:45:00", "2023-09-28 13:45:00", 57,   "Spagna"),
(53,"2023-09-29 16:00:00", "2023-09-29 17:00:00", 58,   "Spagna"),
(73,"2023-09-30 19:15:00", "2023-09-30 20:15:00", 59,   "Spagna"),
(64,"2023-10-01 22:30:00", "2023-10-02 23:30:00", 60,   "Spagna"),
(96,"2023-09-01 11:30:00", "2023-09-01 12:30:00", 61,   "San Marino"),
(44,"2023-09-02 14:45:00", "2023-09-02 15:45:00", 62,   "Macedonia del Nord"),
(1,"2023-09-03 18:00:00", "2023-09-03 19:00:00", 63,   "Russia"),
(4,"2023-09-04 21:15:00", "2023-09-04 22:15:00", 64,   "Francia"),
(68,"2023-09-05 00:30:00", "2023-09-05 01:30:00", 65,   "Spagna"),
(4,"2023-09-06 03:45:00", "2023-09-06 04:45:00", 66,   "Argentina"),
(66,"2023-09-07 07:00:00", "2023-09-07 08:00:00", 67,   "Spagna"),
(29,"2023-09-08 10:15:00", "2023-09-08 11:15:00", 68,   "Bosnia ed Erzegovina"),
(11,"2023-09-09 13:30:00", "2023-09-09 14:30:00", 69,   "Romania"),
(59,"2023-09-10 16:45:00", "2023-09-10 17:45:00", 70,   "Zimbabwe"),
(80,"2023-09-11 20:00:00", "2023-09-11 21:00:00", 71,   "Germania"),
(29,"2023-09-12 23:15:00", "2023-09-13 00:15:00", 72,   "Italia"),
(8,"2023-09-14 02:30:00", "2023-09-14 03:30:00", 73,   "Germania"),
(55,"2023-09-15 05:45:00", "2023-09-15 06:45:00", 74,   "Georgia"),
(45,"2023-09-16 09:00:00", "2023-09-16 10:00:00", 75,   "Germania"),
(40,"2023-09-17 12:15:00", "2023-09-17 13:15:00", 76,   "Arabia Saudita"),
(73,"2023-09-18 15:30:00", "2023-09-18 16:30:00", 77,   "Argentina"),
(52,"2023-09-19 18:45:00", "2023-09-19 19:45:00", 78,   "Romania"),
(82,"2023-09-20 22:00:00", "2023-09-20 23:00:00", 79,   "Germania"),
(17,"2023-09-21 01:15:00", "2023-09-21 02:15:00", 80,   "Germania"),
(68,"2023-09-22 04:30:00", "2023-09-22 05:30:00", 81,   "Kazakistan"),
(45,"2023-09-23 07:45:00", "2023-09-23 08:45:00", 82,   "Danimarca"),
(72,"2023-09-24 11:00:00", "2023-09-24 12:00:00", 83,   "Germania"),
(24,"2023-09-25 14:15:00", "2023-09-25 15:15:00", 84,   "Germania"),
(2,"2023-09-26 17:30:00", "2023-09-26 18:30:00", 85,   "Cina"),
(34,"2023-09-27 20:45:00", "2023-09-27 21:45:00", 86,   "Cina"),
(55,"2023-09-28 00:00:00", "2023-09-28 01:00:00", 87,   "Birmania"),
(62,"2023-09-29 03:15:00", "2023-09-29 04:15:00", 88,   "Burundi"),
(48,"2023-09-30 06:30:00", "2023-09-30 07:30:00", 89,   "Cina"),
(89,"2023-10-01 09:45:00", "2023-10-01 10:45:00", 90,   "Costa Rica"),
(77,"2023-10-31 21:00:00", "2023-10-31 22:00:00", 91,   "Bielorussia"),
(11,"2023-11-01 00:15:00", "2023-11-01 01:15:00", 92,   "Cina"),
(24,"2023-11-02 03:30:00", "2023-11-02 04:30:00", 93,   "Cina"),
(47,"2023-11-03 06:45:00", "2023-11-03 07:45:00", 94,   "Bielorussia"),
(37,"2023-11-04 10:00:00", "2023-11-04 11:00:00", 95,   "Belize"),
(34,"2023-11-05 13:15:00", "2023-11-05 14:15:00", 96,   "Belgio"),
(57,"2023-11-06 16:30:00", "2023-11-06 17:30:00", 97,   "Italia"),
(72,"2023-11-07 19:45:00", "2023-11-07 20:45:00", 98,   "Cina"),
(87,"2023-11-08 23:00:00", "2023-11-09 00:00:00", 99,   "Cina"),
(69,"2023-11-10 02:15:00", "2023-11-10 03:15:00", 100,  "Austria"),
(79,"2023-11-11 05:30:00", "2023-11-11 06:30:00", 101,  "Austria"),
(71,"2023-11-12 08:45:00", "2023-11-12 09:45:00", 102,  "Austria"),
(25,"2023-11-13 12:00:00", "2023-11-13 13:00:00", 103,  "Austria"),
(11,"2023-11-14 15:15:00", "2023-11-14 16:15:00", 104,  "Cina"),
(76,"2023-11-15 18:30:00", "2023-11-15 19:30:00", 105,  "Brasile"),
(84,"2023-11-16 21:45:00", "2023-11-16 22:45:00", 106,  "Barbados"),
(90,"2023-11-17 01:00:00", "2023-11-17 02:00:00", 107,  "Brasile"),
(25,"2023-11-18 04:15:00", "2023-11-18 05:15:00", 108,  "Cina"),
(6,"2023-11-19 07:30:00", "2023-11-19 08:30:00", 109,  "Barbados"),
(12,"2023-11-20 10:45:00", "2023-11-20 11:45:00", 110,  "Albania"),
(90,"2023-11-21 14:00:00", "2023-11-21 15:00:00", 111,  "Afghanistan"),
(37,"2023-11-22 17:15:00", "2023-11-22 18:15:00", 112,  "Camerun"),
(5,"2023-11-23 20:30:00", "2023-11-23 21:30:00", 113,  "Emirati Arabi Uniti"),
(1,"2023-11-24 23:45:00", "2023-11-25 00:45:00", 114,  "Ecuador"),
(54,"2023-11-26 03:00:00", "2023-11-26 04:00:00", 115,  "Cina"),
(4,"2023-11-27 06:15:00", "2023-11-27 07:15:00", 116,  "Cina"),
(45,"2023-11-28 09:30:00", "2023-11-28 10:30:00", 117,  "Congo"),
(81,"2023-11-29 12:45:00", "2023-11-29 13:45:00", 118,  "Cina"),
(98,"2023-11-30 16:00:00", "2023-11-30 17:00:00", 119,  "Cina"),
(84,"2023-12-01 19:15:00", "2023-12-01 20:15:00", 120,  "Burkina Faso"),
(63,"2023-12-02 22:30:00", "2023-12-02 23:30:00", 121,  "Cina"),
(92,"2023-12-03 01:45:00", "2023-12-03 02:45:00", 122,  "Angola"),
(14,"2023-12-04 05:00:00", "2023-12-04 06:00:00", 123,  "Albania"),
(15,"2023-12-05 08:15:00", "2023-12-05 09:15:00", 124,  "Congo"),
(78,"2023-12-06 11:30:00", "2023-12-06 12:30:00", 125,  "Cuba"),
(55,"2023-12-07 14:45:00", "2023-12-07 15:45:00", 126,  "Cina"),
(58,"2023-12-08 18:00:00", "2023-12-08 19:00:00", 127,  "Cina"),
(61,"2023-12-09 21:15:00", "2023-12-09 22:15:00", 128,  "Emirati Arabi Uniti"),
(94,"2023-12-10 00:30:00", "2023-12-10 01:30:00", 129,  "Emirati Arabi Uniti"),
(86,"2023-12-11 03:45:00", "2023-12-11 04:45:00", 130,  "Emirati Arabi Uniti"),
(78,"2023-12-12 07:00:00", "2023-12-12 08:00:00", 105,  "Emirati Arabi Uniti"),
(90,"2023-12-13 10:15:00", "2023-12-13 11:15:00", 110,  "Cambogia"),
(41,"2023-12-14 13:30:00", "2023-12-14 14:30:00", 115,  "Benin"),
(22,"2023-12-15 16:45:00", "2023-12-15 17:45:00", 120,  "Bhutan"),
(54,"2023-12-16 20:00:00", "2023-12-16 21:00:00", 125,  "Bulgaria"),
(82,"2023-12-17 23:15:00", "2023-12-18 00:15:00", 121,  "Danimarca"),
(11,"2023-12-19 02:30:00", "2023-12-19 03:30:00", 126,  "Corea del Sud"),
(95,"2023-12-20 05:45:00", "2023-12-20 06:45:00", 131,  "Corea del Sud"),
(9, "2023-12-21 09:00:00", "2023-12-21 10:00:00", 132,  "Corea del Nord"),
(15,"2023-12-22 12:15:00", "2023-12-22 13:15:00", 133,  "Bolivia"),
(30,"2023-12-23 15:30:00", "2023-12-23 16:30:00", 134,  "Danimarca"),
(80,"2023-12-24 18:45:00", "2023-12-24 19:45:00", 135,  "Danimarca"),
(53,"2023-12-25 22:00:00", "2023-12-25 23:00:00", 136,  "Uzbekistan"),
(52,"2023-12-26 01:15:00", "2023-12-26 02:15:00", 137,  "Danimarca"),
(72,"2023-12-27 04:30:00", "2023-12-27 05:30:00", 138,  "Tagikistan"),
(66,"2023-12-28 07:45:00", "2023-12-28 08:45:00", 139,  "Ungheria"),
(23,"2023-12-29 11:00:00", "2023-12-29 12:00:00", 140,  "Italia"),
(79,"2023-12-30 14:15:00", "2023-12-30 15:15:00", 141,  "Uruguay"),
(42,"2023-12-31 17:30:00", "2023-12-31 18:30:00", 142,  "Italia"),
(27,"2024-01-01 20:45:00", "2024-01-01 21:45:00", 143,  "Italia"),
(87,"2024-01-02 00:00:00", "2024-01-02 01:00:00", 144,  "Italia"),
(12,"2024-01-03 03:15:00", "2024-01-03 04:15:00", 145,  "Figi"),
(59,"2024-01-04 06:30:00", "2024-01-04 07:30:00", 146,  "Italia"),
(59,"2024-01-05 09:45:00", "2024-01-05 10:45:00", 147,  "Italia"),
(88,"2024-01-06 13:00:00", "2024-01-06 14:00:00", 148,  "Italia"),
(8, "2024-01-07 16:15:00", "2024-01-07 17:15:00", 149,  "Marocco"),
(7, "2024-01-08 19:30:00", "2024-01-08 20:30:00", 150,  "Algeria"),
(20,"2024-01-09 22:45:00", "2024-01-10 23:45:00", 151,  "Australia"),
(71,"2024-01-11 02:00:00", NULL,                  152,  "Australia"),
(35,"2024-01-12 05:15:00", "2024-01-11 03:00:00", 124,  "Australia"),
(5, "2024-01-13 08:30:00", NULL,                  1,    "Italia");



-- Popolamento tabella Proiezioni
INSERT INTO Proiezioni (Film, MarcaTemporale, Server_, Connessione)
VALUES
(2  , "2023-08-02 03:25:10",  3   , 1),
(3  , "2023-08-03 06:40:10",  4   , 2),
(4  , "2023-08-04 09:45:00",  8  , 4),
(51 , "2023-02-11 03:55:00",  22  , 22),
(81 , "2023-12-11 04:58:00",  15  , 20),
(22 , "2023-11-04 03:21:00",  9   , 33),
(22 , "2023-12-01 03:35:00",  33  , 19),
(100, "2023-12-17 20:58:00",  33  , 20),
(96 , "2023-9-28 19:15:00",   14  , 20),
(36 , "2023-08-15 22:23:07" , 26  , 97),
(41 , "2023-01-07 13:36:50" , 14  , 161),
(57 , "2023-02-10 03:29:01" , 11  , 86 ),
(96 , "2023-05-20 15:32:21" , 7   , 46 ),
(40 , "2023-05-15 12:37:45" , 14   , 91 ),
(43 , "2023-09-05 16:26:06" , 12  , 76 ),
(28 , "2023-12-16 08:20:14" , 7   , 87 ),
(98 , "2023-01-11 08:09:42" , 26  , 29 ),
(4  ,  "2023-07-08 14:02:46", 8   , 85 ),
(5  , "2023-07-08 22:50:47" , 9   , 31 ),
(29 , "2023-03-12 15:33:40" , 22  , 24 ),
(61 , "2023-09-24 11:58:19" , 4   , 138 ),
(84 , "2023-03-09 12:43:03" , 29 , 143 ),
(36 , "2023-10-21 21:05:05" , 32 , 66 ),
(48 , "2023-02-04 17:11:42" , 14 , 148 ),
(65 , "2023-08-12 20:57:05" , 2   , 99 ),
(55 , "2023-02-08 04:01:29" , 23 , 52 ),
(80 , "2023-08-06 04:57:08" , 25 , 38 ),
(35 , "2023-04-10 20:25:39" , 12 , 141 ),
(52 , "2023-05-17 18:25:21" , 23 , 137 ),
(80 , "2023-02-07 21:04:02" , 12 , 160 ),
(22 , "2023-05-08 02:17:13" , 4   , 27 ),
(62 , "2023-01-08 12:45:12" , 25 , 96 ),
(92 , "2023-12-05 15:33:40" , 2   , 88 ),
(2  ,  "2023-04-16 03:12:30", 19 , 121 ),
(79 , "2023-09-05 20:27:52" , 12 , 89 ),
(55 , "2023-08-19 09:37:41" , 29 , 140 ),
(14 , "2023-12-08 19:21:46" , 33 , 80 ),
(88 , "2023-11-13 07:38:48" , 27 , 38 ),
(89 , "2023-07-10 06:19:54" , 8   , 25 ),
(91 , "2023-10-09 23:15:59" , 17 , 129 ),
(19 , "2023-08-25 07:06:56" , 11 , 103 ),
(6  ,  "2023-03-28 15:47:13", 10 , 43 ),
(99 , "2023-08-20 19:36:09" , 31 , 35 ),
(17 , "2023-07-13 13:58:05" , 25 , 110 ),
(75 , "2023-12-26 12:00:34" , 23 , 144 ),
(41 , "2023-05-11 19:25:53" , 16 , 3 ),
(42 , "2023-01-16 01:03:22" , 20 , 150 ),
(74 , "2023-07-14 09:46:14" , 4   , 58 ),
(56 , "2023-11-24 07:36:41" , 9   , 60 ),
(91 , "2023-04-16 16:53:35" , 5   , 18 ),
(94 , "2023-01-26 12:41:29" , 11 , 11 ),
(50 , "2023-10-23 03:36:30" , 23 , 64 ),
(42 , "2023-06-07 13:52:57" , 13 , 13 ),
(31 , "2023-04-24 05:10:54" , 30 , 101 ),
(90 , "2023-07-27 02:29:51" , 20 , 146 ),
(1  ,  "2023-08-09 00:41:56", 20 , 151 ),
(16 , "2023-11-01 12:46:47" , 9  , 75 ),
(34 , "2023-11-06 00:18:29" , 28 , 97 ),
(7  ,  "2023-08-06 20:09:08", 31 , 124 ),
(26 , "2023-05-15 14:22:08" , 14 , 119 ),
(77 , "2023-04-30 01:01:26" , 1  , 107 ),
(66 , "2023-04-10 04:51:37" , 31 , 110 ),
(24 , "2023-02-02 17:58:57" , 3  , 82 ),
(28 , "2023-02-12 08:30:32" , 25 , 159 ),
(88 , "2023-08-10 18:00:52" , 10 , 12 ),
(46 , "2023-06-13 21:20:57" , 33 , 5 ),
(77 , "2023-03-02 23:14:04" , 27 , 146 ),
(2  ,  "2023-08-23 07:32:21", 6  , 23 ),
(41 , "2023-08-19 07:24:27" , 28 , 130 ),
(18 , "2023-04-21 11:37:06" , 14 , 13 ),
(39 , "2023-01-27 17:53:58" , 5  , 21 ),
(88 , "2023-08-03 16:54:50" , 27 , 73 ),
(82 , "2023-04-06 14:52:57" , 10 , 65 ),
(66 , "2023-08-29 12:57:22" , 17 , 123 ),
(69 , "2023-12-15 17:51:09" , 30 , 146 ),
(42 , "2023-05-21 13:47:38" , 8  , 40 ),
(77 , "2023-10-29 10:37:14" , 6  , 3 ),
(88 , "2023-12-19 12:14:37" , 31 , 39 ),
(75 , "2023-11-01 09:04:47" , 1  , 144 ),
(3  ,  "2023-05-25 13:26:06" , 24 , 23 ),
(90 , "2023-07-22 07:39:18" , 22 , 100 ),
(57 , "2023-02-21 13:29:16" , 25 , 66 ),
(75 , "2023-09-12 11:44:10" , 32 , 24 ),
(22 , "2023-01-10 16:07:57" , 16 , 157 ),
(19 , "2023-01-12 17:44:44" , 1  , 94 ),
(84 , "2023-01-08 14:04:04" , 28 , 160 ),
(91 , "2023-02-02 09:43:06" , 13 , 110 ),
(39 , "2023-06-23 01:03:29" , 6  , 147 ),
(2  ,  "2023-04-20 16:02:41", 11 , 124 ),
(40 , "2023-06-06 20:04:02" , 31 , 17 ),
(69 , "2023-02-05 01:26:59" , 32 , 76 ),
(16 , "2023-05-27 09:47:32" , 6  , 129 ),
(47 , "2023-01-25 06:19:03" , 30 , 29 ),
(52 , "2023-08-19 22:38:52" , 27 , 21 ),
(66 , "2023-01-02 00:14:22" , 18 , 103 ),
(60 , "2023-10-01 20:49:03" , 12 , 148 ),
(80 , "2023-02-17 10:54:08" , 8  , 4 ),
(72 , "2023-10-29 23:47:47" , 16 , 157 ),
(74 , "2023-07-04 11:52:42" , 1  , 16 ),
(65 , "2023-02-26 21:00:27" , 17 , 1 ),
(66 , "2023-01-21 00:27:13" , 1  , 124 ),
(68 , "2023-05-06 14:42:17" , 20 , 147 ),
(73 , "2023-08-03 19:19:20" , 2  , 151 ),
(33 , "2023-12-20 02:04:13" , 2  , 51 ),
(46 , "2023-10-20 16:53:49" , 16  , 138 ),
(18 , "2023-01-06 17:51:35" , 2  , 121 ),
(56 , "2023-01-26 22:00:58" , 32 , 108 ),
(31 , "2023-01-20 10:09:49" , 6   , 110 ),
(25 , "2023-01-29 21:07:11" , 5   , 153 ),
(96 , "2023-08-12 11:57:01" , 12 , 100 ),
(83 , "2023-07-19 01:42:34" , 25 , 95 ),
(79 , "2023-09-05 11:44:16" , 10 , 154 ),
(3  ,  "2023-03-01 07:33:08", 14 , 36 ),
(9  ,  "2023-03-11 00:00:53", 2   , 104 ),
(36 , "2023-02-17 19:32:15" , 28 , 103 ),
(59 , "2023-10-04 18:17:41" , 3   , 151 ),
(71 , "2023-05-05 07:03:08" , 23 , 8 ),
(33 , "2023-07-14 19:10:48" , 29 , 134 ),
(46 , "2023-04-01 04:38:01" , 13 , 144 ),
(97 , "2023-08-30 13:44:36" , 14 , 150 ),
(30 , "2023-03-20 12:41:13" , 18 , 75 ),
(37 , "2023-10-20 07:53:09" , 8   , 12 ),
(87 , "2023-07-25 13:17:36" , 16 , 12 ),
(33 , "2023-01-30 17:33:20" , 13 , 141 ),
(7  ,  "2023-09-01 09:45:50", 26 , 129 ),
(14 , "2023-08-15 04:36:16" , 23 , 41 ),
(88 , "2023-07-10 06:23:16" , 6  , 128 ),
(9  ,  "2023-02-06 20:38:56", 8  , 106 ),
(61 , "2023-06-30 05:08:44" , 16 , 132 ),
(17 , "2023-03-12 07:32:42" , 26 , 106 ),
(24 , "2023-08-21 01:51:14" , 2   , 16 ),
(3  ,  "2023-05-09 08:33:37", 21 , 29 ),
(99 , "2023-10-03 15:06:44" , 4   , 23 ),
(24 , "2023-09-25 18:31:52" , 3   , 69 ),
(24 , "2023-06-18 03:49:41" , 23 , 94 ),
(46 , "2023-11-23 20:43:19" , 27 , 123 ),
(37 , "2023-12-04 14:39:56" , 10 , 140 ),
(52 , "2023-05-29 01:47:11" , 12 , 121 ),
(49 , "2023-03-08 14:43:56" , 9   , 113 ),
(71 , "2023-09-03 11:36:51" , 27 , 110 ),
(18 , "2023-12-05 21:45:44" , 10 , 48 ),
(94 , "2023-09-29 04:35:51" , 14 , 59 ),
(84 , "2023-10-23 12:21:20" , 2   , 21 ),
(99 , "2023-08-15 19:16:13" , 12 , 60 ),
(24 , "2023-11-25 00:04:41" , 30 , 79 ),
(78 , "2023-03-08 14:39:55" , 13 , 61 ),
(66 , "2023-05-19 03:22:26" , 14 , 111 ),
(41 , "2023-05-30 21:06:30" , 4   , 150 ),
(14 , "2023-11-19 02:29:38" , 4   , 26 ),
(35 , "2023-05-13 14:04:05" , 22 , 66 ),
(57 , "2023-04-25 01:20:59" , 21 , 76 ),
(90 , "2023-09-12 21:54:06" , 17 , 33 ),
(21 , "2023-06-19 20:11:53" , 13 , 81 ),
(59 , "2023-10-11 21:28:17" , 4  , 158 ),
(10 , "2023-12-04 16:06:02" , 11 , 69 ),
(42 , "2023-03-15 01:37:11" , 6 , 76 ),
(79 , "2023-08-04 18:00:35" , 30 , 100 ),
(44 , "2023-02-15 16:15:32" , 17 , 148 ),
(52 , "2023-10-12 11:25:55" , 7 , 86 ),
(92 , "2023-10-04 01:43:10" , 8 , 37 ),
(58 , "2023-09-04 21:35:46" , 21 , 64 ),
(84 , "2023-03-13 02:13:03" , 33 , 32 ),
(9  ,  "2023-05-10 18:42:21" , 15 , 83 ),
(6  ,  "2023-02-02 02:39:19" , 23 , 10 ),
(16 , "2023-07-27 19:31:00" , 2 , 108 ),
(14 , "2023-08-22 03:06:45" , 15 , 103 ),
(92 , "2023-01-28 22:02:15" , 29 , 95 ),
(54 , "2023-04-30 17:17:14" , 28 , 130 ),
(80 , "2023-01-19 17:05:58" , 15 , 84 ),
(61 , "2023-05-19 03:14:30" , 29 , 33 ),
(95 , "2023-08-16 14:44:04" , 23 , 160 ),
(74 , "2023-04-20 08:36:56" , 31 , 30 ),
(60 , "2023-04-12 13:05:35" , 14 , 155 ),
(65 , "2023-05-03 00:22:20" , 29 , 41 ),
(76 , "2023-12-10 17:20:19" , 12 , 104 ),
(29 , "2023-06-11 11:17:11" , 4 , 49 ),
(7  , "2023-10-09 23:47:14" , 27 , 121 ),
(37 , "2023-01-09 18:23:53" , 6 , 6 ),
(7  , "2023-04-11 19:26:36" , 1 , 36 ),
(9  , "2023-10-24 08:26:47" , 22 , 46 ),
(66 , "2023-05-21 23:26:43" , 14 , 46 ),
(87 , "2023-09-06 21:14:40" , 22 , 49 ),
(85 , "2023-09-17 10:13:58" , 26 , 108 ),
(86 , "2023-03-31 18:37:53" , 22 , 56 ),
(46 , "2023-09-23 17:22:17" , 2 , 104 ),
(85 , "2023-09-17 13:15:34" , 26 , 40 ),
(28 , "2023-06-05 04:47:58" , 14 , 124 ),
(100, "2023-11-26 06:08:45" , 18 , 114 ),
(6  ,  "2023-10-07 23:46:02" , 31 , 71 ),
(60 , "2023-01-05 00:02:23" , 15 , 111 ),
(23 , "2023-01-08 19:27:04" , 33 , 115 ),
(58 , "2023-02-18 18:14:18" , 33 , 20 ),
(23 , "2023-10-18 04:26:10" , 32 , 18 ),
(34 , "2023-08-19 13:00:47" , 21 , 16 ),
(62 , "2023-09-28 01:02:01" , 4 , 56 ),
(51 , "2023-07-10 20:23:12" , 26 , 98 ),
(35 , "2023-08-08 00:24:33" , 15 , 98 ),
(13 , "2023-11-19 19:49:40" , 7 , 107 ),
(55 , "2023-04-09 13:02:16" , 6 , 152 ),
(37 , "2023-02-02 22:08:09" , 31 , 63 ),
(74 , "2023-11-16 14:43:03" , 24 , 119 ),
(67 , "2023-07-09 15:29:24" , 2 , 61 ),
(7  ,  "2023-09-24 10:54:55" , 20 , 80 ),
(82 , "2023-10-09 23:42:44" , 8 , 50 ),
(34 , "2023-02-11 21:04:45" , 14 , 90 ),
(60 , "2023-11-24 13:55:42" , 11 , 153 ),
(16 , "2023-05-07 01:17:49" , 23 , 108 ),
(76 , "2023-05-27 12:06:54" , 11 , 74 ),
(65 , "2023-10-18 21:44:08" , 10 , 31 );



-- Popolamento della tabella Fatture
INSERT INTO Fatture (Data_, Totale, PagamentoCarta, Utente)
VALUES
("2023-05-15", 10, "1111111111111111", 1),
("2023-06-02", 17, "5555555555555555", 5),
("2023-07-20", 15, "8888888888888888", 8),
("2023-05-28", 11, "3333333333333333", 3),
("2023-08-05", 15, "7777777777777777", 7),
("2023-06-10", 10, "4444444444444444", 4),
("2023-07-15", 11, "2222222222222222", 2),
("2023-05-05", 17, "9999999999999999", 9),
("2023-08-12", 13, "6666666666666666", 6),
("2023-06-25", 12, "1010101010101010", 10),
("2023-05-10", 15, "7777777777777777", 7),
("2023-07-05", 10, "2222222222222225", 21),
("2023-08-18", 17, "8888999900001111", 8),
("2023-06-15", 11, "4444444444444449", 23),
("2023-05-22", 15, "6666777788889999", 16),
("2023-07-10", 13, "1111222233334444", 1),
("2023-08-25", 10, "1010101010101111", 10),
("2023-06-30", 12, "5555666677778888", 5),
("2023-05-12", 14, "5555555555555555", 2),
("2023-07-25", 16, "7777777777777773", 27),
("2023-06-08", 13, "5555555555555555", 2),
("2023-07-02", 16, "4444444444444444", 4),
("2023-08-29", 14, "7777777777777777", 7),
("2023-05-18", 12, "1010101010101111", 10),
("2023-07-12", 15, "4444555566667777", 14),
("2023-08-06", 11, "6666777788889999", 16),
("2023-06-20", 17, "1111111111111234", 30),
("2023-05-27", 10, "1010101010101011", 11),
("2023-07-22", 13, "5555666677778888", 5),
("2023-08-15", 16, "7777777777777773", 27),
("2023-06-03", 14, "1111111111111111", 1),
("2023-07-18", 12, "4444555566667777", 14),
("2023-08-11", 15, "1010101010101010", 10),
("2023-06-26", 11, "3333333333333333", 3),
("2023-05-13", 16, "8888999900001111", 8),
("2023-08-02", 10, "6666777788889999", 6),
("2023-07-07", 13, "5555666677778888", 5),
("2023-05-23", 15, "4444555566667777", 14),
("2023-08-19", 12, "1010101010101010", 10),
("2023-06-10", 14, "7777777777777773", 27),
("2023-07-04", 17, "5555555555555555", 2),
("2023-08-21", 11, "8888999900001111", 8),
("2023-06-16", 15, "1111222233334444", 1),
("2023-07-09", 12, "7777777777777777", 7),
("2023-08-24", 14, "5555666677778888", 5),
("2023-06-29", 16, "1010101010101111", 10),
("2023-05-15", 13, "4444555566667777", 14),
("2023-08-05", 10, "6666777788889999", 6),
("2023-07-01", 15, "1111111111111111", 1),
("2023-08-26", 12, "5555555555555555", 2),
("2023-06-14", 13, "2222565365564534", 53),
("2023-07-03", 16, "3245452454524254", 55),
("2023-08-30", 14, "4453454454224544", 57),
("2023-05-19", 12, "4552444252454444", 59),
("2023-07-14", 15, "6666724545245444", 61),
("2023-08-08", 11, "7777866674764746", 63),
("2023-06-21", 17, "8888425356767454", 65),
("2023-05-28", 10, "9999064574622544", 67),
("2023-07-24", 13, "1010101467454433", 69),
("2023-08-17", 16, "4111111344524411", 2),
("2023-06-04", 14, "5111452441111111", 3),
("2023-07-19", 12, "7245452111111111", 5),
("2023-08-12", 15, "9111114531111111", 7),
("2023-06-27", 11, "1311111534111111", 11),
("2023-05-14", 16, "1718587575111111", 13),
("2023-08-03", 14, "1911177767111111", 17),
("2023-07-08", 10, "2311111887111111", 19),
("2023-05-24", 15, "2911534555111111", 23),
("2023-08-20", 12, "3111664666111111", 29),
("2023-06-11", 14, "1234567845345766", 30),
("2023-07-05", 17, "2345674525475666", 31),
("2023-08-22", 11, "3456789015557366", 32),
("2023-06-17", 15, "4567890123456789", 33),
("2023-07-10", 14, "5678901234567890", 34),
("2023-08-25", 11, "6789012345678901", 35),
("2023-06-30", 15, "7890123456789012", 36),
("2023-07-02", 10, "8901234567890123", 37),
("2023-08-27", 13, "9012345678901234", 38),
("2023-07-15", 16, "1234012345012345", 39),
("2023-08-09", 12, "1111225452442455", 51),
("2023-06-16", 14, "2222565365564534", 53),
("2023-07-04", 11, "3245452454524254", 55),
("2023-08-31", 16, "4453454454224544", 57),
("2023-05-20", 13, "4552444252454444", 59),
("2023-07-15", 12, "6666724545245444", 61),
("2023-08-09", 17, "7777866674764746", 63),
("2023-06-22", 10, "8888425356767454", 65),
("2023-05-29", 14, "9999064574622544", 67),
("2023-07-25", 15, "1010101467454433", 69),
("2023-08-18", 11, "4111111344524411", 2),
("2023-06-05", 14, "5111452441111111", 3),
("2023-07-20", 12, "7245452111111111", 5),
("2023-08-13", 15, "9111114531111111", 7),
("2023-06-28", 11, "1311111534111111", 11),
("2023-05-15", 16, "1718587575111111", 13),
("2023-08-04", 13, "1911177767111111", 17),
("2023-07-09", 14, "2311111887111111", 19),
("2023-05-25", 15, "2911534555111111", 23),
("2023-08-21", 12, "3111664666111111", 29),
("2023-06-12", 14, "1234567845345766", 30),
("2023-07-06", 16, "2345674525475666", 31),
("2023-08-23", 10, "3456789015557366", 32),
("2023-06-18", 15, "4567890123456789", 33),
("2023-07-11", 14, "5678901234567890", 34),
("2023-08-26", 11, "6789012345678901", 35),
("2023-07-01", 15, "7890123456789012", 36),
("2023-07-03", 12, "8901234567890123", 37),
("2023-08-28", 14, "9012345678901234", 38),
("2023-07-16", 15, "1234012345012345", 39),
("2023-08-10", 13, "1111225452442455", 51);