{
    "Esami": {
        "Esame": [
            {
                "MATRICOLA": 100000,
                "DES_CAT": "Ordinario ",
                "NOME": "TEST0 TEST0",
                "COD_FIS": "00000000000000000",
                "INIZIO_CARRIERA": "29/08/2016",
                "ANNO_IMM": 2016,
                "DATA_CHIUSURA": "22/07/2022",
                "AA_CHIUSURA": 2021,
                "STA_STU_COD": "X",
                "MOT_STASTU_COD": "TIT",
                "CORSO": "TEST",
                "COD": "073II",
                "DES": "TEST1",
                "DATA_ESAME": "01/07/2019",
                "VOTO": "26 ",
                "RIC_ID": 0,
                "TIPO_RIC": {
                    "@nil": "true"
                },
                "DES_RIC": {
                    "@nil": "true"
                },
                "GIUDIZIO": {
                    "@nil": "true"
                },
                "PESO": 6,
                "PIANO": "Y",
                "ABBR_FLG": 0,
                "SOVRAN_FLG": 0,
                "ANNO_CORSO": 2,
                "adsce_id": 10344268
            },
            {
                "MATRICOLA": 100000,
                "DES_CAT": "Ordinario ",
                "NOME": "TEST0 TEST0",
                "COD_FIS": "00000000000000000",
                "INIZIO_CARRIERA": "29/08/2016",
                "ANNO_IMM": 2016,
                "DATA_CHIUSURA": "22/07/2022",
                "AA_CHIUSURA": 2021,
                "STA_STU_COD": "X",
                "MOT_STASTU_COD": "TIT",
                "CORSO": "TEST",
                "COD": "074II",
                "DES": "TEST2",
                "DATA_ESAME": "02/02/2021",
                "VOTO": "22 ",
                "RIC_ID": 0,
                "TIPO_RIC": {
                    "@nil": "true"
                },
                "DES_RIC": {
                    "@nil": "true"
                },
                "GIUDIZIO": {
                    "@nil": "true"
                },
                "PESO": 9,
                "PIANO": "Y",
                "ABBR_FLG": 0,
                "SOVRAN_FLG": 0,
                "ANNO_CORSO": 2,
                "adsce_id": 10344264
            },
            {
                "MATRICOLA": 100000,
                "DES_CAT": "Ordinario ",
                "NOME": "TEST0 TEST0",
                "COD_FIS": "00000000000000000",
                "INIZIO_CARRIERA": "29/08/2016",
                "ANNO_IMM": 2016,
                "DATA_CHIUSURA": "22/07/2022",
                "AA_CHIUSURA": 2021,
                "STA_STU_COD": "X",
                "MOT_STASTU_COD": "TIT",
                "CORSO": "TEST",
                "COD": "544II",
                "DES": "TEST4",
                "DATA_ESAME": "07/01/2022",
                "VOTO": "18 ",
                "RIC_ID": 0,
                "TIPO_RIC": {
                    "@nil": "true"
                },
                "DES_RIC": {
                    "@nil": "true"
                },
                "GIUDIZIO": {
                    "@nil": "true"
                },
                "PESO": 2,
                "PIANO": "Y",
                "ABBR_FLG": 0,
                "SOVRAN_FLG": 0,
                "ANNO_CORSO": 3,
                "adsce_id": 11486446
            },
            {
                "MATRICOLA": 100000,
                "DES_CAT": "Ordinario ",
                "NOME": "TEST0 TEST0",
                "COD_FIS": "00000000000000000",
                "INIZIO_CARRIERA": "29/08/2016",
                "ANNO_IMM": 2016,
                "DATA_CHIUSURA": "22/07/2022",
                "AA_CHIUSURA": 2021,
                "STA_STU_COD": "X",
                "MOT_STASTU_COD": "TIT",
                "CORSO": "TEST",
                "COD": "080II",
                "DES": "TEST6",
                "DATA_ESAME": "07/04/2022",
                "VOTO": "30 ",
                "RIC_ID": 0,
                "TIPO_RIC": {
                    "@nil": "true"
                },
                "DES_RIC": {
                    "@nil": "true"
                },
                "GIUDIZIO": {
                    "@nil": "true"
                },
                "PESO": 1,
                "PIANO": "Y",
                "ABBR_FLG": 0,
                "SOVRAN_FLG": 0,
                "ANNO_CORSO": 2,
                "adsce_id": 10344267
            }
        ]
    }
}