<?xml version="1.0" encoding="UTF-8"?>
<Configuration status="WARN" xmlns="https://logging.apache.org/xml/ns" xmlns:xsi="http://www.w3.org/2001/XMLSchema-instance"
               xsi:schemaLocation="https://logging.apache.org/xml/ns https://logging.apache.org/xml/ns/log4j-config-2.xsd">
    <Appenders>
        <!-- Console Appender -->
        <Console name="Console" target="SYSTEM_OUT">
            <PatternLayout pattern="%d{yyyy-MM-dd HH:mm:ss} [%t] %-5level %logger{36} - %msg%n"/>
        </Console>

        <!-- File Appender -->
        <File name="File" fileName="log/log.log">
            <PatternLayout pattern="%d{yyyy-MM-dd HH:mm:ss} [%t] %-5level %logger{36} - %msg%n"/>
        </File>
    </Appenders>

    <Loggers>
        <!-- Root Logger configuration (logs everything to both console and file) -->
        <Root level="TRACE">
            <AppenderRef ref="Console"/>
            <AppenderRef ref="File"/>
        </Root>
    </Loggers>
</Configuration>
