#il popolamento delle tabelle è relativo al periodo 2021-08-05 fino al 2021-08-31 (stagione estiva)

insert into Abitante (CodFiscale, Nome, Cognome, DataNascita, Telefono)
values ('aaa1','Paolo','Rossi','2000-01-5',3334441234),
	   ('bbb2','Marta','Rossi','2001-05-10',3337891234),
       ('ccc3','Francesco','Rossi','1980-06-24',3174541934),
       ('ddd4','Giovanna','Bianchi','1985-12-5',3734041304);
       
insert into  DomandaSicurezza (Domanda)
values ('Animale preferito'),
	   ('Nome della tua prima insegnante di scuola media'),
       ('Colore preferito');
       
insert into Account (Username, Hash, Salt, DataIscrizione, Domanda, Risposta)
values ('Paolo','dgsh56','tsya56','2020-05-10',1,'Gatto'),
	   ('Francesco','vbg56p','iiuub6','2020-05-9',2,'Marinaelena'),
	   ('Giovanna','yyr45w','bnc400','2020-05-9',3,'Rosso');
       
insert into DocumentoIdentita (Tipologia, Numero, EnteRilascio, Scadenza, Account, CodFiscale)
values ('Patente',4352,'Motorizzazione','2030-01-5','Paolo','aaa1'),
	   ('CartaIdentita',3311,'Comune','2022-04-5','Francesco','ccc3'),
	   ('CartaIdentita',4098,'Comune','2025-04-9','Giovanna','ddd4');
       
insert into Stanza (Nome, Lunghezza, Larghezza, Altezza, Piano, LivelloEfficienza, LivelloDispersione)
 values ('Camera',125.6,200.9,225,1,1,1),
        ('Camera',177,198.66,195.5,2,1,1),
        ('Bagno',195.6,250.9,225,1,1,1),
        ('Bagno',175.6,200.9,225,2,1,1),
        ('Cucina',125.6,200.9,225,0,1,1),
        ('Sala',125.6,266.9,275,0,1,1),
        ('Corridoio',300.6,204.9,225,0,1,1);
        
insert into Porta (Stanza1, Stanza2, PuntoCardinale)
values(1,4,'NE'),
	  (1,4,null),
      (1,3,null),
      (2,4,'S'),
      (5,6,null),
      (5,7,null),
      (7,null,'W'),
      (6,null,'NE');
      
insert into Finestra(PuntoCardinale, Stanza)
values ('N',1),
	   ('NW',1),
       ('S',2),
       ('W',3),
       ('SW',4),
       ('SW',5),
       ('N',5),
       ('NW',6),
       ('SW',6);

insert into Dispositivo(Nome,Stato,Tipo,Potenza)
values ('Televisore',1,'fisso',0.300),
	   ('Televisore',1,'fisso',0.400),
	   ('Televisore',1,'fisso',0.350),
	   ('Televisore',1,'fisso',0.350),
       ('Termoventilatore',0,'variabile',null),
	   ('Termoventilatore',0,'variabile',null),
       ('Termoventilatore',0,'variabile',null),
       ('Stufa',1,'variabile',null),
       ('Stufa',1,'variabile',null),
	   ('Lavatrice',0,'variabile',null),
       ('Lavatrice',0,'variabile',null),
       ('MacchinaCaffe',1,'variabile',null),
       ('MacchinaCaffe',0,'fisso',0.700),
       ('Aspirapolvere',0,'fisso',1.500),
       ('Aspirapolvere',1,'variabile',null),
       ('Microonde',0,'variabile',null);
       
insert into SmartPlug(Stato, Dispositivo)
values (1,1),
       (1,2),
       (1,3),
       (1,4),
       (1,5),
       (1,6),
       (1,7),
	   (1,8),
       (1,9),
       (1,10),
       (1,11);
       
insert into Potenza(Dispositivo, Consumo, Livello) 
values (5,1.0,1),
	   (5,1.200,2),
	   (5,1.600,3),
	   (5,1.800,4),
	   (6,1.000,1),
	   (6,1.200,2),
	   (6,1.600,3),
	   (6,1.800,4),
       (7,1.000,1),
	   (7,1.200,2),
	   (7,1.600,3),
	   (7,1.800,4),
       (8,1.800,1),
	   (8,1.900,2),
	   (8,2.100,3),
	   (9,1.800,1),
       (9,2.100,2),
	   (9,2.400,3),
       (15,1.400,1),
       (15,1.500,2),
       (16,1.000,1),
       (16,1.300,2),
       (16,1.700,3);
       
insert into Programma (Dispositivo,Durata,Potenza)
values (10,45,1.6),
	   (10,50,1.8),
	   (10,55,1.9),
	   (10,60,1.8),
	   (10,120,1.9),
	   (11,55,2.0),
	   (11,50,2.0),
	   (11,70,2.1),
       (11,90,2.1),
	   (11,100,1.8),
	   (11,150,1.6),
       (12,0.5,0.3),
       (12,0.5,0.35);
       
insert into Caratteristica(Nome,Valore,Programma)
values ('Panni','Chiari',1),
       ('Gradi','50',1),
       ('Panni','Scuri',2),
       ('Gradi','90',2),
       ('Panni','Chiari',3),
       ('Gradi','70',3),
       ('Panni','Chiari',4),
       ('Gradi','75',4),
       ('Panni','Chiari',5),
       ('Gradi','68',5),
       ('Panni','Chiari',6),
       ('Gradi','55',6),
       ('Panni','Chiari',7),
       ('Gradi','83',7),
       ('Panni','Chiari',8),
       ('Gradi','45',8),
       ('Panni','Chiari',9),
       ('Gradi','74',9),
       ('Panni','Chiari',10),
       ('Gradi','64',10),
       ('Panni','Chiari',11),
       ('Gradi','59',11);
       
 insert into Interazione(Dispositivo,Inizio,Fine,Consumo,Account,Potenza,Programma)
 values (1,'2021-08-05 18:19','2021-08-05 18:27',null,'Paolo',null,null), (8,'2021-08-04 10:10','2021-08-04 12:24',null,'Paolo',14,null),
	   (3,'2021-08-05 21:19','2021-08-05 23:27',null,'Paolo',null,null), (6,'2021-08-03 15:19','2021-08-03 16:27',null,'Paolo',8,null),  
       (9,'2021-08-07 13:19','2021-08-07 14:24',null,'Paolo',17,null), (7,'2021-08-03 17:51','2021-08-03 18:27',null,'Paolo',10,null),  
       (10,'2021-08-10 17:17','2021-08-10 20:27',null,'Paolo',null,3), (1,'2021-08-05 21:19','2021-08-05 23:57',null,'Paolo',null,null),
       (1,'2021-08-06 9:19','2021-08-06 12:27',null,'Francesco',null,null), (2,'2021-08-08 11:19','2021-08-08 14:21',null,'Francesco',null,null),
	   (6,'2021-08-06 10:19','2021-08-06 12:20',null,'Francesco',5,null), (2,'2021-08-09 11:19','2021-08-09 14:21',null,'Francesco',null,null),
       (5,'2021-08-07 22:12','2021-08-07 23:26',null,'Francesco',4,null), (10,'2021-08-09 11:19','2021-08-09 14:21',null,'Francesco',null,5),
       (3,'2021-08-08 16:45','2021-08-08 18:33',null,'Francesco',null,null), (11,'2021-08-09 11:19','2021-08-09 14:21',null,'Francesco',null,7),
       (2,'2021-08-08 9:19','2021-08-08 12:27',null,'Francesco',null,null), (5,'2021-08-09 11:19','2021-08-09 14:21',null,'Francesco',4,null),
	   (9,'2021-08-09 13:12','2021-08-09 14:24',null,'Paolo',17,null),  (7,'2021-08-13 17:51','2021-08-13 18:27',null,'Paolo',10,null),  
       (10,'2021-08-12 16:17','2021-08-12 20:27',null,'Paolo',null,3),  (1,'2021-08-15 21:19','2021-08-15 23:57',null,'Paolo',null,null),
       (1,'2021-08-12 9:19','2021-08-12 11:27',null,'Giovanna',null,null), (2,'2021-08-15 11:03','2021-08-15 15:21',null,'Giovanna',null,null),
	   (6,'2021-08-12 10:19','2021-08-12 13:20',null,'Giovanna',5,null), (2,'2021-08-15 11:05','2021-08-15 16:21',null,'Giovanna',null,null),
       (5,'2021-08-13 22:12','2021-08-13 22:26',null,'Giovanna',4,null), (10,'2021-08-15 11:10','2021-08-15 14:21',null,'Giovanna',null,5),
       (3,'2021-08-14 16:45','2021-08-14 17:33',null,'Giovanna',null,null), (11,'2021-08-16 11:19','2021-08-16 14:21',null,'Giovanna',null,7),
       (2,'2021-08-14 9:19','2021-08-14 12:27',null,'Giovanna',null,null), (5,'2021-08-16 11:19','2021-08-16 14:21',null,'Giovanna',4,null),
       (10,'2021-08-15 18:19','2021-08-15 18:27',null,'Paolo',null,3),(8,'2021-08-15 10:10','2021-08-15 12:24',null,'Paolo',14,null),
	   (9,'2021-08-15 21:19','2021-08-15 23:27',null,'Paolo',18,null),  (6,'2021-08-15 15:19','2021-08-15 16:27',null,'Paolo',7,null),  
       (9,'2021-08-16 13:19','2021-08-16 14:24',null,'Paolo',18,null),  (7,'2021-08-16 17:51','2021-08-16 18:27',null,'Paolo',10,null),  
       (10,'2021-08-16 17:17','2021-08-16 20:27',null,'Paolo',null,3),  (16,'2021-08-16 21:19','2021-08-16 23:57',null,'Paolo',22,null),
       (5,'2021-08-16 9:19','2021-08-16 12:27',null,'Francesco',4,null),(15,'2021-08-16 11:19','2021-08-16 14:21',null,'Francesco',19,null),
	   (6,'2021-08-17 10:19','2021-08-17 12:20',null,'Francesco',5,null),(16,'2021-08-17 11:19','2021-08-17 14:21',null,'Francesco',23,null),
       (5,'2021-08-17 22:12','2021-08-17 23:26',null,'Francesco',4,null),(10,'2021-08-17 11:19','2021-08-17 14:21',null,'Francesco',null,2),
       (7,'2021-08-17 16:45','2021-08-17 18:33',null,'Francesco',10,null),(11,'2021-08-17 11:19','2021-08-17 14:21',null,'Francesco',null,7),
       (15,'2021-08-18 9:19','2021-08-18 12:27',null,'Francesco',19,null),(5,'2021-08-18 11:19','2021-08-18 14:21',null,'Francesco',4,null),
	   (9,'2021-08-18 13:12','2021-08-18 14:24',null,'Paolo',18,null),  (7,'2021-08-18 17:51','2021-08-18 18:27',null,'Paolo',10,null),  
       (10,'2021-08-19 16:17','2021-08-19 20:27',null,'Paolo',null,2),  (16,'2021-08-19 21:19','2021-08-19 23:57',null,'Paolo',23,null),
       (15,'2021-08-19 9:19','2021-08-19 11:27',null,'Giovanna',19,null), (15,'2021-08-19 11:03','2021-08-19 15:21',null,'Giovanna',19,null),
	   (6,'2021-08-20 10:19','2021-08-20 13:20',null,'Giovanna',7,null), (16,'2021-08-20 11:05','2021-08-20 16:21',null,'Giovanna',22,null),
       (5,'2021-08-20 22:12','2021-08-20 22:26',null,'Giovanna',4,null), (10,'2021-08-20 11:10','2021-08-20 14:21',null,'Giovanna',null,2),
       (15,'2021-08-20 16:45','2021-08-20 17:33',null,'Giovanna',19,null), (11,'2021-08-20 11:19','2021-08-20 14:21',null,'Giovanna',null,7),
       (16,'2021-08-21 9:19','2021-08-21 12:27',null,'Giovanna',22,null), (5,'2021-08-21 11:19','2021-08-21 14:21',null,'Giovanna',3,null),
       (10,'2021-08-22 18:19','2021-08-22 18:27',null,'Paolo',null,3),(8,'2021-08-22 10:10','2021-08-22 12:24',null,'Paolo',14,null),
	   (9,'2021-08-22 21:19','2021-08-22 23:27',null,'Paolo',18,null),  (6,'2021-08-22 15:19','2021-08-22 16:27',null,'Paolo',7,null),  
       (9,'2021-08-23 13:19','2021-08-23 14:24',null,'Paolo',18,null),  (7,'2021-08-23 17:51','2021-08-23 18:27',null,'Paolo',10,null),  
       (10,'2021-08-23 17:17','2021-08-23 20:27',null,'Paolo',null,3),  (16,'2021-08-23 21:19','2021-08-23 23:57',null,'Paolo',22,null),
       (5,'2021-08-24 9:19','2021-08-24 12:27',null,'Francesco',4,null),(15,'2021-08-24 11:19','2021-08-24 14:21',null,'Francesco',19,null),
	   (6,'2021-08-25 10:19','2021-08-25 12:20',null,'Francesco',5,null),(16,'2021-08-25 11:19','2021-08-25 14:21',null,'Francesco',23,null),
       (5,'2021-08-25 22:12','2021-08-25 23:26',null,'Francesco',4,null),(10,'2021-08-25 11:19','2021-08-25 14:21',null,'Francesco',null,2),
       (10,'2021-08-26 18:19','2021-08-26 18:27',null,'Paolo',null,3),(8,'2021-08-26 10:10','2021-08-26 12:24',null,'Paolo',14,null),
	   (9,'2021-08-26 21:19','2021-08-26 23:27',null,'Paolo',18,null),  (6,'2021-08-26 15:19','2021-08-26 16:27',null,'Paolo',7,null),  
       (9,'2021-08-27 13:19','2021-08-27 14:24',null,'Paolo',18,null),  (7,'2021-08-27 17:51','2021-08-27 18:27',null,'Paolo',10,null),  
       (10,'2021-08-27 17:17','2021-08-27 20:27',null,'Paolo',null,3),  (16,'2021-08-27 21:19','2021-08-27 23:57',null,'Paolo',22,null),
       (5,'2021-08-28 9:19','2021-08-28 12:27',null,'Francesco',4,null),(15,'2021-08-28 11:19','2021-08-28 14:21',null,'Francesco',19,null),
	   (6,'2021-08-28 10:19','2021-08-28 12:20',null,'Francesco',5,null),(16,'2021-08-28 11:19','2021-08-28 14:21',null,'Francesco',23,null),
       (5,'2021-08-29 22:12','2021-08-29 23:26',null,'Francesco',4,null),(10,'2021-08-29 11:19','2021-08-29 14:21',null,'Francesco',null,2);
       
       
insert into RegistroTemperatura 
values	("2021-08-05 0", 23), ("2021-08-05 1", 23), ("2021-08-05 2", 23), ("2021-08-05 3", 24), ("2021-08-05 4", 25), ("2021-08-05 5", 25), 
		("2021-08-05 6", 25), ("2021-08-05 7", 25),  ("2021-08-05 8", 26), ("2021-08-05 9", 27), ("2021-08-05 10", 25),("2021-08-05 11", 24), 
        ("2021-08-05 12", 24),("2021-08-05 13", 25),("2021-08-05 14", 28), ("2021-08-05 15", 28),("2021-08-05 16", 28), ("2021-08-05 17", 28),
        ("2021-08-05 18", 25),("2021-08-05 19", 24),("2021-08-05 20", 27), ("2021-08-05 21", 26), ("2021-08-05 22", 25),("2021-08-05 23", 24),
        
        ("2021-08-06 0", 23), ("2021-08-06 1", 23), ("2021-08-06 2", 23), ("2021-08-06 3", 24), ("2021-08-06 4", 25), ("2021-08-06 5", 25), 
		("2021-08-06 6", 25), ("2021-08-06 7", 25),  ("2021-08-06 8", 26), ("2021-08-06 9", 27), ("2021-08-06 10", 25),("2021-08-06 11", 24), 
        ("2021-08-06 12", 24),("2021-08-06 13", 25),("2021-08-06 14", 28), ("2021-08-06 15", 28),("2021-08-06 16", 28), ("2021-08-06 17", 28),
        ("2021-08-06 18", 25),("2021-08-06 19", 24),("2021-08-06 20", 27), ("2021-08-06 21", 26), ("2021-08-06 22", 25),("2021-08-06 23", 24),
        
		("2021-08-07 0", 23), ("2021-08-07 1", 23), ("2021-08-07 2", 23), ("2021-08-07 3", 24), ("2021-08-07 4", 25), ("2021-08-07 5", 25), 
		("2021-08-07 6", 25), ("2021-08-07 7", 25),  ("2021-08-07 8", 26), ("2021-08-07 9", 27), ("2021-08-07 10", 25),("2021-08-07 11", 24), 
        ("2021-08-07 12", 24),("2021-08-07 13", 25),("2021-08-07 14", 28), ("2021-08-07 15", 28),("2021-08-07 16", 28), ("2021-08-07 17", 28),
        ("2021-08-07 18", 25),("2021-08-07 19", 24),("2021-08-07 20", 27), ("2021-08-07 21", 26), ("2021-08-07 22", 25),("2021-08-07 23", 24),
        
		("2021-08-08 0", 23), ("2021-08-08 1", 23), ("2021-08-08 2", 23), ("2021-08-08 3", 24), ("2021-08-08 4", 25), ("2021-08-08 5", 25), 
		("2021-08-08 6", 25), ("2021-08-08 7", 25),  ("2021-08-08 8", 26), ("2021-08-08 9", 27), ("2021-08-08 10", 25),("2021-08-08 11", 24), 
        ("2021-08-08 12", 24),("2021-08-08 13", 25),("2021-08-08 14", 28), ("2021-08-08 15", 28),("2021-08-08 16", 28), ("2021-08-08 17", 28),
        ("2021-08-08 18", 25),("2021-08-08 19", 24),("2021-08-08 20", 27), ("2021-08-08 21", 26), ("2021-08-08 22", 25),("2021-08-08 23", 24),
        
		("2021-08-09 0", 23), ("2021-08-09 1", 23), ("2021-08-09 2", 23), ("2021-08-09 3", 24), ("2021-08-09 4", 25), ("2021-08-09 5", 25), 
		("2021-08-09 6", 25), ("2021-08-09 7", 25),  ("2021-08-09 8", 26), ("2021-08-09 9", 27), ("2021-08-09 10", 25),("2021-08-09 11", 24), 
        ("2021-08-09 12", 24),("2021-08-09 13", 25),("2021-08-09 14", 28), ("2021-08-09 15", 28),("2021-08-09 16", 28), ("2021-08-09 17", 28),
        ("2021-08-09 18", 25),("2021-08-09 19", 24),("2021-08-09 20", 27), ("2021-08-09 21", 26), ("2021-08-09 22", 25),("2021-08-09 23", 24),
        
		("2021-08-10 0", 23), ("2021-08-10 1", 23), ("2021-08-10 2", 23), ("2021-08-10 3", 24), ("2021-08-10 4", 25), ("2021-08-10 5", 25), 
		("2021-08-10 6", 25), ("2021-08-10 7", 25),  ("2021-08-10 8", 26), ("2021-08-10 9", 27), ("2021-08-10 10", 25),("2021-08-10 11", 24), 
        ("2021-08-10 12", 24),("2021-08-10 13", 25),("2021-08-10 14", 28), ("2021-08-10 15", 28),("2021-08-10 16", 28), ("2021-08-10 17", 28),
        ("2021-08-10 18", 25),("2021-08-10 19", 24),("2021-08-10 20", 27), ("2021-08-10 21", 26), ("2021-08-10 22", 25),("2021-08-10 23", 24),
        
		("2021-08-11 0", 23), ("2021-08-11 1", 23), ("2021-08-11 2", 23), ("2021-08-11 3", 24), ("2021-08-11 4", 25), ("2021-08-11 5", 25), 
		("2021-08-11 6", 25), ("2021-08-11 7", 25),  ("2021-08-11 8", 26), ("2021-08-11 9", 27), ("2021-08-11 10", 25),("2021-08-11 11", 24), 
        ("2021-08-11 12", 24),("2021-08-11 13", 25),("2021-08-11 14", 28), ("2021-08-11 15", 28),("2021-08-11 16", 28), ("2021-08-11 17", 28),
        ("2021-08-11 18", 25),("2021-08-11 19", 24),("2021-08-11 20", 27), ("2021-08-11 21", 26), ("2021-08-11 22", 25),("2021-08-11 23", 24),
        
		("2021-08-12 0", 23), ("2021-08-12 1", 23), ("2021-08-12 2", 23), ("2021-08-12 3", 24), ("2021-08-12 4", 25), ("2021-08-12 5", 25), 
		("2021-08-12 6", 25), ("2021-08-12 7", 25),  ("2021-08-12 8", 26), ("2021-08-12 9", 27), ("2021-08-12 10", 25),("2021-08-12 11", 24), 
        ("2021-08-12 12", 24),("2021-08-12 13", 25),("2021-08-12 14", 28), ("2021-08-12 15", 28),("2021-08-12 16", 28), ("2021-08-12 17", 28),
        ("2021-08-12 18", 25),("2021-08-12 19", 24),("2021-08-12 20", 27), ("2021-08-12 21", 26), ("2021-08-12 22", 25),("2021-08-12 23", 24),
        
		("2021-08-13 0", 23), ("2021-08-13 1", 23), ("2021-08-13 2", 23), ("2021-08-13 3", 24), ("2021-08-13 4", 25), ("2021-08-13 5", 25), 
		("2021-08-13 6", 25), ("2021-08-13 7", 25),  ("2021-08-13 8", 26), ("2021-08-13 9", 27), ("2021-08-13 10", 25),("2021-08-13 11", 24), 
        ("2021-08-13 12", 24),("2021-08-13 13", 25),("2021-08-13 14", 28), ("2021-08-13 15", 28),("2021-08-13 16", 28), ("2021-08-13 17", 28),
        ("2021-08-13 18", 25),("2021-08-13 19", 24),("2021-08-13 20", 27), ("2021-08-13 21", 26), ("2021-08-13 22", 25),("2021-08-13 23", 24),
        
		("2021-08-14 0", 23), ("2021-08-14 1", 23), ("2021-08-14 2", 23), ("2021-08-14 3", 24), ("2021-08-14 4", 25), ("2021-08-14 5", 25), 
		("2021-08-14 6", 25), ("2021-08-14 7", 25),  ("2021-08-14 8", 26), ("2021-08-14 9", 27), ("2021-08-14 10", 25),("2021-08-14 11", 24), 
        ("2021-08-14 12", 24),("2021-08-14 13", 25),("2021-08-14 14", 28), ("2021-08-14 15", 28),("2021-08-14 16", 28), ("2021-08-14 17", 28),
        ("2021-08-14 18", 25),("2021-08-14 19", 24),("2021-08-14 20", 27), ("2021-08-14 21", 26), ("2021-08-14 22", 25),("2021-08-14 23", 24),
        
		("2021-08-15 0", 23), ("2021-08-15 1", 23), ("2021-08-15 2", 23), ("2021-08-15 3", 24), ("2021-08-15 4", 25), ("2021-08-15 5", 25), 
		("2021-08-15 6", 25), ("2021-08-15 7", 25),  ("2021-08-15 8", 26), ("2021-08-15 9", 27), ("2021-08-15 10", 25),("2021-08-15 11", 24), 
        ("2021-08-15 12", 24),("2021-08-15 13", 25),("2021-08-15 14", 28), ("2021-08-15 15", 28),("2021-08-15 16", 28), ("2021-08-15 17", 28),
        ("2021-08-15 18", 25),("2021-08-15 19", 24),("2021-08-15 20", 27), ("2021-08-15 21", 26), ("2021-08-15 22", 25),("2021-08-15 23", 24),
        
		("2021-08-16 0", 23), ("2021-08-16 1", 23), ("2021-08-16 2", 23), ("2021-08-16 3", 24), ("2021-08-16 4", 25), ("2021-08-16 5", 25), 
		("2021-08-16 6", 25), ("2021-08-16 7", 25),  ("2021-08-16 8", 26), ("2021-08-16 9", 27), ("2021-08-16 10", 25),("2021-08-16 11", 24), 
        ("2021-08-16 12", 24),("2021-08-16 13", 25),("2021-08-16 14", 28), ("2021-08-16 15", 28),("2021-08-16 16", 28), ("2021-08-16 17", 28),
        ("2021-08-16 18", 25),("2021-08-16 19", 24),("2021-08-16 20", 27), ("2021-08-16 21", 26), ("2021-08-16 22", 25),("2021-08-16 23", 24),
        
		("2021-08-17 0", 23), ("2021-08-17 1", 23), ("2021-08-17 2", 23), ("2021-08-17 3", 24), ("2021-08-17 4", 25), ("2021-08-17 5", 25), 
		("2021-08-17 6", 25), ("2021-08-17 7", 25),  ("2021-08-17 8", 26), ("2021-08-17 9", 27), ("2021-08-17 10", 25),("2021-08-17 11", 24), 
        ("2021-08-17 12", 24),("2021-08-17 13", 25),("2021-08-17 14", 28), ("2021-08-17 15", 28),("2021-08-17 16", 28), ("2021-08-17 17", 28),
        ("2021-08-17 18", 25),("2021-08-17 19", 24),("2021-08-17 20", 27), ("2021-08-17 21", 26), ("2021-08-17 22", 25),("2021-08-17 23", 24),
        
		("2021-08-18 0", 23), ("2021-08-18 1", 23), ("2021-08-18 2", 23), ("2021-08-18 3", 24), ("2021-08-18 4", 25), ("2021-08-18 5", 25), 
		("2021-08-18 6", 25), ("2021-08-18 7", 25),  ("2021-08-18 8", 26), ("2021-08-18 9", 27), ("2021-08-18 10", 25),("2021-08-18 11", 24), 
        ("2021-08-18 12", 24),("2021-08-18 13", 25),("2021-08-18 14", 28), ("2021-08-18 15", 28),("2021-08-18 16", 28), ("2021-08-18 17", 28),
        ("2021-08-18 18", 25),("2021-08-18 19", 24),("2021-08-18 20", 27), ("2021-08-18 21", 26), ("2021-08-18 22", 25),("2021-08-18 23", 24),
        
		("2021-08-19 0", 23), ("2021-08-19 1", 23), ("2021-08-19 2", 23), ("2021-08-19 3", 24), ("2021-08-19 4", 25), ("2021-08-19 5", 25), 
		("2021-08-19 6", 25), ("2021-08-19 7", 25),  ("2021-08-19 8", 26), ("2021-08-19 9", 27), ("2021-08-19 10", 25),("2021-08-19 11", 24), 
        ("2021-08-19 12", 24),("2021-08-19 13", 25),("2021-08-19 14", 28), ("2021-08-19 15", 28),("2021-08-19 16", 28), ("2021-08-19 17", 28),
        ("2021-08-19 18", 25),("2021-08-19 19", 24),("2021-08-19 20", 27), ("2021-08-19 21", 26), ("2021-08-19 22", 25),("2021-08-19 23", 24),
        
		("2021-08-20 0", 23), ("2021-08-20 1", 23), ("2021-08-20 2", 23), ("2021-08-20 3", 24), ("2021-08-20 4", 25), ("2021-08-20 5", 25), 
		("2021-08-20 6", 25), ("2021-08-20 7", 25),  ("2021-08-20 8", 26), ("2021-08-20 9", 27), ("2021-08-20 10", 25),("2021-08-20 11", 24), 
        ("2021-08-20 12", 24),("2021-08-20 13", 25),("2021-08-20 14", 28), ("2021-08-20 15", 28),("2021-08-20 16", 28), ("2021-08-20 17", 28),
        ("2021-08-20 18", 25),("2021-08-20 19", 24),("2021-08-20 20", 27), ("2021-08-20 21", 26), ("2021-08-20 22", 25),("2021-08-20 23", 24),
        
		("2021-08-21 0", 23), ("2021-08-21 1", 23), ("2021-08-21 2", 23), ("2021-08-21 3", 24), ("2021-08-21 4", 25), ("2021-08-21 5", 25), 
		("2021-08-21 6", 25), ("2021-08-21 7", 25),  ("2021-08-21 8", 26), ("2021-08-21 9", 27), ("2021-08-21 10", 25),("2021-08-21 11", 24), 
        ("2021-08-21 12", 24),("2021-08-21 13", 25),("2021-08-21 14", 28), ("2021-08-21 15", 28),("2021-08-21 16", 28), ("2021-08-21 17", 28),
        ("2021-08-21 18", 25),("2021-08-21 19", 24),("2021-08-21 20", 27), ("2021-08-21 21", 26), ("2021-08-21 22", 25),("2021-08-21 23", 24),
        
		("2021-08-22 0", 23), ("2021-08-22 1", 23), ("2021-08-22 2", 23), ("2021-08-22 3", 24), ("2021-08-22 4", 25), ("2021-08-22 5", 25), 
		("2021-08-22 6", 25), ("2021-08-22 7", 25),  ("2021-08-22 8", 26), ("2021-08-22 9", 27), ("2021-08-22 10", 25),("2021-08-22 11", 24), 
        ("2021-08-22 12", 24),("2021-08-22 13", 25),("2021-08-22 14", 28), ("2021-08-22 15", 28),("2021-08-22 16", 28), ("2021-08-22 17", 28),
        ("2021-08-22 18", 25),("2021-08-22 19", 24),("2021-08-22 20", 27), ("2021-08-22 21", 26), ("2021-08-22 22", 25),("2021-08-22 23", 24),
        
		("2021-08-23 0", 23), ("2021-08-23 1", 23), ("2021-08-23 2", 23), ("2021-08-23 3", 24), ("2021-08-23 4", 25), ("2021-08-23 5", 25), 
		("2021-08-23 6", 25), ("2021-08-23 7", 25),  ("2021-08-23 8", 26), ("2021-08-23 9", 27), ("2021-08-23 10", 25),("2021-08-23 11", 24), 
        ("2021-08-23 12", 24),("2021-08-23 13", 25),("2021-08-23 14", 28), ("2021-08-23 15", 28),("2021-08-23 16", 28), ("2021-08-23 17", 28),
        ("2021-08-23 18", 25),("2021-08-23 19", 24),("2021-08-23 20", 27), ("2021-08-23 21", 26), ("2021-08-23 22", 25),("2021-08-23 23", 24),
        
        ("2021-08-24 0", 24), ("2021-08-24 1", 24), ("2021-08-24 2", 24), ("2021-08-24 3", 24), ("2021-08-24 4", 25), ("2021-08-24 5", 25), 
		("2021-08-24 6", 25), ("2021-08-24 7", 25),  ("2021-08-24 8", 26), ("2021-08-24 9", 27), ("2021-08-24 10", 25),("2021-08-24 11", 24), 
        ("2021-08-24 12", 24),("2021-08-24 13", 25),("2021-08-24 14", 28), ("2021-08-24 15", 28),("2021-08-24 16", 28), ("2021-08-24 17", 28),
        ("2021-08-24 18", 25),("2021-08-24 19", 24),("2021-08-24 20", 27), ("2021-08-24 21", 26), ("2021-08-24 22", 25),("2021-08-24 23", 24),
        
        ("2021-08-25 0", 25), ("2021-08-25 1", 25), ("2021-08-25 2", 25), ("2021-08-25 3", 25), ("2021-08-25 4", 25), ("2021-08-25 5", 25), 
		("2021-08-25 6", 25), ("2021-08-25 7", 25),  ("2021-08-25 8", 26), ("2021-08-25 9", 27), ("2021-08-25 10", 25),("2021-08-25 11", 25), 
        ("2021-08-25 12", 25),("2021-08-25 13", 25),("2021-08-25 14", 28), ("2021-08-25 15", 28),("2021-08-25 16", 28), ("2021-08-25 17", 28),
        ("2021-08-25 18", 25),("2021-08-25 19", 25),("2021-08-25 20", 27), ("2021-08-25 21", 26), ("2021-08-25 22", 25),("2021-08-25 23", 25),
        
        ("2021-08-26 0", 26), ("2021-08-26 1", 26), ("2021-08-26 2", 26), ("2021-08-26 3", 26), ("2021-08-26 4", 26), ("2021-08-26 5", 26), 
		("2021-08-26 6", 26), ("2021-08-26 7", 26),  ("2021-08-26 8", 26), ("2021-08-26 9", 27), ("2021-08-26 10", 26),("2021-08-26 11", 26), 
        ("2021-08-26 12", 26),("2021-08-26 13", 26),("2021-08-26 14", 28), ("2021-08-26 15", 28),("2021-08-26 16", 28), ("2021-08-26 17", 28),
        ("2021-08-26 18", 26),("2021-08-26 19", 26),("2021-08-26 20", 27), ("2021-08-26 21", 26), ("2021-08-26 22", 26),("2021-08-26 23", 26),
        
        ("2021-08-27 0", 27), ("2021-08-27 1", 27), ("2021-08-27 2", 27), ("2021-08-27 3", 27), ("2021-08-27 4", 27), ("2021-08-27 5", 27), 
		("2021-08-27 6", 27), ("2021-08-27 7", 27),  ("2021-08-27 8", 27), ("2021-08-27 9", 27), ("2021-08-27 10", 27),("2021-08-27 11", 27), 
        ("2021-08-27 12", 27),("2021-08-27 13", 27),("2021-08-27 14", 28), ("2021-08-27 15", 28),("2021-08-27 16", 28), ("2021-08-27 17", 28),
        ("2021-08-27 18", 27),("2021-08-27 19", 27),("2021-08-27 20", 27), ("2021-08-27 21", 27), ("2021-08-27 22", 27),("2021-08-27 23", 27),
        
        ("2021-08-28 0", 28), ("2021-08-28 1", 28), ("2021-08-28 2", 28), ("2021-08-28 3", 28), ("2021-08-28 4", 28), ("2021-08-28 5", 28), 
		("2021-08-28 6", 28), ("2021-08-28 7", 28),  ("2021-08-28 8", 28), ("2021-08-28 9", 28), ("2021-08-28 10", 28),("2021-08-28 11", 28), 
        ("2021-08-28 12", 28),("2021-08-28 13", 28),("2021-08-28 14", 28), ("2021-08-28 15", 28),("2021-08-28 16", 28), ("2021-08-28 17", 28),
        ("2021-08-28 18", 28),("2021-08-28 19", 28),("2021-08-28 20", 28), ("2021-08-28 21", 28), ("2021-08-28 22", 28),("2021-08-28 23", 28),
        
        ("2021-08-29 0", 29), ("2021-08-29 1", 29), ("2021-08-29 2", 29), ("2021-08-29 3", 29), ("2021-08-29 4", 29), ("2021-08-29 5", 29), 
		("2021-08-29 6", 29), ("2021-08-29 7", 29),  ("2021-08-29 8", 29), ("2021-08-29 9", 29), ("2021-08-29 10", 29),("2021-08-29 11", 29), 
        ("2021-08-29 12", 29),("2021-08-29 13", 29),("2021-08-29 14", 29), ("2021-08-29 15", 29),("2021-08-29 16", 29), ("2021-08-29 17", 29),
        ("2021-08-29 18", 29),("2021-08-29 19", 29),("2021-08-29 20", 29), ("2021-08-29 21", 29), ("2021-08-29 22", 29),("2021-08-29 23", 29),
        
        ("2021-08-30 0", 30), ("2021-08-30 1", 30), ("2021-08-30 2", 30), ("2021-08-30 3", 30), ("2021-08-30 4", 30), ("2021-08-30 5", 30), 
		("2021-08-30 6", 30), ("2021-08-30 7", 30),  ("2021-08-30 8", 30), ("2021-08-30 9", 30), ("2021-08-30 10", 30),("2021-08-30 11", 30), 
        ("2021-08-30 12", 30),("2021-08-30 13", 30),("2021-08-30 14", 30), ("2021-08-30 15", 30),("2021-08-30 16", 30), ("2021-08-30 17", 30),
        ("2021-08-30 18", 30),("2021-08-30 19", 30),("2021-08-30 20", 30), ("2021-08-30 21", 30), ("2021-08-30 22", 30),("2021-08-30 23", 30),
        
        ("2021-08-31 0", 31), ("2021-08-31 1", 31), ("2021-08-31 2", 31), ("2021-08-31 3", 31), ("2021-08-31 4", 31), ("2021-08-31 5", 31), 
		("2021-08-31 6", 31), ("2021-08-31 7", 31),  ("2021-08-31 8", 31), ("2021-08-31 9", 31), ("2021-08-31 10", 31),("2021-08-31 11", 31), 
        ("2021-08-31 12", 31),("2021-08-31 13", 31),("2021-08-31 14", 31), ("2021-08-31 15", 31),("2021-08-31 16", 31), ("2021-08-31 17", 31),
        ("2021-08-31 18", 31),("2021-08-31 19", 31),("2021-08-31 20", 31), ("2021-08-31 21", 31), ("2021-08-31 22", 31),("2021-08-31 23", 31);
        
        
        
      
insert into Stato
values  (1, "2021-08-28 0", 19), (1, "2021-08-28 1", 19), (1, "2021-08-28 2", 18), (1, "2021-08-28 3", 17), (1, "2021-08-28 4", 16), (1, "2021-08-28 5", 17), 
		(1, "2021-08-28 6", 17), (1, "2021-08-28 7", 17),  (1, "2021-08-28 8", 18), (1, "2021-08-28 9", 18), (1, "2021-08-28 10", 17),(1, "2021-08-28 11", 15), 
        (1, "2021-08-28 12", 18),(1, "2021-08-28 13", 19),(1, "2021-08-28 14", 20), (1, "2021-08-28 15", 21),(1, "2021-08-28 16", 20), (1, "2021-08-28 17", 19),
        (1, "2021-08-28 18", 18),(1, "2021-08-28 19", 21),(1, "2021-08-28 20", 21), (1, "2021-08-28 21", 21), (1, "2021-08-28 22", 21),(1, "2021-08-28 23", 21),
        
        (2, "2021-08-28 0", 19), (2, "2021-08-28 1", 19), (2, "2021-08-28 2", 18), (2, "2021-08-28 3", 17), (2, "2021-08-28 4", 16), (2, "2021-08-28 5", 17), 
        (2, "2021-08-28 6", 17), (2, "2021-08-28 7", 17),  (2, "2021-08-28 8", 18), (2, "2021-08-28 9", 18), (2, "2021-08-28 10", 17),(2, "2021-08-28 11", 15), 
        (2, "2021-08-28 12", 18),(2, "2021-08-28 13", 19),(2, "2021-08-28 14", 20), (2, "2021-08-28 15", 21),(2, "2021-08-28 16", 20), (2, "2021-08-28 17", 19),
        (2, "2021-08-28 18", 18),(2, "2021-08-28 19", 21),(2, "2021-08-28 20", 21), (2, "2021-08-28 21", 21), (2, "2021-08-28 22", 21),(2, "2021-08-28 23", 21),
        
		(4, "2021-08-28 0", 19), (4, "2021-08-28 1", 19), (4, "2021-08-28 2", 18), (4, "2021-08-28 3", 17), (4, "2021-08-28 4", 16), (4, "2021-08-28 5", 17), 
        (4, "2021-08-28 6", 17), (4, "2021-08-28 7", 17),  (4, "2021-08-28 8", 18), (4, "2021-08-28 9", 18), (4, "2021-08-28 10", 17),(4, "2021-08-28 11", 15), 
        (4, "2021-08-28 12", 18),(4, "2021-08-28 13", 19),(4, "2021-08-28 14", 20), (4, "2021-08-28 15", 21),(4, "2021-08-28 16", 20), (4, "2021-08-28 17", 19),
        (4, "2021-08-28 18", 18),(4, "2021-08-28 19", 21),(4, "2021-08-28 20", 21), (4, "2021-08-28 21", 21), (4, "2021-08-28 22", 21),(4, "2021-08-28 23", 21),
        
        (5, "2021-08-28 0", 19), (5, "2021-08-28 1", 19), (5, "2021-08-28 2", 18), (5, "2021-08-28 3", 17), (5, "2021-08-28 4", 16), (5, "2021-08-28 5", 17), 
        (5, "2021-08-28 6", 17), (5, "2021-08-28 7", 17),  (5, "2021-08-28 8", 18), (5, "2021-08-28 9", 18), (5, "2021-08-28 10", 17),(5, "2021-08-28 11", 15), 
        (5, "2021-08-28 12", 18),(5, "2021-08-28 13", 19),(5, "2021-08-28 14", 20), (5, "2021-08-28 15", 20),(5, "2021-08-28 16", 20), (5, "2021-08-28 17", 20),
        (5, "2021-08-28 18", 20),(5, "2021-08-28 19", 20),(5, "2021-08-28 20", 20), (5, "2021-08-28 21", 20), (5, "2021-08-28 22", 18),(5, "2021-08-28 23", 17),
        
        (6, "2021-08-28 0", 19), (6, "2021-08-28 1", 19), (6, "2021-08-28 2", 18), (6, "2021-08-28 3", 17), (6, "2021-08-28 4", 16), (6, "2021-08-28 5", 17), 
        (6, "2021-08-28 6", 17), (6, "2021-08-28 7", 17),  (6, "2021-08-28 8", 18), (6, "2021-08-28 9", 18), (6, "2021-08-28 10", 17),(6, "2021-08-28 11", 15), 
        (6, "2021-08-28 12", 18),(6, "2021-08-28 13", 19),(6, "2021-08-28 14", 20), (6, "2021-08-28 15", 21), (6, "2021-08-28 16", 20), (6, "2021-08-28 17", 19),
        (6, "2021-08-28 18", 18),(6, "2021-08-28 19", 17),(6, "2021-08-28 20", 17), (6, "2021-08-28 21", 17), (6, "2021-08-28 22", 17),(6, "2021-08-28 23", 17);
    
insert into Condizionatore (Stanza, Classe, PotenzaMedia)
values (1,"A",1.200), (2,"A",1.200), (5, "B",1.000), (6,"A++",0.800);

insert into Condizionamento (Condizionatore, Inizio, Account, Temperatura, Umidita, Fine)
values 	(1,"2021-08-28 19",'Paolo', 20, 50, "2021-08-28 23"),
		(2,"2021-08-28 19", 'Francesco', 21, 50, "2021-08-28 23"),
        (4,"2021-08-28 14", 'Paolo', 21, 50, "2021-08-28 21");
        
insert into RicorrenzaGiorno
values 	(2, "2021-08-28 19", 1),
		(2, "2021-08-28 19", 2),
        (2, "2021-08-28 19", 3),
        (2, "2021-08-28 19", 4),
        (2, "2021-08-28 19", 5);

insert into RicorrenzaMese
values 	(2, "2021-08-28 19", 10),
		(2, "2021-08-28 19", 11),
        (2, "2021-08-28 19", 12);

insert into ElementoIlluminazione (Nome, Stanza, Stato)
values 	('Lampada', 1, 0), ('Lampada', 2, 0), ('Neon Light', 2, 0),
        ('Lampada', 5, 0), ('Lampada', 6, 0), ('Spot Light', 6, 0);

insert into TemperaturaColore
values 	(1,4000), (1,6000), (2,4000), (2,6000),
        (3,4000), (3,6000), (3,8000),
        (4,5000), (5,5000), (6,4000), (6,5000), (6,7000);

insert into Intensita
values 	(1,1,0.008), (2,1,0.008), (3,1,0.008), (3,2,0.013), (3,3,0.017), 
        (4,1,0.013), (5,1,0.013), (6,1,0.008), (6,2,0.013), (6,3,0.017);

insert into Illuminazione (Luce, Inizio, Fine, TemperaturaColore, Intensita, Account)
values	
        (3,'2021-08-25 19', '2021-08-25 22', 6000, 2, 'Francesco'),
        (4,'2021-08-25 16', '2021-08-25 21', 5000, 1, 'Giovanna'),
        (5,'2021-08-25 15', '2021-08-25 20', 5000, 1, 'Giovanna'),
        (5,'2021-08-25 20', '2021-08-25 21', 5000, 1, 'Francesco'),
        (6,'2021-08-25 16', '2021-08-25 21', 4000, 2, 'Francesco'),
        (3,'2021-08-26 19', '2021-08-26 22', 6000, 2, 'Francesco'),
        (4,'2021-08-26 16', '2021-08-26 21', 5000, 1, 'Giovanna'),
        (5,'2021-08-26 15', '2021-08-26 20', 5000, 1, 'Giovanna'),
        (5,'2021-08-26 20', '2021-08-26 21', 5000, 1, 'Francesco'),
        (6,'2021-08-26 16', '2021-08-26 21', 4000, 2, 'Francesco'),
        (1,'2021-08-28 18', '2021-08-28 23', 4000, 1, 'Paolo'),
		(2,'2021-08-28 19', '2021-08-28 23', 4000, 1, 'Francesco'),
        (3,'2021-08-30 19', '2021-08-30 22', 6000, 2, 'Francesco'),
        (4,'2021-08-30 16', '2021-08-30 21', 5000, 1, 'Giovanna'),
        (5,'2021-08-30 15', '2021-08-30 20', 5000, 1, 'Giovanna'),
        (5,'2021-08-30 20', '2021-08-30 21', 5000, 1, 'Francesco'),
        (6,'2021-08-30 16', '2021-08-30 21', 4000, 2, 'Francesco');

     
insert into PannelloFotovoltaico (Superficie, Rendimento)
values 	(20, 0.30); -- 10 metri quadrati, 20% rendimento

insert into Batteria (Capacita)
values 	(10); -- 10 kWh

insert into FasciaOraria (Nome, Inizio, Fine, SceltaConsumo, Costo)
values 	('F2', '7:00','7:59', 0, 0.054), -- 0.054 euro/kWh
		('F1', '8:00','18:59', 1, 0.056),	-- scelta: 1 consumo energia in casa,  0 immissione nella rete elettrica
        ('F2', '19:00','22:59', 0, 0.054),
        ('F3', '23:00','23:59', 0, 0.044),
        ('F4', '00:00','6:59', 1, 0.044);
        

insert into RegistroFlusso (Timestamp)
values 	('2021-08-05 0'),('2021-08-05 1'),('2021-08-05 2'),('2021-08-05 3'),
        ('2021-08-05 4'),('2021-08-05 5'),('2021-08-05 6'),('2021-08-05 7'),
        ('2021-08-05 8'),('2021-08-05 9'),('2021-08-05 10'),('2021-08-05 11'),
        ('2021-08-05 12'),('2021-08-05 13'),('2021-08-05 14'),('2021-08-05 15'),
        ('2021-08-05 16'),('2021-08-05 17'),('2021-08-05 18'),('2021-08-05 19'),
        ('2021-08-05 20'),('2021-08-05 21'),('2021-08-05 22'),('2021-08-05 23'),
        
		('2021-08-06 0'),('2021-08-06 1'),('2021-08-06 2'),('2021-08-06 3'),
        ('2021-08-06 4'),('2021-08-06 5'),('2021-08-06 6'),('2021-08-06 7'),
        ('2021-08-06 8'),('2021-08-06 9'),('2021-08-06 10'),('2021-08-06 11'),
        ('2021-08-06 12'),('2021-08-06 13'),('2021-08-06 14'),('2021-08-06 15'),
        ('2021-08-06 16'),('2021-08-06 17'),('2021-08-06 18'),('2021-08-06 19'),
        ('2021-08-06 20'),('2021-08-06 21'),('2021-08-06 22'),('2021-08-06 23'),
        
		('2021-08-07 0'),('2021-08-07 1'),('2021-08-07 2'),('2021-08-07 3'),
        ('2021-08-07 4'),('2021-08-07 5'),('2021-08-07 6'),('2021-08-07 7'),
        ('2021-08-07 8'),('2021-08-07 9'),('2021-08-07 10'),('2021-08-07 11'),
        ('2021-08-07 12'),('2021-08-07 13'),('2021-08-07 14'),('2021-08-07 15'),
        ('2021-08-07 16'),('2021-08-07 17'),('2021-08-07 18'),('2021-08-07 19'),
        ('2021-08-07 20'),('2021-08-07 21'),('2021-08-07 22'),('2021-08-07 23'),
        
		('2021-08-08 0'),('2021-08-08 1'),('2021-08-08 2'),('2021-08-08 3'),
        ('2021-08-08 4'),('2021-08-08 5'),('2021-08-08 6'),('2021-08-08 7'),
        ('2021-08-08 8'),('2021-08-08 9'),('2021-08-08 10'),('2021-08-08 11'),
        ('2021-08-08 12'),('2021-08-08 13'),('2021-08-08 14'),('2021-08-08 15'),
        ('2021-08-08 16'),('2021-08-08 17'),('2021-08-08 18'),('2021-08-08 19'),
        ('2021-08-08 20'),('2021-08-08 21'),('2021-08-08 22'),('2021-08-08 23'),
        
		('2021-08-09 0'),('2021-08-09 1'),('2021-08-09 2'),('2021-08-09 3'),
        ('2021-08-09 4'),('2021-08-09 5'),('2021-08-09 6'),('2021-08-09 7'),
        ('2021-08-09 8'),('2021-08-09 9'),('2021-08-09 10'),('2021-08-09 11'),
        ('2021-08-09 12'),('2021-08-09 13'),('2021-08-09 14'),('2021-08-09 15'),
        ('2021-08-09 16'),('2021-08-09 17'),('2021-08-09 18'),('2021-08-09 19'),
        ('2021-08-09 20'),('2021-08-09 21'),('2021-08-09 22'),('2021-08-09 23'),
        
		('2021-08-10 0'),('2021-08-10 1'),('2021-08-10 2'),('2021-08-10 3'),
        ('2021-08-10 4'),('2021-08-10 5'),('2021-08-10 6'),('2021-08-10 7'),
        ('2021-08-10 8'),('2021-08-10 9'),('2021-08-10 10'),('2021-08-10 11'),
        ('2021-08-10 12'),('2021-08-10 13'),('2021-08-10 14'),('2021-08-10 15'),
        ('2021-08-10 16'),('2021-08-10 17'),('2021-08-10 18'),('2021-08-10 19'),
        ('2021-08-10 20'),('2021-08-10 21'),('2021-08-10 22'),('2021-08-10 23'),
        
        
		('2021-08-11 0'),('2021-08-11 1'),('2021-08-11 2'),('2021-08-11 3'),
        ('2021-08-11 4'),('2021-08-11 5'),('2021-08-11 6'),('2021-08-11 7'),
        ('2021-08-11 8'),('2021-08-11 9'),('2021-08-11 10'),('2021-08-11 11'),
        ('2021-08-11 12'),('2021-08-11 13'),('2021-08-11 14'),('2021-08-11 15'),
        ('2021-08-11 16'),('2021-08-11 17'),('2021-08-11 18'),('2021-08-11 19'),
        ('2021-08-11 20'),('2021-08-11 21'),('2021-08-11 22'),('2021-08-11 23'),
        
		('2021-08-12 0'),('2021-08-12 1'),('2021-08-12 2'),('2021-08-12 3'),
        ('2021-08-12 4'),('2021-08-12 5'),('2021-08-12 6'),('2021-08-12 7'),
        ('2021-08-12 8'),('2021-08-12 9'),('2021-08-12 10'),('2021-08-12 11'),
        ('2021-08-12 12'),('2021-08-12 13'),('2021-08-12 14'),('2021-08-12 15'),
        ('2021-08-12 16'),('2021-08-12 17'),('2021-08-12 18'),('2021-08-12 19'),
        ('2021-08-12 20'),('2021-08-12 21'),('2021-08-12 22'),('2021-08-12 23'),
        
		('2021-08-13 0'),('2021-08-13 1'),('2021-08-13 2'),('2021-08-13 3'),
        ('2021-08-13 4'),('2021-08-13 5'),('2021-08-13 6'),('2021-08-13 7'),
        ('2021-08-13 8'),('2021-08-13 9'),('2021-08-13 10'),('2021-08-13 11'),
        ('2021-08-13 12'),('2021-08-13 13'),('2021-08-13 14'),('2021-08-13 15'),
        ('2021-08-13 16'),('2021-08-13 17'),('2021-08-13 18'),('2021-08-13 19'),
        ('2021-08-13 20'),('2021-08-13 21'),('2021-08-13 22'),('2021-08-13 23'),
        
		('2021-08-14 0'),('2021-08-14 1'),('2021-08-14 2'),('2021-08-14 3'),
        ('2021-08-14 4'),('2021-08-14 5'),('2021-08-14 6'),('2021-08-14 7'),
        ('2021-08-14 8'),('2021-08-14 9'),('2021-08-14 10'),('2021-08-14 11'),
        ('2021-08-14 12'),('2021-08-14 13'),('2021-08-14 14'),('2021-08-14 15'),
        ('2021-08-14 16'),('2021-08-14 17'),('2021-08-14 18'),('2021-08-14 19'),
        ('2021-08-14 20'),('2021-08-14 21'),('2021-08-14 22'),('2021-08-14 23'),
        
        
		('2021-08-15 0'),('2021-08-15 1'),('2021-08-15 2'),('2021-08-15 3'),
        ('2021-08-15 4'),('2021-08-15 5'),('2021-08-15 6'),('2021-08-15 7'),
        ('2021-08-15 8'),('2021-08-15 9'),('2021-08-15 10'),('2021-08-15 11'),
        ('2021-08-15 12'),('2021-08-15 13'),('2021-08-15 14'),('2021-08-15 15'),
        ('2021-08-15 16'),('2021-08-15 17'),('2021-08-15 18'),('2021-08-15 19'),
        ('2021-08-15 20'),('2021-08-15 21'),('2021-08-15 22'),('2021-08-15 23'),
        
        
		('2021-08-16 0'),('2021-08-16 1'),('2021-08-16 2'),('2021-08-16 3'),
        ('2021-08-16 4'),('2021-08-16 5'),('2021-08-16 6'),('2021-08-16 7'),
        ('2021-08-16 8'),('2021-08-16 9'),('2021-08-16 10'),('2021-08-16 11'),
        ('2021-08-16 12'),('2021-08-16 13'),('2021-08-16 14'),('2021-08-16 15'),
        ('2021-08-16 16'),('2021-08-16 17'),('2021-08-16 18'),('2021-08-16 19'),
        ('2021-08-16 20'),('2021-08-16 21'),('2021-08-16 22'),('2021-08-16 23'),
        
		('2021-08-17 0'),('2021-08-17 1'),('2021-08-17 2'),('2021-08-17 3'),
        ('2021-08-17 4'),('2021-08-17 5'),('2021-08-17 6'),('2021-08-17 7'),
        ('2021-08-17 8'),('2021-08-17 9'),('2021-08-17 10'),('2021-08-17 11'),
        ('2021-08-17 12'),('2021-08-17 13'),('2021-08-17 14'),('2021-08-17 15'),
        ('2021-08-17 16'),('2021-08-17 17'),('2021-08-17 18'),('2021-08-17 19'),
        ('2021-08-17 20'),('2021-08-17 21'),('2021-08-17 22'),('2021-08-17 23'),
        
        ('2021-08-18 0'),('2021-08-18 1'),('2021-08-18 2'),('2021-08-18 3'),
        ('2021-08-18 4'),('2021-08-18 5'),('2021-08-18 6'),('2021-08-18 7'),
        ('2021-08-18 8'),('2021-08-18 9'),('2021-08-18 10'),('2021-08-18 11'),
        ('2021-08-18 12'),('2021-08-18 13'),('2021-08-18 14'),('2021-08-18 15'),
        ('2021-08-18 16'),('2021-08-18 17'),('2021-08-18 18'),('2021-08-18 19'),
        ('2021-08-18 20'),('2021-08-18 21'),('2021-08-18 22'),('2021-08-18 23'),
        
		('2021-08-19 0'),('2021-08-19 1'),('2021-08-19 2'),('2021-08-19 3'),
        ('2021-08-19 4'),('2021-08-19 5'),('2021-08-19 6'),('2021-08-19 7'),
        ('2021-08-19 8'),('2021-08-19 9'),('2021-08-19 10'),('2021-08-19 11'),
        ('2021-08-19 12'),('2021-08-19 13'),('2021-08-19 14'),('2021-08-19 15'),
        ('2021-08-19 16'),('2021-08-19 17'),('2021-08-19 18'),('2021-08-19 19'),
        ('2021-08-19 20'),('2021-08-19 21'),('2021-08-19 22'),('2021-08-19 23'),
        
		('2021-08-20 0'),('2021-08-20 1'),('2021-08-20 2'),('2021-08-20 3'),
        ('2021-08-20 4'),('2021-08-20 5'),('2021-08-20 6'),('2021-08-20 7'),
        ('2021-08-20 8'),('2021-08-20 9'),('2021-08-20 10'),('2021-08-20 11'),
        ('2021-08-20 12'),('2021-08-20 13'),('2021-08-20 14'),('2021-08-20 15'),
        ('2021-08-20 16'),('2021-08-20 17'),('2021-08-20 18'),('2021-08-20 19'),
        ('2021-08-20 20'),('2021-08-20 21'),('2021-08-20 22'),('2021-08-20 23'),
        
		('2021-08-21 0'),('2021-08-21 1'),('2021-08-21 2'),('2021-08-21 3'),
        ('2021-08-21 4'),('2021-08-21 5'),('2021-08-21 6'),('2021-08-21 7'),
        ('2021-08-21 8'),('2021-08-21 9'),('2021-08-21 10'),('2021-08-21 11'),
        ('2021-08-21 12'),('2021-08-21 13'),('2021-08-21 14'),('2021-08-21 15'),
        ('2021-08-21 16'),('2021-08-21 17'),('2021-08-21 18'),('2021-08-21 19'),
        ('2021-08-21 20'),('2021-08-21 21'),('2021-08-21 22'),('2021-08-21 23'),
        
		('2021-08-22 0'),('2021-08-22 1'),('2021-08-22 2'),('2021-08-22 3'),
        ('2021-08-22 4'),('2021-08-22 5'),('2021-08-22 6'),('2021-08-22 7'),
        ('2021-08-22 8'),('2021-08-22 9'),('2021-08-22 10'),('2021-08-22 11'),
        ('2021-08-22 12'),('2021-08-22 13'),('2021-08-22 14'),('2021-08-22 15'),
        ('2021-08-22 16'),('2021-08-22 17'),('2021-08-22 18'),('2021-08-22 19'),
        ('2021-08-22 20'),('2021-08-22 21'),('2021-08-22 22'),('2021-08-22 23'),
        
		('2021-08-23 0'),('2021-08-23 1'),('2021-08-23 2'),('2021-08-23 3'),
        ('2021-08-23 4'),('2021-08-23 5'),('2021-08-23 6'),('2021-08-23 7'),
        ('2021-08-23 8'),('2021-08-23 9'),('2021-08-23 10'),('2021-08-23 11'),
        ('2021-08-23 12'),('2021-08-23 13'),('2021-08-23 14'),('2021-08-23 15'),
        ('2021-08-23 16'),('2021-08-23 17'),('2021-08-23 18'),('2021-08-23 19'),
        ('2021-08-23 20'),('2021-08-23 21'),('2021-08-23 22'),('2021-08-23 23'),
        
		('2021-08-24 0'),('2021-08-24 1'),('2021-08-24 2'),('2021-08-24 3'),
        ('2021-08-24 4'),('2021-08-24 5'),('2021-08-24 6'),('2021-08-24 7'),
        ('2021-08-24 8'),('2021-08-24 9'),('2021-08-24 10'),('2021-08-24 11'),
        ('2021-08-24 12'),('2021-08-24 13'),('2021-08-24 14'),('2021-08-24 15'),
        ('2021-08-24 16'),('2021-08-24 17'),('2021-08-24 18'),('2021-08-24 19'),
        ('2021-08-24 20'),('2021-08-24 21'),('2021-08-24 22'),('2021-08-24 23'),
        
        
        ('2021-08-25 0'),('2021-08-25 1'),('2021-08-25 2'),('2021-08-25 3'),
        ('2021-08-25 4'),('2021-08-25 5'),('2021-08-25 6'),('2021-08-25 7'),
        ('2021-08-25 8'),('2021-08-25 9'),('2021-08-25 10'),('2021-08-25 11'),
        ('2021-08-25 12'),('2021-08-25 13'),('2021-08-25 14'),('2021-08-25 15'),
        ('2021-08-25 16'),('2021-08-25 17'),('2021-08-25 18'),('2021-08-25 19'),
        ('2021-08-25 20'),('2021-08-25 21'),('2021-08-25 22'),('2021-08-25 23'),
        
		('2021-08-26 0'),('2021-08-26 1'),('2021-08-26 2'),('2021-08-26 3'),
        ('2021-08-26 4'),('2021-08-26 5'),('2021-08-26 6'),('2021-08-26 7'),
        ('2021-08-26 8'),('2021-08-26 9'),('2021-08-26 10'),('2021-08-26 11'),
        ('2021-08-26 12'),('2021-08-26 13'),('2021-08-26 14'),('2021-08-26 15'),
        ('2021-08-26 16'),('2021-08-26 17'),('2021-08-26 18'),('2021-08-26 19'),
        ('2021-08-26 20'),('2021-08-26 21'),('2021-08-26 22'),('2021-08-26 23'),
        
        
		('2021-08-27 0'),('2021-08-27 1'),('2021-08-27 2'),('2021-08-27 3'),
        ('2021-08-27 4'),('2021-08-27 5'),('2021-08-27 6'),('2021-08-27 7'),
        ('2021-08-27 8'),('2021-08-27 9'),('2021-08-27 10'),('2021-08-27 11'),
        ('2021-08-27 12'),('2021-08-27 13'),('2021-08-27 14'),('2021-08-27 15'),
        ('2021-08-27 16'),('2021-08-27 17'),('2021-08-27 18'),('2021-08-27 19'),
        ('2021-08-27 20'),('2021-08-27 21'),('2021-08-27 22'),('2021-08-27 23'),
        
		('2021-08-28 0'),('2021-08-28 1'),('2021-08-28 2'),('2021-08-28 3'),
        ('2021-08-28 4'),('2021-08-28 5'),('2021-08-28 6'),('2021-08-28 7'),
        ('2021-08-28 8'),('2021-08-28 9'),('2021-08-28 10'),('2021-08-28 11'),
        ('2021-08-28 12'),('2021-08-28 13'),('2021-08-28 14'),('2021-08-28 15'),
        ('2021-08-28 16'),('2021-08-28 17'),('2021-08-28 18'),('2021-08-28 19'),
        ('2021-08-28 20'),('2021-08-28 21'),('2021-08-28 22'),('2021-08-28 23'),
        
		('2021-08-29 0'),('2021-08-29 1'),('2021-08-29 2'),('2021-08-29 3'),
        ('2021-08-29 4'),('2021-08-29 5'),('2021-08-29 6'),('2021-08-29 7'),
        ('2021-08-29 8'),('2021-08-29 9'),('2021-08-29 10'),('2021-08-29 11'),
        ('2021-08-29 12'),('2021-08-29 13'),('2021-08-29 14'),('2021-08-29 15'),
        ('2021-08-29 16'),('2021-08-29 17'),('2021-08-29 18'),('2021-08-29 19'),
        ('2021-08-29 20'),('2021-08-29 21'),('2021-08-29 22'),('2021-08-29 23'),
        
		('2021-08-30 0'),('2021-08-30 1'),('2021-08-30 2'),('2021-08-30 3'),
        ('2021-08-30 4'),('2021-08-30 5'),('2021-08-30 6'),('2021-08-30 7'),
        ('2021-08-30 8'),('2021-08-30 9'),('2021-08-30 10'),('2021-08-30 11'),
        ('2021-08-30 12'),('2021-08-30 13'),('2021-08-30 14'),('2021-08-30 15'),
        ('2021-08-30 16'),('2021-08-30 17'),('2021-08-30 18'),('2021-08-30 19'),
        ('2021-08-30 20'),('2021-08-30 21'),('2021-08-30 22'),('2021-08-30 23'),
        
        
		('2021-08-31 0'),('2021-08-31 1'),('2021-08-31 2'),('2021-08-31 3'),
        ('2021-08-31 4'),('2021-08-31 5'),('2021-08-31 6'),('2021-08-31 7'),
        ('2021-08-31 8'),('2021-08-31 9'),('2021-08-31 10'),('2021-08-31 11'),
        ('2021-08-31 12'),('2021-08-31 13'),('2021-08-31 14'),('2021-08-31 15'),
        ('2021-08-31 16'),('2021-08-31 17'),('2021-08-31 18'),('2021-08-31 19'),
        ('2021-08-31 20'),('2021-08-31 21'),('2021-08-31 22'),('2021-08-31 23');
        
        
insert into EnergiaProdotta (Timestamp, Pannello, Quantita, Irraggiamento)
values  ('2021-08-05 00:00:00', 1, 0, 0),
		('2021-08-05 01:00:00', 1, 0, 0),
		('2021-08-05 02:00:00', 1, 0, 0),
		('2021-08-05 03:00:00', 1, 0, 0),
		('2021-08-05 04:00:00', 1, 0, 0),
		('2021-08-05 05:00:00', 1, 0, 0),
		('2021-08-05 06:00:00', 1, 0.0498, 24.92),
		('2021-08-05 07:00:00', 1, 0.3471, 173.55),
		('2021-08-05 08:00:00', 1, 0.3934, 196.69),
		('2021-08-05 09:00:00', 1, 0.2688, 134.39),
		('2021-08-05 10:00:00', 1, 0.3507, 175.33),
		('2021-08-05 11:00:00', 1, 0.4236, 211.82),
		('2021-08-05 12:00:00', 1, 0.4628, 231.4),
		('2021-08-05 13:00:00', 1, 0.4343, 217.16),
		('2021-08-05 14:00:00', 1, 0.4343, 217.16),
		('2021-08-05 15:00:00', 1, 0.5963, 298.15),
		('2021-08-05 16:00:00', 1, 0.5963, 298.15),
		('2021-08-05 17:00:00', 1, 0.785, 392.49),
		('2021-08-05 18:00:00', 1, 0.696, 347.99),
		('2021-08-05 19:00:00', 1, 0.4112, 205.59),
		('2021-08-05 20:00:00', 1, 0.0979, 48.95),
		('2021-08-05 21:00:00', 1, 0, 0),
		('2021-08-05 22:00:00', 1, 0, 0),
		('2021-08-05 23:00:00', 1, 0, 0),
		('2021-08-06 00:00:00', 1, 0, 0),
		('2021-08-06 01:00:00', 1, 0, 0),
		('2021-08-06 02:00:00', 1, 0, 0),
		('2021-08-06 03:00:00', 1, 0, 0),
		('2021-08-06 04:00:00', 1, 0, 0),
		('2021-08-06 05:00:00', 1, 0, 0),
		('2021-08-06 06:00:00', 1, 0.0303, 15.13),
		('2021-08-06 07:00:00', 1, 0.2581, 129.05),
		('2021-08-06 08:00:00', 1, 0.4058, 202.92),
		('2021-08-06 09:00:00', 1, 0.8562, 428.09),
		('2021-08-06 10:00:00', 1, 1.1321, 566.04),
		('2021-08-06 11:00:00', 1, 1.3635, 681.74),
		('2021-08-06 12:00:00', 1, 1.4792, 739.59),
		('2021-08-06 13:00:00', 1, 1.5326, 766.29),
		('2021-08-06 14:00:00', 1, 1.4934, 746.71),
		('2021-08-06 15:00:00', 1, 1.3973, 698.65),
		('2021-08-06 16:00:00', 1, 1.0538, 526.88),
		('2021-08-06 17:00:00', 1, 0.7405, 370.24),
		('2021-08-06 18:00:00', 1, 0.6408, 320.4),
		('2021-08-06 19:00:00', 1, 0.3738, 186.9),
		('2021-08-06 20:00:00', 1, 0.105, 52.51),
		('2021-08-06 21:00:00', 1, 0, 0),
		('2021-08-06 22:00:00', 1, 0, 0),
		('2021-08-06 23:00:00', 1, 0, 0),
		('2021-08-07 00:00:00', 1, 0, 0),
		('2021-08-07 01:00:00', 1, 0, 0),
		('2021-08-07 02:00:00', 1, 0, 0),
		('2021-08-07 03:00:00', 1, 0, 0),
		('2021-08-07 04:00:00', 1, 0, 0),
		('2021-08-07 05:00:00', 1, 0, 0),
		('2021-08-07 06:00:00', 1, 0.0445, 22.25),
		('2021-08-07 07:00:00', 1, 0.2723, 136.17),
		('2021-08-07 08:00:00', 1, 0.3293, 164.65),
		('2021-08-07 09:00:00', 1, 0.7209, 360.45),
		('2021-08-07 10:00:00', 1, 1.1677, 583.84),
		('2021-08-07 11:00:00', 1, 0.8081, 404.06),
		('2021-08-07 12:00:00', 1, 0.6194, 309.72),
		('2021-08-07 13:00:00', 1, 0.3969, 198.47),
		('2021-08-07 14:00:00', 1, 0.1121, 56.07),
		('2021-08-07 15:00:00', 1, 0.0552, 27.59),
		('2021-08-07 16:00:00', 1, 0.0748, 37.38),
		('2021-08-07 17:00:00', 1, 0.0641, 32.04),
		('2021-08-07 18:00:00', 1, 0.0783, 39.16),
		('2021-08-07 19:00:00', 1, 0.1388, 69.42),
		('2021-08-07 20:00:00', 1, 0.0338, 16.91),
		('2021-08-07 21:00:00', 1, 0, 0),
		('2021-08-07 22:00:00', 1, 0, 0),
		('2021-08-07 23:00:00', 1, 0, 0),
		('2021-08-08 00:00:00', 1, 0, 0),
		('2021-08-08 01:00:00', 1, 0, 0),
		('2021-08-08 02:00:00', 1, 0, 0),
		('2021-08-08 03:00:00', 1, 0, 0),
		('2021-08-08 04:00:00', 1, 0, 0),
		('2021-08-08 05:00:00', 1, 0, 0),
		('2021-08-08 06:00:00', 1, 0.032, 16.02),
		('2021-08-08 07:00:00', 1, 0.3186, 159.31),
		('2021-08-08 08:00:00', 1, 0.6426, 321.29),
		('2021-08-08 09:00:00', 1, 0.9149, 457.46),
		('2021-08-08 10:00:00', 1, 1.1534, 576.72),
		('2021-08-08 11:00:00', 1, 1.3403, 670.17),
		('2021-08-08 12:00:00', 1, 1.4792, 739.59),
		('2021-08-08 13:00:00', 1, 1.4525, 726.24),
		('2021-08-08 14:00:00', 1, 1.497, 748.49),
		('2021-08-08 15:00:00', 1, 0.8188, 409.4),
		('2021-08-08 16:00:00', 1, 1.1908, 595.41),
		('2021-08-08 17:00:00', 1, 1.011, 505.52),
		('2021-08-08 18:00:00', 1, 0.6889, 344.43),
		('2021-08-08 19:00:00', 1, 0.3613, 180.67),
		('2021-08-08 20:00:00', 1, 0.0819, 40.94),
		('2021-08-08 21:00:00', 1, 0, 0),
		('2021-08-08 22:00:00', 1, 0, 0),
		('2021-08-08 23:00:00', 1, 0, 0),
		('2021-08-09 00:00:00', 1, 0, 0),
		('2021-08-09 01:00:00', 1, 0, 0),
		('2021-08-09 02:00:00', 1, 0, 0),
		('2021-08-09 03:00:00', 1, 0, 0),
		('2021-08-09 04:00:00', 1, 0, 0),
		('2021-08-09 05:00:00', 1, 0, 0),
		('2021-08-09 06:00:00', 1, 0.0445, 22.25),
		('2021-08-09 07:00:00', 1, 0.2812, 140.62),
		('2021-08-09 08:00:00', 1, 0.5554, 277.68),
		('2021-08-09 09:00:00', 1, 0.9559, 477.93),
		('2021-08-09 10:00:00', 1, 1.2015, 600.75),
		('2021-08-09 11:00:00', 1, 1.3528, 676.4),
		('2021-08-09 12:00:00', 1, 1.4792, 739.59),
		('2021-08-09 13:00:00', 1, 0.9381, 469.03),
		('2021-08-09 14:00:00', 1, 1.2602, 630.12),
		('2021-08-09 15:00:00', 1, 1.1321, 566.04),
		('2021-08-09 16:00:00', 1, 1.0644, 532.22),
		('2021-08-09 17:00:00', 1, 0.8135, 406.73),
		('2021-08-09 18:00:00', 1, 0.7013, 350.66),
		('2021-08-09 19:00:00', 1, 0.388, 194.02),
		('2021-08-09 20:00:00', 1, 0.0819, 40.94),
		('2021-08-09 21:00:00', 1, 0, 0),
		('2021-08-09 22:00:00', 1, 0, 0),
		('2021-08-09 23:00:00', 1, 0, 0),
		('2021-08-10 00:00:00', 1, 0, 0),
		('2021-08-10 01:00:00', 1, 0, 0),
		('2021-08-10 02:00:00', 1, 0, 0),
		('2021-08-10 03:00:00', 1, 0, 0),
		('2021-08-10 04:00:00', 1, 0, 0),
		('2021-08-10 05:00:00', 1, 0, 0),
		('2021-08-10 06:00:00', 1, 0.0427, 21.36),
		('2021-08-10 07:00:00', 1, 0.3062, 153.08),
		('2021-08-10 08:00:00', 1, 0.5892, 294.59),
		('2021-08-10 09:00:00', 1, 0.9363, 468.14),
		('2021-08-10 10:00:00', 1, 1.2086, 604.31),
		('2021-08-10 11:00:00', 1, 1.4187, 709.33),
		('2021-08-10 12:00:00', 1, 1.5593, 779.64),
		('2021-08-10 13:00:00', 1, 1.6073, 803.67),
		('2021-08-10 14:00:00', 1, 1.57, 784.98),
		('2021-08-10 15:00:00', 1, 1.4454, 722.68),
		('2021-08-10 16:00:00', 1, 1.2407, 620.33),
		('2021-08-10 17:00:00', 1, 0.9808, 490.39),
		('2021-08-10 18:00:00', 1, 0.6782, 339.09),
		('2021-08-10 19:00:00', 1, 0.3578, 178.89),
		('2021-08-10 20:00:00', 1, 0.0694, 34.71),
		('2021-08-10 21:00:00', 1, 0, 0),
		('2021-08-10 22:00:00', 1, 0, 0),
		('2021-08-10 23:00:00', 1, 0, 0),
		('2021-08-11 00:00:00', 1, 0, 0),
		('2021-08-11 01:00:00', 1, 0, 0),
		('2021-08-11 02:00:00', 1, 0, 0),
		('2021-08-11 03:00:00', 1, 0, 0),
		('2021-08-11 04:00:00', 1, 0, 0),
		('2021-08-11 05:00:00', 1, 0, 0),
		('2021-08-11 06:00:00', 1, 0.0338, 16.91),
		('2021-08-11 07:00:00', 1, 0.2955, 147.74),
		('2021-08-11 08:00:00', 1, 0.6159, 307.94),
		('2021-08-11 09:00:00', 1, 0.9238, 461.91),
		('2021-08-11 10:00:00', 1, 1.1517, 575.83),
		('2021-08-11 11:00:00', 1, 1.408, 703.99),
		('2021-08-11 12:00:00', 1, 1.5486, 774.3),
		('2021-08-11 13:00:00', 1, 1.5967, 798.33),
		('2021-08-11 14:00:00', 1, 1.5611, 780.53),
		('2021-08-11 15:00:00', 1, 1.44, 720.01),
		('2021-08-11 16:00:00', 1, 1.2353, 617.66),
		('2021-08-11 17:00:00', 1, 0.9238, 461.91),
		('2021-08-11 18:00:00', 1, 0.6586, 329.3),
		('2021-08-11 19:00:00', 1, 0.3542, 177.11),
		('2021-08-11 20:00:00', 1, 0.0659, 32.93),
		('2021-08-11 21:00:00', 1, 0, 0),
		('2021-08-11 22:00:00', 1, 0, 0),
		('2021-08-11 23:00:00', 1, 0, 0),
		('2021-08-12 00:00:00', 1, 0, 0),
		('2021-08-12 01:00:00', 1, 0, 0),
		('2021-08-12 02:00:00', 1, 0, 0),
		('2021-08-12 03:00:00', 1, 0, 0),
		('2021-08-12 04:00:00', 1, 0, 0),
		('2021-08-12 05:00:00', 1, 0, 0),
		('2021-08-12 06:00:00', 1, 0.032, 16.02),
		('2021-08-12 07:00:00', 1, 0.2919, 145.96),
		('2021-08-12 08:00:00', 1, 0.623, 311.5),
		('2021-08-12 09:00:00', 1, 0.9327, 466.36),
		('2021-08-12 10:00:00', 1, 1.1997, 599.86),
		('2021-08-12 11:00:00', 1, 1.4115, 705.77),
		('2021-08-12 12:00:00', 1, 1.5522, 776.08),
		('2021-08-12 13:00:00', 1, 1.5931, 796.55),
		('2021-08-12 14:00:00', 1, 1.5575, 778.75),
		('2021-08-12 15:00:00', 1, 1.4365, 718.23),
		('2021-08-12 16:00:00', 1, 1.2211, 610.54),
		('2021-08-12 17:00:00', 1, 0.9754, 487.72),
		('2021-08-12 18:00:00', 1, 0.6693, 334.64),
		('2021-08-12 19:00:00', 1, 0.3453, 172.66),
		('2021-08-12 20:00:00', 1, 0.0587, 29.37),
		('2021-08-12 21:00:00', 1, 0, 0),
		('2021-08-12 22:00:00', 1, 0, 0),
		('2021-08-12 23:00:00', 1, 0, 0),
		('2021-08-13 00:00:00', 1, 0, 0),
		('2021-08-13 01:00:00', 1, 0, 0),
		('2021-08-13 02:00:00', 1, 0, 0),
		('2021-08-13 03:00:00', 1, 0, 0),
		('2021-08-13 04:00:00', 1, 0, 0),
		('2021-08-13 05:00:00', 1, 0, 0),
		('2021-08-13 06:00:00', 1, 0.0285, 14.24),
		('2021-08-13 07:00:00', 1, 0.2617, 130.83),
		('2021-08-13 08:00:00', 1, 0.5643, 282.13),
		('2021-08-13 09:00:00', 1, 0.8526, 426.31),
		('2021-08-13 10:00:00', 1, 1.1428, 571.38),
		('2021-08-13 11:00:00', 1, 1.3492, 674.62),
		('2021-08-13 12:00:00', 1, 1.4525, 726.24),
		('2021-08-13 13:00:00', 1, 1.5433, 771.63),
		('2021-08-13 14:00:00', 1, 1.5041, 752.05),
		('2021-08-13 15:00:00', 1, 1.3884, 694.2),
		('2021-08-13 16:00:00', 1, 1.173, 586.51),
		('2021-08-13 17:00:00', 1, 0.9007, 450.34),
		('2021-08-13 18:00:00', 1, 0.6461, 323.07),
		('2021-08-13 19:00:00', 1, 0.2314, 115.7),
		('2021-08-13 20:00:00', 1, 0.0623, 31.15),
		('2021-08-13 21:00:00', 1, 0, 0),
		('2021-08-13 22:00:00', 1, 0, 0),
		('2021-08-13 23:00:00', 1, 0, 0),
		('2021-08-14 00:00:00', 1, 0, 0),
		('2021-08-14 01:00:00', 1, 0, 0),
		('2021-08-14 02:00:00', 1, 0, 0),
		('2021-08-14 03:00:00', 1, 0, 0),
		('2021-08-14 04:00:00', 1, 0, 0),
		('2021-08-14 05:00:00', 1, 0, 0),
		('2021-08-14 06:00:00', 1, 0.0249, 12.46),
		('2021-08-14 07:00:00', 1, 0.2634, 131.72),
		('2021-08-14 08:00:00', 1, 0.5749, 287.47),
		('2021-08-14 09:00:00', 1, 0.8971, 448.56),
		('2021-08-14 10:00:00', 1, 1.1677, 583.84),
		('2021-08-14 11:00:00', 1, 1.3742, 687.08),
		('2021-08-14 12:00:00', 1, 1.4418, 720.9),
		('2021-08-14 13:00:00', 1, 1.5611, 780.53),
		('2021-08-14 14:00:00', 1, 1.4845, 742.26),
		('2021-08-14 15:00:00', 1, 1.4044, 702.21),
		('2021-08-14 16:00:00', 1, 1.2051, 602.53),
		('2021-08-14 17:00:00', 1, 0.947, 473.48),
		('2021-08-14 18:00:00', 1, 0.6444, 322.18),
		('2021-08-14 19:00:00', 1, 0.324, 161.98),
		('2021-08-14 20:00:00', 1, 0.0498, 24.92),
		('2021-08-14 21:00:00', 1, 0, 0),
		('2021-08-14 22:00:00', 1, 0, 0),
		('2021-08-14 23:00:00', 1, 0, 0),
		('2021-08-15 00:00:00', 1, 0, 0),
		('2021-08-15 01:00:00', 1, 0, 0),
		('2021-08-15 02:00:00', 1, 0, 0),
		('2021-08-15 03:00:00', 1, 0, 0),
		('2021-08-15 04:00:00', 1, 0, 0),
		('2021-08-15 05:00:00', 1, 0, 0),
		('2021-08-15 06:00:00', 1, 0.0231, 11.57),
		('2021-08-15 07:00:00', 1, 0.267, 133.5),
		('2021-08-15 08:00:00', 1, 0.5821, 291.03),
		('2021-08-15 09:00:00', 1, 0.8793, 439.66),
		('2021-08-15 10:00:00', 1, 1.1659, 582.95),
		('2021-08-15 11:00:00', 1, 1.3759, 687.97),
		('2021-08-15 12:00:00', 1, 1.5059, 752.94),
		('2021-08-15 13:00:00', 1, 1.5308, 765.4),
		('2021-08-15 14:00:00', 1, 1.4222, 711.11),
		('2021-08-15 15:00:00', 1, 1.3154, 657.71),
		('2021-08-15 16:00:00', 1, 1.1267, 563.37),
		('2021-08-15 17:00:00', 1, 0.9167, 458.35),
		('2021-08-15 18:00:00', 1, 0.6372, 318.62),
		('2021-08-15 19:00:00', 1, 0.3186, 159.31),
		('2021-08-15 20:00:00', 1, 0.0445, 22.25),
		('2021-08-15 21:00:00', 1, 0, 0),
		('2021-08-15 22:00:00', 1, 0, 0),
		('2021-08-15 23:00:00', 1, 0, 0),
		('2021-08-16 00:00:00', 1, 0, 0),
		('2021-08-16 01:00:00', 1, 0, 0),
		('2021-08-16 02:00:00', 1, 0, 0),
		('2021-08-16 03:00:00', 1, 0, 0),
		('2021-08-16 04:00:00', 1, 0, 0),
		('2021-08-16 05:00:00', 1, 0, 0),
		('2021-08-16 06:00:00', 1, 0.0214, 10.68),
		('2021-08-16 07:00:00', 1, 0.2617, 130.83),
		('2021-08-16 08:00:00', 1, 0.5945, 297.26),
		('2021-08-16 09:00:00', 1, 0.696, 347.99),
		('2021-08-16 10:00:00', 1, 1.0573, 528.66),
		('2021-08-16 11:00:00', 1, 1.084, 542.01),
		('2021-08-16 12:00:00', 1, 1.1659, 582.95),
		('2021-08-16 13:00:00', 1, 1.5415, 770.74),
		('2021-08-16 14:00:00', 1, 1.5148, 757.39),
		('2021-08-16 15:00:00', 1, 1.3101, 655.04),
		('2021-08-16 16:00:00', 1, 1.1517, 575.83),
		('2021-08-16 17:00:00', 1, 0.9149, 457.46),
		('2021-08-16 18:00:00', 1, 0.5589, 279.46),
		('2021-08-16 19:00:00', 1, 0.1121, 56.07),
		('2021-08-16 20:00:00', 1, 0.0231, 11.57),
		('2021-08-16 21:00:00', 1, 0, 0),
		('2021-08-16 22:00:00', 1, 0, 0),
		('2021-08-16 23:00:00', 1, 0, 0),
		('2021-08-17 00:00:00', 1, 0, 0),
		('2021-08-17 01:00:00', 1, 0, 0),
		('2021-08-17 02:00:00', 1, 0, 0),
		('2021-08-17 03:00:00', 1, 0, 0),
		('2021-08-17 04:00:00', 1, 0, 0),
		('2021-08-17 05:00:00', 1, 0, 0),
		('2021-08-17 06:00:00', 1, 0.0178, 8.9),
		('2021-08-17 07:00:00', 1, 0.1762, 88.11),
		('2021-08-17 08:00:00', 1, 0.607, 303.49),
		('2021-08-17 09:00:00', 1, 0.922, 461.02),
		('2021-08-17 10:00:00', 1, 1.1944, 597.19),
		('2021-08-17 11:00:00', 1, 1.3973, 698.65),
		('2021-08-17 12:00:00', 1, 1.5344, 767.18),
		('2021-08-17 13:00:00', 1, 1.4988, 749.38),
		('2021-08-17 14:00:00', 1, 1.3546, 677.29),
		('2021-08-17 15:00:00', 1, 1.1481, 574.05),
		('2021-08-17 16:00:00', 1, 1.0449, 522.43),
		('2021-08-17 17:00:00', 1, 0.9416, 470.81),
		('2021-08-17 18:00:00', 1, 0.6586, 329.3),
		('2021-08-17 19:00:00', 1, 0.3364, 168.21),
		('2021-08-17 20:00:00', 1, 0.0463, 23.14),
		('2021-08-17 21:00:00', 1, 0, 0),
		('2021-08-17 22:00:00', 1, 0, 0),
		('2021-08-17 23:00:00', 1, 0, 0),
		('2021-08-18 00:00:00', 1, 0, 0),
		('2021-08-18 01:00:00', 1, 0, 0),
		('2021-08-18 02:00:00', 1, 0, 0),
		('2021-08-18 03:00:00', 1, 0, 0),
		('2021-08-18 04:00:00', 1, 0, 0),
		('2021-08-18 05:00:00', 1, 0, 0),
		('2021-08-18 06:00:00', 1, 0.0125, 6.23),
		('2021-08-18 07:00:00', 1, 0.1086, 54.29),
		('2021-08-18 08:00:00', 1, 0.2189, 109.47),
		('2021-08-18 09:00:00', 1, 0.4984, 249.2),
		('2021-08-18 10:00:00', 1, 0.6693, 334.64),
		('2021-08-18 11:00:00', 1, 0.995, 497.51),
		('2021-08-18 12:00:00', 1, 1.3421, 671.06),
		('2021-08-18 13:00:00', 1, 1.5379, 768.96),
		('2021-08-18 14:00:00', 1, 1.5219, 760.95),
		('2021-08-18 15:00:00', 1, 1.3831, 691.53),
		('2021-08-18 16:00:00', 1, 1.1321, 566.04),
		('2021-08-18 17:00:00', 1, 0.8829, 441.44),
		('2021-08-18 18:00:00', 1, 0.591, 295.48),
		('2021-08-18 19:00:00', 1, 0.2937, 146.85),
		('2021-08-18 20:00:00', 1, 0.0338, 16.91),
		('2021-08-18 21:00:00', 1, 0, 0),
		('2021-08-18 22:00:00', 1, 0, 0),
		('2021-08-18 23:00:00', 1, 0, 0),
		('2021-08-19 00:00:00', 1, 0, 0),
		('2021-08-19 01:00:00', 1, 0, 0),
		('2021-08-19 02:00:00', 1, 0, 0),
		('2021-08-19 03:00:00', 1, 0, 0),
		('2021-08-19 04:00:00', 1, 0, 0),
		('2021-08-19 05:00:00', 1, 0, 0),
		('2021-08-19 06:00:00', 1, 0.016, 8.01),
		('2021-08-19 07:00:00', 1, 0.2474, 123.71),
		('2021-08-19 08:00:00', 1, 0.5714, 285.69),
		('2021-08-19 09:00:00', 1, 0.8864, 443.22),
		('2021-08-19 10:00:00', 1, 1.1374, 568.71),
		('2021-08-19 11:00:00', 1, 1.2941, 647.03),
		('2021-08-19 12:00:00', 1, 1.4258, 712.89),
		('2021-08-19 13:00:00', 1, 1.4382, 719.12),
		('2021-08-19 14:00:00', 1, 1.4489, 724.46),
		('2021-08-19 15:00:00', 1, 1.3279, 663.94),
		('2021-08-19 16:00:00', 1, 1.1321, 566.04),
		('2021-08-19 17:00:00', 1, 0.8793, 439.66),
		('2021-08-19 18:00:00', 1, 0.5856, 292.81),
		('2021-08-19 19:00:00', 1, 0.2866, 143.29),
		('2021-08-19 20:00:00', 1, 0.0285, 14.24),
		('2021-08-19 21:00:00', 1, 0, 0),
		('2021-08-19 22:00:00', 1, 0, 0),
		('2021-08-19 23:00:00', 1, 0, 0),
		('2021-08-20 00:00:00', 1, 0, 0),
		('2021-08-20 01:00:00', 1, 0, 0),
		('2021-08-20 02:00:00', 1, 0, 0),
		('2021-08-20 03:00:00', 1, 0, 0),
		('2021-08-20 04:00:00', 1, 0, 0),
		('2021-08-20 05:00:00', 1, 0, 0),
		('2021-08-20 06:00:00', 1, 0.016, 8.01),
		('2021-08-20 07:00:00', 1, 0.2617, 130.83),
		('2021-08-20 08:00:00', 1, 0.5767, 288.36),
		('2021-08-20 09:00:00', 1, 0.8811, 440.55),
		('2021-08-20 10:00:00', 1, 1.1552, 577.61),
		('2021-08-20 11:00:00', 1, 1.367, 683.52),
		('2021-08-20 12:00:00', 1, 1.4863, 743.15),
		('2021-08-20 13:00:00', 1, 1.5611, 780.53),
		('2021-08-20 14:00:00', 1, 1.5219, 760.95),
		('2021-08-20 15:00:00', 1, 1.3955, 697.76),
		('2021-08-20 16:00:00', 1, 1.189, 594.52),
		('2021-08-20 17:00:00', 1, 0.9203, 460.13),
		('2021-08-20 18:00:00', 1, 0.6088, 304.38),
		('2021-08-20 19:00:00', 1, 0.2812, 140.62),
		('2021-08-20 20:00:00', 1, 0.0267, 13.35),
		('2021-08-20 21:00:00', 1, 0, 0),
		('2021-08-20 22:00:00', 1, 0, 0),
		('2021-08-20 23:00:00', 1, 0, 0),
		('2021-08-21 00:00:00', 1, 0, 0),
		('2021-08-21 01:00:00', 1, 0, 0),
		('2021-08-21 02:00:00', 1, 0, 0),
		('2021-08-21 03:00:00', 1, 0, 0),
		('2021-08-21 04:00:00', 1, 0, 0),
		('2021-08-21 05:00:00', 1, 0, 0),
		('2021-08-21 06:00:00', 1, 0.016, 8.01),
		('2021-08-21 07:00:00', 1, 0.2581, 129.05),
		('2021-08-21 08:00:00', 1, 0.5732, 286.58),
		('2021-08-21 09:00:00', 1, 0.8775, 438.77),
		('2021-08-21 10:00:00', 1, 1.1499, 574.94),
		('2021-08-21 11:00:00', 1, 1.3581, 679.07),
		('2021-08-21 12:00:00', 1, 1.4916, 745.82),
		('2021-08-21 13:00:00', 1, 1.5237, 761.84),
		('2021-08-21 14:00:00', 1, 1.4792, 739.59),
		('2021-08-21 15:00:00', 1, 1.3564, 678.18),
		('2021-08-21 16:00:00', 1, 1.1623, 581.17),
		('2021-08-21 17:00:00', 1, 0.9114, 455.68),
		('2021-08-21 18:00:00', 1, 0.6141, 307.05),
		('2021-08-21 19:00:00', 1, 0.2937, 146.85),
		('2021-08-21 20:00:00', 1, 0.0285, 14.24),
		('2021-08-21 21:00:00', 1, 0, 0),
		('2021-08-21 22:00:00', 1, 0, 0),
		('2021-08-21 23:00:00', 1, 0, 0),
		('2021-08-22 00:00:00', 1, 0, 0),
		('2021-08-22 01:00:00', 1, 0, 0),
		('2021-08-22 02:00:00', 1, 0, 0),
		('2021-08-22 03:00:00', 1, 0, 0),
		('2021-08-22 04:00:00', 1, 0, 0),
		('2021-08-22 05:00:00', 1, 0, 0),
		('2021-08-22 06:00:00', 1, 0.0036, 1.78),
		('2021-08-22 07:00:00', 1, 0.0712, 35.6),
		('2021-08-22 08:00:00', 1, 0.2011, 100.57),
		('2021-08-22 09:00:00', 1, 0.4628, 231.4),
		('2021-08-22 10:00:00', 1, 0.4308, 215.38),
		('2021-08-22 11:00:00', 1, 0.8366, 418.3),
		('2021-08-22 12:00:00', 1, 0.6639, 331.97),
		('2021-08-22 13:00:00', 1, 0.8313, 415.63),
		('2021-08-22 14:00:00', 1, 0.68, 339.98),
		('2021-08-22 15:00:00', 1, 0.6817, 340.87),
		('2021-08-22 16:00:00', 1, 0.3079, 153.97),
		('2021-08-22 17:00:00', 1, 0.251, 125.49),
		('2021-08-22 18:00:00', 1, 0.1744, 87.22),
		('2021-08-22 19:00:00', 1, 0.2261, 113.03),
		('2021-08-22 20:00:00', 1, 0.0214, 10.68),
		('2021-08-22 21:00:00', 1, 0, 0),
		('2021-08-22 22:00:00', 1, 0, 0),
		('2021-08-22 23:00:00', 1, 0, 0),
		('2021-08-23 00:00:00', 1, 0, 0),
		('2021-08-23 01:00:00', 1, 0, 0),
		('2021-08-23 02:00:00', 1, 0, 0),
		('2021-08-23 03:00:00', 1, 0, 0),
		('2021-08-23 04:00:00', 1, 0, 0),
		('2021-08-23 05:00:00', 1, 0, 0),
		('2021-08-23 06:00:00', 1, 0.0053, 2.67),
		('2021-08-23 07:00:00', 1, 0.235, 117.48),
		('2021-08-23 08:00:00', 1, 0.5518, 275.9),
		('2021-08-23 09:00:00', 1, 0.3738, 186.9),
		('2021-08-23 10:00:00', 1, 0.8135, 406.73),
		('2021-08-23 11:00:00', 1, 1.3492, 674.62),
		('2021-08-23 12:00:00', 1, 1.0431, 521.54),
		('2021-08-23 13:00:00', 1, 0.7796, 389.82),
		('2021-08-23 14:00:00', 1, 1.2798, 639.91),
		('2021-08-23 15:00:00', 1, 0.7565, 378.25),
		('2021-08-23 16:00:00', 1, 1.0858, 542.9),
		('2021-08-23 17:00:00', 1, 0.833, 416.52),
		('2021-08-23 18:00:00', 1, 0.5429, 271.45),
		('2021-08-23 19:00:00', 1, 0.2367, 118.37),
		('2021-08-23 20:00:00', 1, 0.016, 8.01),
		('2021-08-23 21:00:00', 1, 0, 0),
		('2021-08-23 22:00:00', 1, 0, 0),
		('2021-08-23 23:00:00', 1, 0, 0),
		('2021-08-24 00:00:00', 1, 0, 0),
		('2021-08-24 01:00:00', 1, 0, 0),
		('2021-08-24 02:00:00', 1, 0, 0),
		('2021-08-24 03:00:00', 1, 0, 0),
		('2021-08-24 04:00:00', 1, 0, 0),
		('2021-08-24 05:00:00', 1, 0, 0),
		('2021-08-24 06:00:00', 1, 0.0071, 3.56),
		('2021-08-24 07:00:00', 1, 0.1798, 89.89),
		('2021-08-24 08:00:00', 1, 0.3524, 176.22),
		('2021-08-24 09:00:00', 1, 0.7334, 366.68),
		('2021-08-24 10:00:00', 1, 1.1339, 566.93),
		('2021-08-24 11:00:00', 1, 1.3332, 666.61),
		('2021-08-24 12:00:00', 1, 1.4062, 703.1),
		('2021-08-24 13:00:00', 1, 1.4667, 733.36),
		('2021-08-24 14:00:00', 1, 1.2442, 622.11),
		('2021-08-24 15:00:00', 1, 1.0502, 525.1),
		('2021-08-24 16:00:00', 1, 1.1018, 550.91),
		('2021-08-24 17:00:00', 1, 0.8348, 417.41),
		('2021-08-24 18:00:00', 1, 0.5393, 269.67),
		('2021-08-24 19:00:00', 1, 0.2314, 115.7),
		('2021-08-24 20:00:00', 1, 0.0125, 6.23),
		('2021-08-24 21:00:00', 1, 0, 0),
		('2021-08-24 22:00:00', 1, 0, 0),
		('2021-08-24 23:00:00', 1, 0, 0),
		('2021-08-25 00:00:00', 1, 0, 0),
		('2021-08-25 01:00:00', 1, 0, 0),
		('2021-08-25 02:00:00', 1, 0, 0),
		('2021-08-25 03:00:00', 1, 0, 0),
		('2021-08-25 04:00:00', 1, 0, 0),
		('2021-08-25 05:00:00', 1, 0, 0),
		('2021-08-25 06:00:00', 1, 0.0036, 1.78),
		('2021-08-25 07:00:00', 1, 0.1424, 71.2),
		('2021-08-25 08:00:00', 1, 0.3916, 195.8),
		('2021-08-25 09:00:00', 1, 0.696, 347.99),
		('2021-08-25 10:00:00', 1, 1.1143, 557.14),
		('2021-08-25 11:00:00', 1, 1.3475, 673.73),
		('2021-08-25 12:00:00', 1, 1.4863, 743.15),
		('2021-08-25 13:00:00', 1, 1.4667, 733.36),
		('2021-08-25 14:00:00', 1, 1.4187, 709.33),
		('2021-08-25 15:00:00', 1, 1.3012, 650.59),
		('2021-08-25 16:00:00', 1, 1.1018, 550.91),
		('2021-08-25 17:00:00', 1, 0.8384, 419.19),
		('2021-08-25 18:00:00', 1, 0.5358, 267.89),
		('2021-08-25 19:00:00', 1, 0.2243, 112.14),
		('2021-08-25 20:00:00', 1, 0.0107, 5.34),
		('2021-08-25 21:00:00', 1, 0, 0),
		('2021-08-25 22:00:00', 1, 0, 0),
		('2021-08-25 23:00:00', 1, 0, 0),
		('2021-08-26 00:00:00', 1, 0, 0),
		('2021-08-26 01:00:00', 1, 0, 0),
		('2021-08-26 02:00:00', 1, 0, 0),
		('2021-08-26 03:00:00', 1, 0, 0),
		('2021-08-26 04:00:00', 1, 0, 0),
		('2021-08-26 05:00:00', 1, 0, 0),
		('2021-08-26 06:00:00', 1, 0.0053, 2.67),
		('2021-08-26 07:00:00', 1, 0.2065, 103.24),
		('2021-08-26 08:00:00', 1, 0.5358, 267.89),
		('2021-08-26 09:00:00', 1, 0.8544, 427.2),
		('2021-08-26 10:00:00', 1, 1.1321, 566.04),
		('2021-08-26 11:00:00', 1, 1.3386, 669.28),
		('2021-08-26 12:00:00', 1, 1.4685, 734.25),
		('2021-08-26 13:00:00', 1, 1.1392, 569.6),
		('2021-08-26 14:00:00', 1, 0.4183, 209.15),
		('2021-08-26 15:00:00', 1, 0.3489, 174.44),
		('2021-08-26 16:00:00', 1, 0.1655, 82.77),
		('2021-08-26 17:00:00', 1, 0.1655, 82.77),
		('2021-08-26 18:00:00', 1, 0.4058, 202.92),
		('2021-08-26 19:00:00', 1, 0.2225, 111.25),
		('2021-08-26 20:00:00', 1, 0.0071, 3.56),
		('2021-08-26 21:00:00', 1, 0, 0),
		('2021-08-26 22:00:00', 1, 0, 0),
		('2021-08-26 23:00:00', 1, 0, 0),
		('2021-08-27 00:00:00', 1, 0, 0),
		('2021-08-27 01:00:00', 1, 0, 0),
		('2021-08-27 02:00:00', 1, 0, 0),
		('2021-08-27 03:00:00', 1, 0, 0),
		('2021-08-27 04:00:00', 1, 0, 0),
		('2021-08-27 05:00:00', 1, 0, 0),
		('2021-08-27 06:00:00', 1, 0.0036, 1.78),
		('2021-08-27 07:00:00', 1, 0.2029, 101.46),
		('2021-08-27 08:00:00', 1, 0.5322, 266.11),
		('2021-08-27 09:00:00', 1, 0.8526, 426.31),
		('2021-08-27 10:00:00', 1, 1.1054, 552.69),
		('2021-08-27 11:00:00', 1, 0.7868, 393.38),
		('2021-08-27 12:00:00', 1, 1.1962, 598.08),
		('2021-08-27 13:00:00', 1, 0.9416, 470.81),
		('2021-08-27 14:00:00', 1, 1.4614, 730.69),
		('2021-08-27 15:00:00', 1, 1.3528, 676.4),
		('2021-08-27 16:00:00', 1, 1.141, 570.49),
		('2021-08-27 17:00:00', 1, 0.8686, 434.32),
		('2021-08-27 18:00:00', 1, 0.5536, 276.79),
		('2021-08-27 19:00:00', 1, 0.2172, 108.58),
		('2021-08-27 20:00:00', 1, 0.0071, 3.56),
		('2021-08-27 21:00:00', 1, 0, 0),
		('2021-08-27 22:00:00', 1, 0, 0),
		('2021-08-27 23:00:00', 1, 0, 0),
		('2021-08-28 00:00:00', 1, 0, 0),
		('2021-08-28 01:00:00', 1, 0, 0),
		('2021-08-28 02:00:00', 1, 0, 0),
		('2021-08-28 03:00:00', 1, 0, 0),
		('2021-08-28 04:00:00', 1, 0, 0),
		('2021-08-28 05:00:00', 1, 0, 0),
		('2021-08-28 06:00:00', 1, 0.0018, 0.89),
		('2021-08-28 07:00:00', 1, 0.1317, 65.86),
		('2021-08-28 08:00:00', 1, 0.4058, 202.92),
		('2021-08-28 09:00:00', 1, 0.6906, 345.32),
		('2021-08-28 10:00:00', 1, 0.9808, 490.39),
		('2021-08-28 11:00:00', 1, 0.7974, 398.72),
		('2021-08-28 12:00:00', 1, 0.7707, 385.37),
		('2021-08-28 13:00:00', 1, 1.0662, 533.11),
		('2021-08-28 14:00:00', 1, 0.7476, 373.8),
		('2021-08-28 15:00:00', 1, 1.2335, 616.77),
		('2021-08-28 16:00:00', 1, 1.0698, 534.89),
		('2021-08-28 17:00:00', 1, 0.858, 428.98),
		('2021-08-28 18:00:00', 1, 0.5393, 269.67),
		('2021-08-28 19:00:00', 1, 0.2154, 107.69),
		('2021-08-28 20:00:00', 1, 0.0053, 2.67),
		('2021-08-28 21:00:00', 1, 0, 0),
		('2021-08-28 22:00:00', 1, 0, 0),
		('2021-08-28 23:00:00', 1, 0, 0),
		('2021-08-29 00:00:00', 1, 0, 0),
		('2021-08-29 01:00:00', 1, 0, 0),
		('2021-08-29 02:00:00', 1, 0, 0),
		('2021-08-29 03:00:00', 1, 0, 0),
		('2021-08-29 04:00:00', 1, 0, 0),
		('2021-08-29 05:00:00', 1, 0, 0),
		('2021-08-29 06:00:00', 1, 0.0018, 0.89),
		('2021-08-29 07:00:00', 1, 0.1833, 91.67),
		('2021-08-29 08:00:00', 1, 0.3667, 183.34),
		('2021-08-29 09:00:00', 1, 0.6426, 321.29),
		('2021-08-29 10:00:00', 1, 0.9932, 496.62),
		('2021-08-29 11:00:00', 1, 0.6657, 332.86),
		('2021-08-29 12:00:00', 1, 1.0377, 518.87),
		('2021-08-29 13:00:00', 1, 1.4436, 721.79),
		('2021-08-29 14:00:00', 1, 1.0057, 502.85),
		('2021-08-29 15:00:00', 1, 0.4468, 223.39),
		('2021-08-29 16:00:00', 1, 0.3685, 184.23),
		('2021-08-29 17:00:00', 1, 0.3542, 177.11),
		('2021-08-29 18:00:00', 1, 0.5055, 252.76),
		('2021-08-29 19:00:00', 1, 0.1246, 62.3),
		('2021-08-29 20:00:00', 1, 0.0036, 1.78),
		('2021-08-29 21:00:00', 1, 0, 0),
		('2021-08-29 22:00:00', 1, 0, 0),
		('2021-08-29 23:00:00', 1, 0, 0),
		('2021-08-30 00:00:00', 1, 0, 0),
		('2021-08-30 01:00:00', 1, 0, 0),
		('2021-08-30 02:00:00', 1, 0, 0),
		('2021-08-30 03:00:00', 1, 0, 0),
		('2021-08-30 04:00:00', 1, 0, 0),
		('2021-08-30 05:00:00', 1, 0, 0),
		('2021-08-30 06:00:00', 1, 0, 0),
		('2021-08-30 07:00:00', 1, 0.1032, 51.62),
		('2021-08-30 08:00:00', 1, 0.3329, 166.43),
		('2021-08-30 09:00:00', 1, 0.6355, 317.73),
		('2021-08-30 10:00:00', 1, 0.858, 428.98),
		('2021-08-30 11:00:00', 1, 1.0466, 523.32),
		('2021-08-30 12:00:00', 1, 1.2549, 627.45),
		('2021-08-30 13:00:00', 1, 1.3528, 676.4),
		('2021-08-30 14:00:00', 1, 0.9879, 493.95),
		('2021-08-30 15:00:00', 1, 0.8864, 443.22),
		('2021-08-30 16:00:00', 1, 0.7209, 360.45),
		('2021-08-30 17:00:00', 1, 0.6319, 315.95),
		('2021-08-30 18:00:00', 1, 0.5109, 255.43),
		('2021-08-30 19:00:00', 1, 0.1424, 71.2),
		('2021-08-30 20:00:00', 1, 0.0036, 1.78),
		('2021-08-30 21:00:00', 1, 0, 0),
		('2021-08-30 22:00:00', 1, 0, 0),
		('2021-08-30 23:00:00', 1, 0, 0),
		('2021-08-31 00:00:00', 1, 0, 0),
		('2021-08-31 01:00:00', 1, 0, 0),
		('2021-08-31 02:00:00', 1, 0, 0),
		('2021-08-31 03:00:00', 1, 0, 0),
		('2021-08-31 04:00:00', 1, 0, 0),
		('2021-08-31 05:00:00', 1, 0, 0),
		('2021-08-31 06:00:00', 1, 0, 0),
		('2021-08-31 07:00:00', 1, 0.121, 60.52),
		('2021-08-31 08:00:00', 1, 0.4005, 200.25),
		('2021-08-31 09:00:00', 1, 0.4521, 226.06),
		('2021-08-31 10:00:00', 1, 0.7138, 356.89),
		('2021-08-31 11:00:00', 1, 0.9986, 499.29),
		('2021-08-31 12:00:00', 1, 0.68, 339.98),
		('2021-08-31 13:00:00', 1, 0.9149, 457.46),
		('2021-08-31 14:00:00', 1, 1.0716, 535.78),
		('2021-08-31 15:00:00', 1, 0.9719, 485.94),
		('2021-08-31 16:00:00', 1, 0.7921, 396.05),
		('2021-08-31 17:00:00', 1, 0.4112, 205.59),
		('2021-08-31 18:00:00', 1, 0.4717, 235.85), 
		('2021-08-31 19:00:00', 1, 0.178, 89),
		('2021-08-31 20:00:00', 1, 0.0018, 0.89),
		('2021-08-31 21:00:00', 1, 0, 0),
		('2021-08-31 22:00:00', 1, 0, 0),
		('2021-08-31 23:00:00', 1, 0, 0);
	

insert into Stoccaggio(Timestamp,Pannello,Batteria)
values 	('2021-08-05 0', 1, 1),
		('2021-08-05 6', 1, 1),
        ('2021-08-05 9', 1, 1),
        ('2021-08-05 12', 1, 1),
        ('2021-08-05 15', 1, 1),
        ('2021-08-05 18', 1, 1),
        ('2021-08-05 21', 1, 1),
        ('2021-08-06 0', 1, 1);
       