{
    "Esami": {
        "Esame": [
            {
                "MATRICOLA": 111111,
                "DES_CAT": "Ordinario ",
                "NOME": "TEST1 TEST1",
                "COD_FIS": "11111111111111111",
                "INIZIO_CARRIERA": "29/08/2016",
                "ANNO_IMM": 2016,
                "DATA_CHIUSURA": "22/07/2022",
                "AA_CHIUSURA": 2021,
                "STA_STU_COD": "X",
                "MOT_STASTU_COD": "TIT",
                "CORSO": "TEST",
                "COD": "073II",
                "DES": "TEST6",
                "DATA_ESAME": "01/07/2019",
                "VOTO": "30  e lode",
                "RIC_ID": 0,
                "TIPO_RIC": {
                    "@nil": "true"
                },
                "DES_RIC": {
                    "@nil": "true"
                },
                "GIUDIZIO": {
                    "@nil": "true"
                },
                "PESO": 1,
                "PIANO": "Y",
                "ABBR_FLG": 0,
                "SOVRAN_FLG": 0,
                "ANNO_CORSO": 2,
                "adsce_id": 10344268
            },
            {
                "MATRICOLA": 111111,
                "DES_CAT": "Ordinario ",
                "NOME": "TEST1 TEST1",
                "COD_FIS": "11111111111111111",
                "INIZIO_CARRIERA": "29/08/2016",
                "ANNO_IMM": 2016,
                "DATA_CHIUSURA": "22/07/2022",
                "AA_CHIUSURA": 2021,
                "STA_STU_COD": "X",
                "MOT_STASTU_COD": "TIT",
                "CORSO": "TEST",
                "COD": "074II",
                "DES": "TEST5",
                "DATA_ESAME": "02/02/2021",
                "VOTO": "18 ",
                "RIC_ID": 0,
                "TIPO_RIC": {
                    "@nil": "true"
                },
                "DES_RIC": {
                    "@nil": "true"
                },
                "GIUDIZIO": {
                    "@nil": "true"
                },
                "PESO": 1,
                "PIANO": "Y",
                "ABBR_FLG": 0,
                "SOVRAN_FLG": 0,
                "ANNO_CORSO": 2,
                "adsce_id": 10344264
            },
            {
                "MATRICOLA": 111111,
                "DES_CAT": "Ordinario ",
                "NOME": "TEST1 TEST1",
                "COD_FIS": "11111111111111111",
                "INIZIO_CARRIERA": "29/08/2016",
                "ANNO_IMM": 2016,
                "DATA_CHIUSURA": "22/07/2022",
                "AA_CHIUSURA": 2021,
                "STA_STU_COD": "X",
                "MOT_STASTU_COD": "TIT",
                "CORSO": "TEST",
                "COD": "004AA",
                "DES": "TEST3",
                "DATA_ESAME": "06/12/2017",
                "VOTO": "20 ",
                "RIC_ID": 0,
                "TIPO_RIC": {
                    "@nil": "true"
                },
                "DES_RIC": {
                    "@nil": "true"
                },
                "GIUDIZIO": {
                    "@nil": "true"
                },
                "PESO": 1,
                "PIANO": "Y",
                "ABBR_FLG": 0,
                "SOVRAN_FLG": 0,
                "ANNO_CORSO": 1,
                "adsce_id": 9643503
            }
        ]
    }
}