{
    "Esami": {
        "Esame": [
            {
                "MATRICOLA": 999999,
                "DES_CAT": "Ordinario ",
                "NOME": "TESTINFO TESTINFO",
                "COD_FIS": "99999999999999999",
                "INIZIO_CARRIERA": "01/01/2020",
                "ANNO_IMM": 2020,
                "DATA_CHIUSURA": "22/07/2022",
                "AA_CHIUSURA": 2021,
                "STA_STU_COD": "X",
                "MOT_STASTU_COD": "TIT",
                "CORSO": "INGEGNERIA INFORMATICA (IFO-L)",
                "COD": "073II",
                "DES": "TEST INFO",
                "DATA_ESAME": "01/07/2019",
                "VOTO": "30 ",
                "RIC_ID": 0,
                "TIPO_RIC": {
                    "@nil": "true"
                },
                "DES_RIC": {
                    "@nil": "true"
                },
                "GIUDIZIO": {
                    "@nil": "true"
                },
                "PESO": 50,
                "PIANO": "Y",
                "ABBR_FLG": 0,
                "SOVRAN_FLG": 0,
                "ANNO_CORSO": 2,
                "adsce_id": 10344268
            },
            {
                "MATRICOLA": 999999,
                "DES_CAT": "Ordinario ",
                "NOME": "TESTINFO TESTINFO",
                "COD_FIS": "99999999999999999",
                "INIZIO_CARRIERA": "01/01/2020",
                "ANNO_IMM": 2020,
                "DATA_CHIUSURA": "22/07/2022",
                "AA_CHIUSURA": 2021,
                "STA_STU_COD": "X",
                "MOT_STASTU_COD": "TIT",
                "CORSO": "INGEGNERIA INFORMATICA (IFO-L)",
                "COD": "074II",
                "DES": "TEST",
                "DATA_ESAME": "02/02/2021",
                "VOTO": "20 ",
                "RIC_ID": 0,
                "TIPO_RIC": {
                    "@nil": "true"
                },
                "DES_RIC": {
                    "@nil": "true"
                },
                "GIUDIZIO": {
                    "@nil": "true"
                },
                "PESO": 50,
                "PIANO": "Y",
                "ABBR_FLG": 0,
                "SOVRAN_FLG": 0,
                "ANNO_CORSO": 2,
                "adsce_id": 10344264
            },
            {
                "MATRICOLA": 999999,
                "DES_CAT": "Ordinario ",
                "NOME": "TESTINFO TESTINFO",
                "COD_FIS": "99999999999999999",
                "INIZIO_CARRIERA": "01/01/2020",
                "ANNO_IMM": 2020,
                "DATA_CHIUSURA": "22/07/2022",
                "AA_CHIUSURA": 2021,
                "STA_STU_COD": "X",
                "MOT_STASTU_COD": "TIT",
                "CORSO": "INGEGNERIA INFORMATICA (IFO-L)",
                "COD": "004AA",
                "DES": "TEST",
                "DATA_ESAME": "06/12/2017",
                "VOTO": "18 ",
                "RIC_ID": 0,
                "TIPO_RIC": {
                    "@nil": "true"
                },
                "DES_RIC": {
                    "@nil": "true"
                },
                "GIUDIZIO": {
                    "@nil": "true"
                },
                "PESO": 77,
                "PIANO": "Y",
                "ABBR_FLG": 0,
                "SOVRAN_FLG": 0,
                "ANNO_CORSO": 1,
                "adsce_id": 9643503
            }
        ]
    }
}