
SET NAMES latin1;
SET FOREIGN_KEY_CHECKS = 0;

BEGIN;
CREATE DATABASE IF NOT EXISTS `Clinica`;
COMMIT;

USE `Clinica`;

-- ----------------------------
--  Table structure for `Esordio`
-- ----------------------------
DROP TABLE IF EXISTS `Esordio`;
CREATE TABLE `Esordio` (
  `Paziente` char(50) NOT NULL,
  `Patologia` char(50) NOT NULL,
  `DataEsordio` date NOT NULL,
  `DataGuarigione` date DEFAULT NULL,
  `Gravita` int(11) NOT NULL,
  `Cronica` char(50) NOT NULL,
  `EsordiPrecedenti` int(11) DEFAULT NULL,
  PRIMARY KEY (`Paziente`,`Patologia`,`DataEsordio`)
) ENGINE=InnoDB DEFAULT CHARSET=latin1;
delimiter ;;
CREATE TRIGGER `AggiornaEsordiPrecedenti` BEFORE UPDATE ON `Esordio` FOR EACH ROW BEGIN
	IF NEW.DataGuarigione IS NOT NULL THEN
		CALL AggiornaRidondanza(NEW.Patologia, NEW.Paziente, NEW.DataEsordio);
    END IF;
END;
 ;;
delimiter ; 

-- ----------------------------
--  Records of `Esordio`
-- ----------------------------
BEGIN;
INSERT INTO `Esordio` VALUES ('aaa1', 'Agitazione', '1996-01-29', null, '8', 'si', null), ('aaa1', 'Dolore', '1993-09-03', '1993-09-28', '2', 'no', null), ('aaa1', 'Febbre', '2006-10-06', '2006-11-14', '4', 'no', null), ('aaa1', 'Fibromialgia', '1995-12-30', '1996-01-21', '3', 'no', null), ('aaa1', 'Gastrite', '1993-03-02', null, '2', 'si', null), ('aaa1', 'Vomito', '2000-03-27', '2000-05-12', '9', 'no', null), ('bbc4', 'Dolore', '1996-06-25', '1996-06-27', '7', 'no', null), ('bbc4', 'Dolore', '2013-01-14', null, '3', 'no', null), ('bbc4', 'Febbre', '2011-05-30', '2011-06-05', '5', 'no', null), ('bbc4', 'Febbre', '2013-01-30', null, '9', 'no', null), ('bbc4', 'Fibromialgia', '1995-04-05', '1995-04-27', '6', 'no', null), ('bbc4', 'Gastrite', '1994-02-27', null, '8', 'si', null), ('bbc4', 'Gastrite', '2013-01-15', '2013-01-16', '9', 'no', null), ('bbc4', 'Influenza', '2013-02-17', '2013-02-28', '7', 'no', null), ('bbc4', 'Influenza', '2015-01-21', null, '4', 'no', null), ('bbc4', 'Insonnia', '1995-07-15', '1995-08-20', '3', 'no', null), ('bbc4', 'Rinite', '2001-02-26', null, '3', 'si', null), ('bbc4', 'Rinite', '2013-01-18', '2013-01-20', '3', 'no', null), ('bbc4', 'Scompenso cardiaco', '2003-05-15', '2003-08-18', '7', 'no', null), ('bbc4', 'Vomito', '1997-07-02', '1997-05-07', '1', 'no', null), ('bbc4', 'Vomito', '1998-08-15', null, '5', 'si', null), ('bbc4', 'Vomito', '2013-01-14', '2013-01-15', '5', 'no', null), ('bbe1', 'Agitazione', '1994-06-06', '1994-06-27', '6', 'no', null), ('bbe1', 'Agitazione', '1995-11-03', '1995-12-27', '10', 'no', null), ('bbe1', 'Dolore', '2007-03-06', null, '2', 'si', null), ('bbe1', 'Emicrania', '1996-11-03', '1996-11-22', '1', 'no', null), ('bbe1', 'Emicrania', '2001-01-21', null, '10', 'si', null), ('bbe1', 'Febbre', '2003-06-11', '2003-06-20', '3', 'no', null), ('bbe1', 'Febbre', '2006-08-22', '2006-09-01', '2', 'no', null), ('bbe1', 'Gastrite', '2011-02-05', null, '4', 'no', null), ('bbe1', 'Ipertensione', '2000-01-25', '2000-03-11', '5', 'no', null), ('bbe1', 'Ipertensione', '2004-11-25', '2004-12-20', '5', 'no', null), ('bbe1', 'Rinite', '1993-12-09', '1993-12-26', '4', 'no', null), ('bbe1', 'Rinite', '1994-04-06', null, '3', 'si', null), ('bbe1', 'Scompenso cardiaco', '2004-01-21', '2004-01-23', '7', 'no', null), ('bbe1', 'Scompenso cardiaco', '2008-12-24', '2008-12-31', '5', 'no', null), ('bbe1', 'Vomito', '1995-08-18', '1995-09-07', '2', 'no', null), ('bbe1', 'Vomito', '1998-08-11', null, '2', 'si', null), ('ccc2', 'Agitazione', '1996-06-09', '1996-06-18', '1', 'no', null), ('ccc2', 'Agitazione', '2002-01-24', '2002-02-02', '7', 'no', null), ('ccc2', 'Febbre', '1994-01-04', '1994-01-25', '6', 'no', null), ('ccc2', 'Febbre', '2006-01-17', '2006-02-01', '2', 'no', null), ('ccc2', 'Fibromialgia', '2001-07-31', '2001-09-09', '4', 'no', null), ('ccc2', 'Fibromialgia', '2011-09-03', '2011-10-23', '3', 'no', null), ('ccc2', 'Gastrite', '2001-08-05', '2001-08-07', '4', 'no', null), ('ccc2', 'Gastrite', '2004-04-30', '2004-06-24', '9', 'no', null), ('ccc2', 'Gastrite', '2006-11-13', '2006-12-01', '6', 'no', null), ('ccc2', 'Insonnia', '1999-10-10', '1999-10-14', '2', 'no', null), ('ccc2', 'Insonnia', '2010-06-08', '2010-06-30', '5', 'no', null), ('ccc2', 'Ipertensione', '2000-10-25', null, '7', 'si', null), ('ccc2', 'Scompenso cardiaco', '1999-01-04', '1999-01-31', '6', 'no', null), ('ccc2', 'Vomito', '2002-10-21', '2002-11-21', '9', 'no', null), ('ccc2', 'Vomito', '2003-04-10', null, '10', 'si', null), ('ddd6', 'Agitazione', '1996-03-27', '1996-04-29', '6', 'no', null), ('ddd6', 'Agitazione', '2004-08-18', '2004-09-09', '1', 'no', null), ('ddd6', 'Agitazione', '2011-10-10', '2011-10-20', '8', 'no', null), ('ddd6', 'Dolore', '1998-04-03', null, '8', 'si', null), ('ddd6', 'Emicrania', '2001-12-19', '2002-02-14', '9', 'no', null), ('ddd6', 'Emicrania', '2010-12-18', null, '5', 'no', null), ('ddd6', 'Febbre', '2000-09-11', '2000-09-13', '2', 'no', null), ('ddd6', 'Febbre', '2005-08-11', null, '5', 'si', null), ('ddd6', 'Fibromialgia', '1995-05-26', null, '6', 'si', null), ('ddd6', 'Gastrite', '2002-07-26', '2002-08-05', '3', 'no', null), ('ddd6', 'Gastrite', '2008-08-21', '2008-08-22', '3', 'no', null), ('ddd6', 'Insonnia', '2011-10-08', null, '7', 'no', null), ('ddd6', 'Ipertensione', '2004-08-16', '2004-08-18', '9', 'no', null), ('ddd6', 'Ipertensione', '2008-01-25', '2008-01-28', '9', 'no', null), ('ddd6', 'Rinite', '1995-03-20', '1995-04-17', '4', 'no', null), ('ddd6', 'Rinite', '2008-04-06', null, '7', 'no', null), ('ddd6', 'Scompenso cardiaco', '1994-10-21', '1994-11-22', '7', 'no', null), ('ddd6', 'Scompenso cardiaco', '2012-06-11', '2012-06-17', '4', 'no', null), ('eey9', 'Agitazione', '2002-10-24', '2002-11-24', '9', 'no', null), ('eey9', 'Agitazione', '2011-11-27', '2012-01-20', '7', 'no', null), ('eey9', 'Diabete', '2001-05-20', null, '5', 'si', null), ('eey9', 'Dolore', '2008-07-16', '2008-09-12', '4', 'no', null), ('eey9', 'Dolore', '2009-03-13', '2009-04-07', '5', 'no', null), ('eey9', 'Emicrania', '1996-03-17', '1996-03-20', '1', 'no', null), ('eey9', 'Emicrania', '1997-12-01', '1997-12-21', '3', 'no', null), ('eey9', 'Febbre', '1998-06-30', '1998-07-09', '4', 'no', null), ('eey9', 'Febbre', '2003-11-02', '2003-12-16', '9', 'no', null), ('eey9', 'Gastrite', '1994-01-08', '1994-02-13', '6', 'no', null), ('eey9', 'Gastrite', '2005-05-22', null, '3', 'si', null), ('eey9', 'Insonnia', '1993-11-20', '1993-11-24', '1', 'no', null), ('eey9', 'Insonnia', '2008-03-23', null, '3', 'no', null), ('eey9', 'Scompenso cardiaco', '1998-03-17', null, '3', 'si', null), ('eey9', 'Vomito', '1996-04-21', '1996-05-31', '5', 'no', null), ('eey9', 'Vomito', '1998-08-15', null, '8', 'si', null), ('eey9', 'Vomito', '2008-07-16', '2008-07-17', '3', 'no', null), ('erv4', 'Agitazione', '2007-06-22', '2007-08-16', '3', 'no', null), ('erv4', 'Agitazione', '2008-06-07', '2008-07-30', '4', 'no', null), ('erv4', 'Dolore', '2010-11-04', '2010-11-20', '5', 'no', null), ('erv4', 'Emicrania', '1996-01-19', '1996-02-13', '1', 'no', null), ('erv4', 'Emicrania', '2002-05-07', null, '2', 'si', null), ('erv4', 'Febbre', '2006-10-10', null, '9', 'si', null), ('erv4', 'Fibromialgia', '2001-01-05', '2001-01-24', '6', 'no', null), ('erv4', 'Fibromialgia', '2004-12-20', '2005-02-14', '6', 'no', null), ('erv4', 'Gastrite', '2008-06-01', '2008-11-30', '3', 'no', null), ('erv4', 'Insonnia', '1996-05-10', '1996-06-20', '10', 'no', null), ('erv4', 'Insonnia', '2002-05-25', '2002-07-02', '4', 'no', null), ('erv4', 'Ipertensione', '1995-09-27', '1995-11-07', '3', 'no', null), ('erv4', 'Ipertensione', '2000-05-21', null, '8', 'si', null), ('erv4', 'Rinite', '2002-01-28', '2002-02-24', '9', 'no', null), ('erv4', 'Rinite', '2013-01-18', '2013-01-20', '8', 'no', null), ('erv4', 'Scompenso cardiaco', '2011-08-31', null, '9', 'no', null), ('erv4', 'Vomito', '1993-08-23', '1993-09-20', '3', 'no', null), ('erv4', 'Vomito', '2005-03-16', '2005-04-08', '1', 'no', null), ('ffq8', 'Dolore', '2001-11-30', null, '1', 'si', null), ('ffq8', 'Emicrania', '2006-08-10', '2006-08-23', '4', 'no', null), ('ffq8', 'Febbre', '2007-03-26', '2007-04-04', '2', 'no', null), ('ffq8', 'Fibromialgia', '2004-11-16', null, '2', 'si', null), ('ffq8', 'Insonnia', '1999-01-23', null, '5', 'si', null), ('fqa8', 'Agitazione', '1994-03-08', '1994-03-24', '9', 'no', null), ('fqa8', 'Agitazione', '2006-05-26', '2006-06-13', '3', 'no', null), ('fqa8', 'Dolore', '2003-02-02', '2003-03-15', '10', 'no', null), ('fqa8', 'Dolore', '2011-05-06', '2011-07-04', '10', 'no', null), ('fqa8', 'Emicrania', '2000-05-28', null, '3', 'si', null), ('fqa8', 'Fibromialgia', '1998-10-28', null, '5', 'si', null), ('fqa8', 'Gastrite', '2009-08-14', null, '6', 'no', null), ('fqa8', 'Insonnia', '2002-10-21', '2002-11-06', '9', 'no', null), ('fqa8', 'Insonnia', '2006-05-27', '2006-05-30', '9', 'no', null), ('fqa8', 'Insonnia', '2010-05-05', '2010-10-10', '2', 'no', null), ('fqa8', 'Insonnia', '2010-06-17', '2010-07-30', '5', 'no', null), ('fqa8', 'Rinite', '1997-02-25', null, '7', 'si', null), ('fqa8', 'Scompenso cardiaco', '1999-08-11', null, '4', 'si', null), ('fqa8', 'Vomito', '2011-02-02', '2011-02-10', '2', 'no', null), ('fqa8', 'Vomito', '2012-01-16', '2012-01-20', '5', 'no', null), ('gox9', 'Agitazione', '2005-09-20', '2005-10-23', '2', 'no', null), ('gox9', 'Agitazione', '2010-05-19', '2010-07-10', '4', 'no', null), ('gox9', 'Dolore', '1994-04-07', '1994-04-24', '4', 'no', null), ('gox9', 'Dolore', '2001-07-22', null, '3', 'si', null), ('gox9', 'Emicrania', '1999-12-22', '2000-01-27', '9', 'no', null), ('gox9', 'Emicrania', '2002-03-20', null, '10', 'si', null), ('gox9', 'Febbre', '2008-04-15', '2008-05-09', '6', 'no', null), ('gox9', 'Febbre', '2011-09-23', null, '4', 'no', null), ('gox9', 'Gastrite', '2001-11-19', '2001-12-05', '4', 'no', null), ('gox9', 'Gastrite', '2012-05-15', '2012-06-30', '2', 'no', null), ('gox9', 'Insonnia', '1999-08-22', '1999-10-17', '9', 'no', null), ('gox9', 'Insonnia', '2007-03-23', '2007-05-05', '3', 'no', null), ('gox9', 'Insonnia', '2010-05-20', '2010-05-25', '7', 'no', null), ('gox9', 'Ipertensione', '2003-03-03', null, '2', 'si', null), ('gox9', 'Rinite', '1994-01-06', '1994-02-27', '3', 'no', null), ('gox9', 'Rinite', '1994-06-17', '1994-07-05', '6', 'no', null), ('gox9', 'Scompenso cardiaco', '2006-10-20', '2006-11-21', '3', 'no', null), ('gox9', 'Scompenso cardiaco', '2009-11-10', '2009-11-18', '4', 'no', null), ('gox9', 'Vomito', '2006-10-24', '2006-11-25', '8', 'no', null), ('gox9', 'Vomito', '2010-01-05', null, '7', 'no', null), ('gwp5', 'Agitazione', '1993-10-29', null, '2', 'si', null), ('gwp5', 'Dolore', '1998-08-09', '1998-08-15', '9', 'no', null), ('gwp5', 'Dolore', '2011-04-05', '2011-04-22', '8', 'no', null), ('gwp5', 'Emicrania', '2003-09-11', '2003-09-15', '7', 'no', null), ('gwp5', 'Emicrania', '2004-01-14', '2004-01-19', '4', 'no', null), ('gwp5', 'Febbre', '1994-11-30', '1995-01-03', '1', 'no', null), ('gwp5', 'Febbre', '2009-04-20', '2009-05-12', '8', 'no', null), ('gwp5', 'Fibromialgia', '1999-09-22', null, '7', 'si', null), ('gwp5', 'Insonnia', '2001-05-23', null, '4', 'si', null), ('gwp5', 'Ipertensione', '2007-03-21', null, '9', 'si', null), ('gwp5', 'Rinite', '2010-03-05', '2010-07-01', '8', 'no', null), ('gwp5', 'Scompenso cardiaco', '2003-09-24', null, '3', 'si', null), ('gwp5', 'Vomito', '2009-01-25', '2009-03-17', '10', 'no', null), ('gwp5', 'Vomito', '2012-10-07', '2012-12-03', '8', 'no', null), ('hho1', 'Agitazione', '1998-04-28', '1998-06-25', '10', 'no', null), ('hho1', 'Agitazione', '2001-01-22', '2001-03-20', '1', 'no', null), ('hho1', 'Dolore', '1995-10-02', '1995-11-01', '5', 'no', null), ('hho1', 'Dolore', '1996-08-31', '1996-09-20', '6', 'no', null), ('hho1', 'Emicrania', '1994-04-13', '1994-05-02', '5', 'no', null), ('hho1', 'Emicrania', '2007-03-28', '2007-03-28', '3', 'no', null), ('hho1', 'Febbre', '2008-03-23', '2008-04-10', '4', 'no', null), ('hho1', 'Febbre', '2010-01-25', '2010-02-20', '7', 'no', null), ('hho1', 'Fibromialgia', '2006-04-23', null, '8', 'si', null), ('hho1', 'Gastrite', '2008-12-24', null, '3', 'no', null), ('hho1', 'Gastrite', '2011-08-02', '2011-08-20', '1', 'no', null), ('hho1', 'Otite', '2013-05-13', '2013-06-15', '5', 'no', null), ('hho1', 'Reflusso gastroesofageo', '2010-09-13', '2010-09-30', '1', 'no', null), ('hho1', 'Scompenso cardiaco', '1993-08-18', '1993-09-27', '10', 'no', null), ('hho1', 'Scompenso cardiaco', '2001-07-31', '2001-08-17', '5', 'no', null), ('hho1', 'Vomito', '1997-10-13', null, '8', 'si', null), ('kkw1', 'Agitazione', '2009-04-11', '2009-04-28', '3', 'no', null), ('kkw1', 'Agitazione', '2010-06-11', '2010-06-24', '10', 'no', null), ('kkw1', 'Dolore', '1998-09-02', '1998-09-26', '6', 'no', null), ('kkw1', 'Dolore', '2011-10-31', null, '9', 'no', null), ('kkw1', 'Febbre', '2001-05-18', '2001-06-10', '5', 'no', null), ('kkw1', 'Febbre', '2012-02-12', '2012-03-02', '3', 'no', null), ('kkw1', 'Influenza', '2013-03-18', '2013-03-22', '3', 'no', null), ('kkw1', 'Influenza', '2014-01-20', '2014-02-05', '5', 'no', null), ('kkw1', 'Ipertensione', '2002-12-22', null, '3', 'si', null), ('kkw1', 'Maculopatia retinica', '1999-01-15', null, '8', 'si', null), ('kkw1', 'Rinite', '1995-10-17', null, '2', 'si', null), ('kkw1', 'Scompenso cardiaco', '1998-08-12', null, '9', 'si', null), ('kkw1', 'Vomito', '1998-06-21', '1998-06-30', '9', 'no', null), ('kkw1', 'Vomito', '2010-09-12', '2010-09-20', '5', 'no', null), ('kqp6', 'Agitazione', '2010-12-05', null, '9', 'no', null), ('kqp6', 'Dolore', '2007-06-24', '2007-08-15', '3', 'no', null), ('kqp6', 'Dolore', '2012-02-25', '2012-03-20', '2', 'no', null), ('kqp6', 'Emicrania', '1993-06-25', null, '9', 'si', null), ('kqp6', 'Febbre', '1995-06-30', null, '8', 'si', null), ('kqp6', 'Fibromialgia', '1998-10-01', '1998-10-11', '10', 'no', null), ('kqp6', 'Fibromialgia', '2003-09-06', null, '6', 'si', null), ('kqp6', 'Gastrite', '1998-05-01', '1998-06-26', '5', 'no', null), ('kqp6', 'Gastrite', '2012-05-19', '2012-05-31', '5', 'no', null), ('kqp6', 'Ipertensione', '2011-01-15', '2011-02-27', '5', 'no', null), ('kqp6', 'Ipertensione', '2011-05-14', '2011-06-10', '10', 'no', null), ('kqp6', 'Rinite', '1999-11-27', null, '2', 'si', null), ('kqp6', 'Vomito', '1994-06-24', '1994-07-23', '3', 'no', null), ('kqp6', 'Vomito', '2002-04-16', '2002-04-26', '1', 'no', null), ('psq9', 'Agitazione', '1994-12-07', '1994-12-21', '7', 'no', null), ('psq9', 'Emicrania', '1999-08-05', '1999-10-01', '1', 'no', null), ('psq9', 'Emicrania', '2011-01-05', '2011-02-23', '10', 'no', null), ('psq9', 'Febbre', '1997-01-02', '1997-02-07', '5', 'no', null), ('psq9', 'Febbre', '2011-07-29', '2011-09-02', '3', 'no', null), ('psq9', 'Fibromialgia', '2005-01-03', '2005-03-03', '10', 'no', null), ('psq9', 'Fibromialgia', '2007-03-14', null, '7', 'si', null), ('psq9', 'Gastrite', '2004-01-09', '2004-01-16', '10', 'no', null), ('psq9', 'Gastrite', '2012-12-30', '2013-01-23', '9', 'no', null), ('psq9', 'Insonnia', '2001-11-28', '2002-01-01', '2', 'no', null), ('psq9', 'Insonnia', '2002-09-01', '2002-10-04', '9', 'no', null), ('psq9', 'Ipertensione', '1997-07-15', '1997-08-29', '8', 'no', null), ('psq9', 'Ipertensione', '2000-09-23', null, '3', 'si', null), ('psq9', 'Reflusso gastroesofageo', '2007-05-24', '2007-05-31', '2', 'no', null), ('psq9', 'Reflusso gastroesofageo', '2008-11-11', '2008-11-30', '3', 'no', null), ('psq9', 'Sciatica', '2013-01-20', '2013-02-10', '9', 'no', null), ('psq9', 'Vomito', '2007-01-05', '2007-01-11', '6', 'no', null), ('rye7', 'Otite', '2013-04-01', '2013-04-21', '4', 'no', null), ('slq6', 'Acufene', '2013-02-10', '2013-03-10', '8', 'no', null), ('slq6', 'Agitazione', '1999-07-27', null, '8', 'si', null), ('slq6', 'Contrattura', '2015-01-07', '2015-01-10', '3', 'no', null), ('slq6', 'Dermatite atopica', '2011-01-15', '2011-02-01', '2', 'no', null), ('slq6', 'Dermatite atopica', '2013-03-05', '2013-07-02', '2', 'no', null), ('slq6', 'Emicrania', '2012-09-02', null, '5', 'no', null), ('slq6', 'Febbre', '1998-09-27', '1998-10-08', '7', 'no', null), ('slq6', 'Febbre', '2011-05-21', null, '6', 'no', null), ('slq6', 'Fibromialgia', '2004-11-30', null, '9', 'si', null), ('slq6', 'Insonnia', '2004-12-09', null, '7', 'si', null), ('slq6', 'Ipertensione', '2003-06-21', '2003-08-10', '9', 'no', null), ('slq6', 'Ipertensione', '2010-11-20', null, '7', 'no', null), ('slq6', 'Reflusso gastroesofageo', '2005-06-22', '2005-07-03', '3', 'no', null), ('slq6', 'Rinite', '2000-02-14', '2000-03-09', '5', 'no', null), ('slq6', 'Rinite', '2000-12-08', '2000-12-23', '4', 'no', null), ('slq6', 'Scompenso cardiaco', '1996-10-01', null, '9', 'si', null), ('slq6', 'Strappo', '2014-10-15', '2014-10-18', '2', 'no', null), ('ttw2', 'Agitazione', '2002-02-21', '2002-04-15', '8', 'no', null), ('ttw2', 'Agitazione', '2012-09-10', null, '2', 'no', null), ('ttw2', 'Colite spastica', '2005-11-20', null, '5', 'si', null), ('ttw2', 'Dolore', '2001-01-13', null, '3', 'si', null), ('ttw2', 'Emicrania', '1995-10-19', '1995-11-11', '5', 'no', null), ('ttw2', 'Febbre', '1997-11-03', '1997-11-30', '7', 'no', null), ('ttw2', 'Fibromialgia', '2012-01-03', null, '7', 'no', null), ('ttw2', 'Gastrite', '1994-12-03', '1994-12-26', '7', 'no', null), ('ttw2', 'Gastrite', '1995-01-15', null, '8', 'si', null), ('ttw2', 'Insonnia', '2004-02-10', '2004-02-15', '5', 'no', null), ('ttw2', 'Ipertensione', '1998-12-14', '1999-02-05', '5', 'no', null), ('ttw2', 'Ipertensione', '2008-03-09', '2008-04-28', '5', 'no', null), ('ttw2', 'Ipertensione', '2009-04-06', '2009-06-01', '1', 'no', null), ('ttw2', 'Reflusso gastroesofageo', '2008-01-15', '2008-02-10', '2', 'no', null), ('ttw2', 'Reflusso gastroesofageo', '2009-10-20', '2009-11-10', '3', 'no', null), ('ttw2', 'Rinite', '1999-02-23', '1999-03-21', '4', 'no', null), ('ttw2', 'Rinite', '2000-11-17', null, '5', 'si', null), ('uiw1', 'Febbre', '1995-07-10', '1995-07-11', '3', 'no', null), ('uiw1', 'Febbre', '2012-04-14', '2012-06-06', '1', 'no', null), ('uiw1', 'Labirintite', '2012-05-20', '2012-11-30', '9', 'no', null), ('uiw1', 'Scompenso cardiaco', '1994-10-06', null, '5', 'si', null), ('uiw1', 'Vomito', '2004-11-25', '2004-11-27', '1', 'no', null), ('uiw1', 'Vomito', '2006-03-25', '2006-05-18', '8', 'no', null), ('wsq3', 'Colite spastica', '1995-05-20', '1995-05-30', '2', 'no', null), ('wsq3', 'Colite spastica', '1996-01-17', '1996-03-15', '4', 'no', null), ('wsq3', 'Dolore neuropatico', '1999-03-05', null, '5', 'si', null), ('wsq3', 'Stipsi', '2000-07-16', '2000-07-20', '7', 'no', null), ('wsq3', 'Stipsi', '2000-10-10', '2000-10-15', '2', 'no', null);
COMMIT;

-- ----------------------------
--  Table structure for `FARMACO`
-- ----------------------------
DROP TABLE IF EXISTS `FARMACO`;
CREATE TABLE `FARMACO` (
  `NomeCommerciale` char(50) NOT NULL,
  `PrincipioAttivo` char(50) NOT NULL,
  `Costo` double NOT NULL,
  `Pezzi` int(11) NOT NULL,
  PRIMARY KEY (`NomeCommerciale`)
) ENGINE=InnoDB DEFAULT CHARSET=latin1;

-- ----------------------------
--  Records of `FARMACO`
-- ----------------------------
BEGIN;
INSERT INTO `FARMACO` VALUES ('Actifed', 'Ibuprofene', '12', '20'), ('Almotrex', 'Almotriptano', '20', '25'), ('Ansiolin', 'Diazepam', '8', '30'), ('Antivert', 'Meclizina', '7', '15'), ('Aprovel', 'Irbesartan', '8', '20'), ('Aspirina', 'Acido Acetilsalicilico', '12', '30'), ('Atarax', 'Idrossizina', '7', '20'), ('Augmentin', 'Amoxicillina acido clavulanico', '15', '5'), ('Aulin', 'Nimesulide', '10', '22'), ('Avamys', 'Fluticasone fuorato', '20', '18'), ('Buscopan', 'Butilscopolamina', '13', '15'), ('Cafergot', 'Ergotamina', '11', '25'), ('Cardura', 'Doxazosina', '13', '30'), ('Catapresan', 'Clonidina', '18', '15'), ('Clenil A', 'Beclometasone dipropionato', '17', '25'), ('Condor', 'Bisoprololo', '9', '10'), ('Congescor', 'Bisoprololo fumarato', '3', '15'), ('Darkene', 'Flunitrazepam', '10', '30'), ('Dissenten', 'Loperamide cloridrato', '7', '30'), ('Dulcolax', 'Bisacodile', '8', '18'), ('Duspatal', 'Mebeverina cloridrato', '16', '20'), ('Efferalgan', 'Paracetamolo', '9', '40'), ('EN', 'Delorazepam', '8', '25'), ('Enapren', 'Enalapril', '16', '30'), ('Entact', 'Escitalopram', '25', '28'), ('Erion', 'Scopolamina', '14', '25'), ('Eutirox', 'Levotiroxicina', '8', '25'), ('Exocin', 'Ofloxacina', '9', '100'), ('Fenazil', 'Prometaziona', '16', '8'), ('Flexiban', 'Ciclobenzaprina', '12', '15'), ('Flixonase', 'Fluticasone propionato', '15', '14'), ('Fluibron', 'Ambroxolo', '20', '15'), ('Frontal', 'Alprazolam', '5', '20'), ('Gaviscon', 'Sodio alginato e bicarbonato', '15', '35'), ('Gentalyn Beta', 'Gentamicina betametasone', '12', '10'), ('Gipsy', 'Ranitidina', '10', '20'), ('Imigran', 'Sumatriptan', '40', '25'), ('Inderal', 'Propranololo cloridrato', '3', '30'), ('Ketodol', 'Ketoprofene', '13', '20'), ('Lansox', 'Lansoprazolo', '15', '25'), ('Lasix', 'Furosemide', '13', '15'), ('Lexotan', 'Bromazepam', '10', '15'), ('Lobivon', 'Nebivololo', '11', '35'), ('Lyrica', 'Pregabalin', '16', '20'), ('Maalox', 'Idrossido magnesio e alluminio', '18', '22'), ('Micardis', 'Telmisartan', '17', '15'), ('Moduretic', 'Idroclorotiazide amiloride', '13', '35'), ('Momendol', 'Naprossene sodico', '10', '32'), ('Moment', 'Ibuprofene', '14', '25'), ('Motilium', 'Domperidone', '14', '20'), ('Muscoril', 'Tiocolchicoside', '11', '15'), ('Nasonex', 'Mometasone fuorato', '21', '15'), ('NaturNotte', 'Melatonina', '20', '30'), ('Nenia', 'Zopiclone', '7', '20'), ('Nexium', 'Esomeprazolo', '25', '15'), ('Nimesulide Dorom', 'Nimesulide', '5', '25'), ('Noritren', 'Nortriptilina', '12', '30'), ('Oki', 'Ketoprofene', '15', '30'), ('Olpress', 'Olmesartan', '4', '25'), ('Oniria', 'Quazepam', '15', '35'), ('Orudis', 'Ketoprofene', '5', '15'), ('Pantorc', 'Pantoprazolo', '14', '10'), ('Peptazol', 'Pantoprazolo', '11', '25'), ('Peridon', 'Domperidone', '7', '20'), ('Plaquenil', 'Idrossiclorochina solfato', '9', '10'), ('Plasil', 'Metoclopramide', '10', '15'), ('Prontinal', 'Beclometasone dipropionato', '14', '25'), ('Protargolo', 'Argento proteinato', '5', '18'), ('Quait', 'Lorazepam', '10', '22'), ('Ranidil', 'Ranitidina', '20', '25'), ('Relpax', 'Eletriptan', '17', '18'), ('Riopan', 'Magaldrato', '20', '25'), ('Sandomigran', 'Pizotifene', '8', '15'), ('Sectral', 'Acebutololo', '10', '30'), ('Seglor', 'Diidroergotamina', '21', '25'), ('Seroxat', 'Paroxetina', '13', '15'), ('Sonata', 'Zaleplon', '19', '30'), ('Stemetil', 'Proclorperazina', '11', '30'), ('Sulidamor', 'Nimesulide', '7', '35'), ('Tachipirina', 'Paracetamolo', '11', '20'), ('Tavor', 'Lorazepam', '15', '15'), ('Tigan', 'Trimetobenzamide', '11', '10'), ('Toradol', 'Ketorolac trometamina', '16', '15'), ('Tranquirit', 'Diazepam', '4', '10'), ('Travelgum', 'Dimenidrinato', '12', '15'), ('Triatec', 'Ramipril', '9', '25'), ('Trilafon', 'Perfenazina', '13', '30'), ('Trittico', 'Trazodone cloridrato', '20', '32'), ('Valium', 'Diazepam', '5', '28'), ('Voltaren', 'Dicoflenac sodico', '13', '15'), ('Zantac', 'Ranitidina', '18', '25'), ('Zerinol', 'Paracetamolo', '14', '15');
COMMIT;

-- ----------------------------
--  Table structure for `INDICAZIONE`
-- ----------------------------
DROP TABLE IF EXISTS `INDICAZIONE`;
CREATE TABLE `INDICAZIONE` (
  `Farmaco` char(50) NOT NULL,
  `Patologia` char(50) NOT NULL,
  `DoseGiornaliera` int(11) NOT NULL,
  `NumGiorni` int(11) DEFAULT NULL,
  `AVita` int(11) DEFAULT NULL,
  PRIMARY KEY (`Farmaco`,`Patologia`)
) ENGINE=InnoDB DEFAULT CHARSET=latin1;

-- ----------------------------
--  Records of `INDICAZIONE`
-- ----------------------------
BEGIN;
INSERT INTO `INDICAZIONE` VALUES ('Actifed', 'Influenza', '2', '5', null), ('Almotrex', 'Emicrania', '2', null, '1'), ('Antivert', 'Vomito', '2', '5', null), ('Aprovel', 'Ipertensione', '1', null, '1'), ('Aspirina', 'Dolore', '2', '5', null), ('Aspirina', 'Febbre', '4', '4', null), ('Augmentin', 'Labirintite', '2', '5', null), ('Aulin', 'Dolore', '3', '5', null), ('Aulin', 'Strappo', '1', '3', null), ('Buscopan', 'Colite spastica', '3', '5', null), ('Buscopan', 'Dismenorrea', '2', '7', null), ('Cafergot', 'Emicrania', '2', '15', null), ('Cardura', 'Scompenso cardiaco', '2', '30', '1'), ('Catapresan', 'Scompenso cardiaco', '1', null, '1'), ('Clenil A', 'Rinite', '1', '15', null), ('Condor', 'Scompenso cardiaco', '1', null, '1'), ('Congescor', 'Scompenso cardiaco', '1', null, '1'), ('Darkene', 'Insonnia', '1', '25', null), ('Dissenten', 'Diarrea', '5', '3', null), ('Dulcolax', 'Stipsi', '2', '2', null), ('Duspatal', 'Colite spastica', '3', '5', null), ('Duspatal', 'Diarrea', '1', '3', null), ('Efferalgan', 'Dolore', '3', '4', null), ('Efferalgan', 'Febbre', '3', '5', null), ('EN', 'Insonnia', '2', '20', null), ('Enapren', 'Scompenso cardiaco', '1', null, '1'), ('Erion', 'Vomito', '1', '4', null), ('Eutirox', 'Gozzo tiroideo', '1', null, '1'), ('Eutirox', 'Ipotiroidismo', '1', null, '1'), ('Exocin', 'Otite', '5', '20', null), ('Flixonase', 'Rinite', '2', '20', null), ('Fluibron', 'Rinite', '3', '15', null), ('Gaviscon', 'Gastrite', '2', '20', null), ('Gaviscon', 'Reflusso gastroesofageo', '3', '15', null), ('Gentalyn Beta', 'Dermatite Atopica', '1', '10', null), ('Gipsy', 'Gastrite', '1', '15', null), ('Imigran', 'Emicrania', '1', '6', null), ('Inderal', 'Ipertensione', '1', null, '1'), ('Ketodol', 'Dolore', '2', '5', null), ('Lansox', 'Gastrite', '2', '30', null), ('Lasix', 'Scompenso cardiaco', '4', null, '1'), ('Lobivon', 'Ipertensione', '1', null, '1'), ('Lyrica', 'Dolore neuropatico', '1', null, '1'), ('Lyrica', 'Fibromialgia', '1', '40', '1'), ('Maalox', 'Gastrite', '4', '10', null), ('Micardis', 'Scompenso cardiaco', '1', null, '1'), ('Moduretic', 'Scompenso cardiaco', '1', null, '1'), ('Motilium', 'Vomito', '1', '5', null), ('Muscoril', 'Sciatica', '2', '7', null), ('Nasonex', 'Rinite', '2', '15', null), ('NaturNotte', 'Insonnia', '1', '40', null), ('Nenia', 'Insonnia', '2', '30', null), ('Nexium', 'Gastrite', '1', '30', null), ('Nimesulide Dorom', 'Dolore', '3', '5', null), ('Noritren', 'Acufene', '2', '15', null), ('Oki', 'Contrattura', '1', '2', null), ('Oki', 'Dolore', '3', '5', null), ('Olpress', 'Scompenso cardiaco', '2', '40', '1'), ('Oniria', 'Insonnia', '3', '25', null), ('Orudis', 'Dolore', '2', '5', null), ('Pantorc', 'Gastrite', '1', '20', null), ('Peptazol', 'Gastrite', '1', '20', null), ('Peridon', 'Vomito', '1', '5', null), ('Plasil', 'Vomito', '1', '3', null), ('Prontinal', 'Rinite', '1', '10', null), ('Protargolo', 'Rinite', '5', '15', null), ('Quait', 'Agitazione', '2', '60', '1'), ('Ranidil', 'Gastrite', '2', '30', null), ('Relpax', 'Emicrania', '1', '10', null), ('Sandomigran', 'Emicrania', '5', '30', '1'), ('Sectral', 'Ipertensione', '1', null, '1'), ('Seglor', 'Emicrania', '1', '10', null), ('Sonata', 'Insonnia', '2', '30', null), ('Sulidamor', 'Dolore', '2', '4', null), ('Tachipirina', 'Febbre', '4', '5', null), ('Tachipirina', 'Influenza', '3', '7', null), ('Tavor', 'Insonnia', '1', '15', '1'), ('Tigan', 'Vomito', '1', '5', null), ('Triatec', 'Ipertensione', '1', null, '1'), ('Trilafon', 'Vomito', '1', '4', null), ('Trittico', 'Agitazione', '2', '25', '1'), ('Valium', 'Insonnia', '5', '20', null), ('Voltaren', 'Sciatica', '1', '5', null), ('Zantac', 'Gastrite', '1', '20', null), ('Zerinol', 'Febbre', '3', '5', null), ('Zerinol', 'Influenza', '2', '5', null);
COMMIT;

-- ----------------------------
--  Table structure for `PATOLOGIA`
-- ----------------------------
DROP TABLE IF EXISTS `PATOLOGIA`;
CREATE TABLE `PATOLOGIA` (
  `Nome` char(50) NOT NULL,
  `ParteCorpo` char(50) NOT NULL,
  `SettoreMedico` char(50) NOT NULL,
  `Invalidita` int(11) NOT NULL,
  `PercEsenzione` int(11) NOT NULL,
  PRIMARY KEY (`Nome`)
) ENGINE=InnoDB DEFAULT CHARSET=latin1;

-- ----------------------------
--  Records of `PATOLOGIA`
-- ----------------------------
BEGIN;
INSERT INTO `PATOLOGIA` VALUES ('Acufene', 'Orecchio', 'Otorinolaringoiatria', '50', '10'), ('Agitazione', 'Cervello', 'Psichiatria', '30', '20'), ('Colite spastica', 'Intestino', 'Gastroenterologia', '0', '0'), ('Contrattura', 'Muscoli', 'Ortopedia', '50', '0'), ('Dermatite atopica', 'Pelle', 'Dermatologia', '0', '0'), ('Diabete', 'Pancreas', 'Medicina generale', '20', '70'), ('Diarrea', 'Intestino', 'Gastroenterologia', '70', '0'), ('Dismenorrea', 'Addome', 'Ginecologia', '80', '0'), ('Dolore', 'Generale', 'Ortopedia', '50', '0'), ('Dolore neuropatico', 'Generale', 'Neurologia', '70', '20'), ('Emicrania', 'Encefalo', 'Neurologia', '80', '30'), ('Febbre', 'Generale', 'Medicina generale', '0', '0'), ('Fibromialgia', 'Muscoli', 'Neurologia', '40', '20'), ('Gastrite', 'Stomaco', 'Gastroenterologia', '0', '0'), ('Gozzo tiroideo', 'Tiroide', 'Endocrinologia', '10', '0'), ('Influenza', 'Generale', 'Medicina generale', '50', '0'), ('Insonnia', 'Generale', 'Neurologia', '70', '10'), ('Ipertensione', 'Cuore', 'Cardiologia', '50', '40'), ('Ipotiroidismo', 'Tiroide', 'Endocrinologia', '30', '15'), ('Labirintite', 'Orecchio', 'Otorinolaringoiatria', '90', '80'), ('Maculopatia retinica', 'Occhi', 'Oculistica', '70', '50'), ('Otite', 'Orecchio', 'Otorinolaringoiatria', '0', '0'), ('Reflusso gastroesofageo', 'Stomaco', 'Gastroenterologia', '20', '0'), ('Rinite', 'Naso', 'Otorinolaringoiatria', '0', '0'), ('Sciatica', 'Nervi', 'Neurologia', '85', '40'), ('Scompenso cardiaco', 'Cuore', 'Cardiologia', '80', '45'), ('Stipsi', 'Intestino', 'Gastroenterologia', '0', '0'), ('Strappo', 'Muscoli', 'Ortopedia', '75', '0'), ('Vomito', 'Stomaco', 'Gastroenterologia', '0', '0');
COMMIT;

-- ----------------------------
--  Table structure for `PAZIENTE`
-- ----------------------------
DROP TABLE IF EXISTS `PAZIENTE`;
CREATE TABLE `PAZIENTE` (
  `CodFiscale` char(50) NOT NULL,
  `Cognome` char(50) NOT NULL,
  `Nome` char(50) NOT NULL,
  `Sesso` char(50) NOT NULL,
  `DataNascita` date NOT NULL,
  `Citta` char(50) NOT NULL,
  `Reddito` int(11) NOT NULL,
  PRIMARY KEY (`CodFiscale`)
) ENGINE=InnoDB DEFAULT CHARSET=latin1;

-- ----------------------------
--  Records of `PAZIENTE`
-- ----------------------------
BEGIN;
INSERT INTO `PAZIENTE` VALUES ('aaa1', 'Gatti', 'Tommaso', 'M', '1993-02-17', 'Pisa', '1000'), ('bbc4', 'Cani', 'Maria', 'F', '1925-11-28', 'Pisa', '1500'), ('bbe1', 'Bove', 'Maddalena', 'F', '1962-08-15', 'Pisa', '1800'), ('ccc2', 'Tigri', 'Romeo', 'M', '1954-03-05', 'Pisa', '2000'), ('ddd6', 'Cavalli', 'Roberto', 'M', '1948-07-30', 'Firenze', '5000'), ('eep1', 'Gufi', 'Epidonio', 'M', '1928-05-18', 'Livorno', '2100'), ('eey9', 'Gallina', 'Ultima', 'F', '1921-05-23', 'Pisa', '2750'), ('erv4', 'Nutrie', 'Lorella', 'F', '1988-06-30', 'Prato', '1200'), ('ffq8', 'Facoceri', 'Osvaldo', 'M', '1966-11-06', 'Pisa', '3000'), ('fqa8', 'Faraona', 'Elettra', 'F', '1940-12-14', 'Pisa', '3000'), ('gox9', 'Orata', 'Marcello', 'M', '1971-01-27', 'Pisa', '1700'), ('gwp5', 'Cinghiali', 'Maria Rita', 'F', '1975-09-13', 'Siena', '1300'), ('hho1', 'Ricci', 'Egisto', 'M', '1942-09-15', 'Pisa', '2100'), ('kkw1', 'Pappagalli', 'Norina', 'F', '1926-03-03', 'Firenze', '2000'), ('kqp6', 'Cervi', 'Luigi', 'M', '1993-05-17', 'Grosseto', '1000'), ('psq9', 'Giaguaro', 'Vivetta', 'F', '1935-07-01', 'Roma', '1850'), ('rye7', 'Ratto', 'Sabina', 'F', '1987-06-10', 'Siena', '1500'), ('slq6', 'Lepre', 'Edoardo', 'M', '1968-10-17', 'Pisa', '2150'), ('ttw2', 'Capra', 'Renzo', 'M', '1982-04-23', 'Roma', '1400'), ('uiw1', 'Muli', 'Antonella', 'F', '1974-12-25', 'Pisa', '1700'), ('wsq3', 'Sorci', 'Ampelia', 'F', '1935-05-29', 'Grosseto', '2000');
COMMIT;

-- ----------------------------
--  Table structure for `VISITA`
-- ----------------------------
DROP TABLE IF EXISTS `VISITA`;
CREATE TABLE `VISITA` (
  `Medico` char(50) NOT NULL,
  `Paziente` char(50) NOT NULL,
  `Data` date NOT NULL,
  `Mutuata` int(11) NOT NULL,
  PRIMARY KEY (`Medico`,`Paziente`,`Data`)
) ENGINE=InnoDB DEFAULT CHARSET=latin1;

-- ----------------------------
--  Records of `VISITA`
-- ----------------------------
BEGIN;
INSERT INTO `VISITA` VALUES ('001', 'aaa1', '2003-04-02', '0'), ('001', 'aaa1', '2012-12-01', '0'), ('001', 'aaa1', '2013-03-01', '0'), ('001', 'bbc4', '2005-03-30', '0'), ('001', 'bbe1', '2004-04-16', '0'), ('001', 'ccc2', '2012-07-27', '0'), ('001', 'ddd6', '2006-11-09', '0'), ('001', 'eey9', '2003-05-28', '0'), ('001', 'erv4', '2003-04-17', '0'), ('001', 'ffq8', '2013-02-01', '0'), ('001', 'fqa8', '2009-06-09', '0'), ('001', 'gox9', '2004-04-22', '0'), ('001', 'gox9', '2009-10-04', '0'), ('001', 'gwp5', '2008-05-05', '0'), ('001', 'gwp5', '2010-01-19', '0'), ('001', 'hho1', '2004-03-13', '0'), ('001', 'hho1', '2009-04-15', '0'), ('001', 'kkw1', '2007-09-05', '0'), ('001', 'kkw1', '2008-04-04', '0'), ('001', 'kqp6', '2012-08-24', '0'), ('001', 'psq9', '2003-06-27', '0'), ('001', 'psq9', '2007-01-27', '0'), ('001', 'slq6', '2003-06-03', '0'), ('001', 'slq6', '2004-04-05', '0'), ('001', 'ttw2', '2003-06-28', '0'), ('001', 'ttw2', '2006-12-02', '0'), ('001', 'uiw1', '2004-01-13', '0'), ('001', 'uiw1', '2008-09-02', '0'), ('002', 'aaa1', '2006-07-19', '0'), ('002', 'aaa1', '2009-06-15', '0'), ('002', 'bbc4', '2007-06-26', '0'), ('002', 'bbc4', '2008-02-09', '0'), ('002', 'bbe1', '2004-08-20', '0'), ('002', 'bbe1', '2009-01-10', '0'), ('002', 'ccc2', '2007-07-27', '0'), ('002', 'ddd6', '2008-01-27', '0'), ('002', 'ddd6', '2010-10-16', '0'), ('002', 'eey9', '2004-03-26', '0'), ('002', 'eey9', '2008-02-06', '0'), ('002', 'eey9', '2012-02-16', '0'), ('002', 'erv4', '2003-10-15', '0'), ('002', 'erv4', '2004-12-23', '0'), ('002', 'ffq8', '2007-06-08', '0'), ('002', 'ffq8', '2013-01-26', '0'), ('002', 'fqa8', '2009-02-01', '0'), ('002', 'fqa8', '2010-11-16', '0'), ('002', 'gox9', '2009-12-27', '0'), ('002', 'gwp5', '2004-04-06', '0'), ('002', 'gwp5', '2009-07-16', '0'), ('002', 'hho1', '2004-07-30', '0'), ('002', 'hho1', '2012-02-15', '0'), ('002', 'kkw1', '2004-09-13', '0'), ('002', 'kkw1', '2011-02-08', '0'), ('002', 'kqp6', '2003-12-21', '0'), ('002', 'kqp6', '2008-08-29', '0'), ('002', 'psq9', '2006-11-02', '0'), ('002', 'psq9', '2012-08-03', '0'), ('002', 'slq6', '2005-01-16', '0'), ('002', 'slq6', '2007-11-30', '0'), ('002', 'ttw2', '2008-08-20', '0'), ('002', 'ttw2', '2011-07-22', '0'), ('002', 'uiw1', '2006-04-17', '0'), ('002', 'uiw1', '2009-07-02', '0'), ('003', 'aaa1', '2009-09-12', '0'), ('003', 'aaa1', '2012-05-23', '0'), ('003', 'bbc4', '2006-10-31', '0'), ('003', 'bbc4', '2009-12-14', '0'), ('003', 'bbe1', '2009-06-07', '0'), ('003', 'bbe1', '2011-11-27', '0'), ('003', 'ccc2', '2004-02-28', '0'), ('003', 'ccc2', '2005-11-22', '0'), ('003', 'ddd6', '2009-05-03', '0'), ('003', 'eey9', '2011-01-23', '0'), ('003', 'erv4', '2004-02-27', '0'), ('003', 'erv4', '2005-09-23', '0'), ('003', 'ffq8', '2004-06-08', '0'), ('003', 'ffq8', '2009-02-01', '0'), ('003', 'fqa8', '2005-02-13', '0'), ('003', 'fqa8', '2006-07-21', '0'), ('003', 'gox9', '2005-03-06', '0'), ('003', 'gox9', '2006-04-24', '0'), ('003', 'gwp5', '2007-05-18', '0'), ('003', 'gwp5', '2008-09-30', '0'), ('003', 'hho1', '2008-03-12', '0'), ('003', 'hho1', '2011-08-31', '0'), ('003', 'kkw1', '2005-09-14', '0'), ('003', 'kkw1', '2008-12-04', '0'), ('003', 'kqp6', '2006-06-28', '0'), ('003', 'psq9', '2003-08-10', '0'), ('003', 'psq9', '2012-07-03', '0'), ('003', 'slq6', '2009-12-03', '0'), ('003', 'slq6', '2012-07-21', '0'), ('003', 'ttw2', '2008-10-25', '0'), ('003', 'ttw2', '2008-12-13', '0'), ('003', 'uiw1', '2003-04-10', '0'), ('003', 'uiw1', '2011-11-01', '0'), ('004', 'aaa1', '2006-09-29', '0'), ('004', 'aaa1', '2009-03-06', '0'), ('004', 'bbc4', '2010-10-03', '0'), ('004', 'bbe1', '2010-05-30', '0'), ('004', 'ccc2', '2006-08-19', '0'), ('004', 'ddd6', '2007-03-25', '0'), ('004', 'ddd6', '2008-10-07', '0'), ('004', 'eey9', '2005-06-15', '0'), ('004', 'eey9', '2010-10-16', '0'), ('004', 'erv4', '2004-07-09', '0'), ('004', 'erv4', '2012-06-07', '0'), ('004', 'ffq8', '2007-01-21', '0'), ('004', 'ffq8', '2012-09-03', '0'), ('004', 'fqa8', '2008-07-30', '0'), ('004', 'gox9', '2003-06-04', '0'), ('004', 'gox9', '2008-07-29', '0'), ('004', 'gwp5', '2003-12-30', '0'), ('004', 'gwp5', '2005-03-10', '0'), ('004', 'hho1', '2011-01-29', '0'), ('004', 'kkw1', '2010-04-12', '0'), ('004', 'kqp6', '2005-01-05', '0'), ('004', 'psq9', '2011-01-24', '0'), ('004', 'slq6', '2007-02-23', '0'), ('004', 'ttw2', '2003-12-03', '0'), ('004', 'ttw2', '2009-05-17', '0'), ('004', 'uiw1', '2008-11-10', '0'), ('004', 'uiw1', '2012-04-18', '0'), ('005', 'aaa1', '2009-05-27', '0'), ('005', 'aaa1', '2010-03-20', '0'), ('005', 'bbc4', '2007-04-16', '0'), ('005', 'bbc4', '2011-01-12', '0'), ('005', 'bbe1', '2005-01-27', '0'), ('005', 'bbe1', '2011-05-15', '0'), ('005', 'bbe1', '2011-10-21', '0'), ('005', 'ccc2', '2010-05-09', '0'), ('005', 'ccc2', '2010-08-09', '0'), ('005', 'ddd6', '2003-05-29', '0'), ('005', 'ddd6', '2005-10-06', '0'), ('005', 'eey9', '2003-11-06', '0'), ('005', 'eey9', '2012-10-19', '0'), ('005', 'erv4', '2008-10-14', '0'), ('005', 'erv4', '2010-08-29', '0'), ('005', 'ffq8', '2009-04-02', '0'), ('005', 'ffq8', '2011-09-30', '0'), ('005', 'fqa8', '2003-08-09', '0'), ('005', 'fqa8', '2006-09-30', '0'), ('005', 'gox9', '2009-08-11', '0'), ('005', 'gox9', '2012-10-29', '0'), ('005', 'gwp5', '2004-02-10', '0'), ('005', 'hho1', '2008-07-20', '0'), ('005', 'hho1', '2012-02-23', '0'), ('005', 'kkw1', '2005-04-26', '0'), ('005', 'kkw1', '2007-04-17', '0'), ('005', 'kqp6', '2006-12-28', '0'), ('005', 'kqp6', '2007-08-23', '0'), ('005', 'psq9', '2003-03-13', '0'), ('005', 'psq9', '2005-11-08', '0'), ('005', 'slq6', '2005-02-22', '0'), ('005', 'slq6', '2009-11-21', '0'), ('005', 'ttw2', '2005-01-01', '0'), ('005', 'ttw2', '2006-09-21', '0'), ('005', 'uiw1', '2006-06-07', '0'), ('005', 'uiw1', '2010-10-13', '0'), ('006', 'aaa1', '2003-12-31', '0'), ('006', 'aaa1', '2010-08-09', '0'), ('006', 'bbc4', '2007-07-15', '0'), ('006', 'bbc4', '2007-07-17', '0'), ('006', 'bbe1', '2012-07-24', '0'), ('006', 'bbe1', '2012-09-10', '0'), ('006', 'ccc2', '2007-01-19', '0'), ('006', 'ccc2', '2007-09-27', '0'), ('006', 'ddd6', '2004-05-31', '0'), ('006', 'ddd6', '2007-06-10', '0'), ('006', 'eey9', '2007-10-05', '0'), ('006', 'eey9', '2010-11-02', '0'), ('006', 'erv4', '2008-09-22', '0'), ('006', 'erv4', '2012-05-30', '0'), ('006', 'ffq8', '2005-08-21', '0'), ('006', 'ffq8', '2007-12-19', '0'), ('006', 'fqa8', '2007-10-18', '0'), ('006', 'fqa8', '2010-06-30', '0'), ('006', 'fqa8', '2012-06-07', '0'), ('006', 'gox9', '2005-06-09', '0'), ('006', 'gox9', '2008-11-29', '0'), ('006', 'gox9', '2012-01-03', '0'), ('006', 'gwp5', '2008-01-14', '0'), ('006', 'gwp5', '2010-10-03', '0'), ('006', 'gwp5', '2012-07-18', '0'), ('006', 'hho1', '2003-04-12', '0'), ('006', 'hho1', '2010-04-14', '0'), ('006', 'kkw1', '2004-03-06', '0'), ('006', 'kkw1', '2005-08-02', '0'), ('006', 'kqp6', '2004-12-10', '0'), ('006', 'kqp6', '2006-11-13', '0'), ('006', 'kqp6', '2010-10-08', '0'), ('006', 'psq9', '2004-10-23', '0'), ('006', 'psq9', '2008-08-28', '0'), ('006', 'slq6', '2006-01-24', '0'), ('006', 'slq6', '2009-07-18', '0'), ('006', 'ttw2', '2008-08-06', '0'), ('006', 'ttw2', '2012-09-29', '0'), ('006', 'uiw1', '2011-03-14', '0'), ('006', 'uiw1', '2012-05-26', '0'), ('007', 'aaa1', '2007-01-24', '0'), ('007', 'aaa1', '2010-08-14', '0'), ('007', 'bbc4', '2008-07-27', '0'), ('007', 'bbc4', '2012-09-25', '0'), ('007', 'bbe1', '2008-07-04', '0'), ('007', 'bbe1', '2008-09-03', '0'), ('007', 'ccc2', '2003-09-06', '0'), ('007', 'ccc2', '2010-08-30', '0'), ('007', 'ccc2', '2012-01-04', '0'), ('007', 'ddd6', '2009-09-16', '0'), ('007', 'ddd6', '2010-08-04', '0'), ('007', 'ddd6', '2010-11-17', '0'), ('007', 'eey9', '2004-05-17', '0'), ('007', 'eey9', '2005-03-22', '0'), ('007', 'erv4', '2009-08-01', '0'), ('007', 'erv4', '2010-04-23', '0'), ('007', 'ffq8', '2011-08-28', '0'), ('007', 'ffq8', '2012-09-27', '0'), ('007', 'fqa8', '2006-05-19', '0'), ('007', 'fqa8', '2009-08-18', '0'), ('007', 'gox9', '2003-10-10', '0'), ('007', 'gox9', '2006-10-12', '0'), ('007', 'gwp5', '2006-07-26', '0'), ('007', 'gwp5', '2011-11-05', '0'), ('007', 'hho1', '2005-10-03', '0'), ('007', 'hho1', '2008-05-15', '0'), ('007', 'hho1', '2012-07-10', '0'), ('007', 'kkw1', '2009-01-02', '0'), ('007', 'kkw1', '2010-01-29', '0'), ('007', 'kqp6', '2006-10-08', '0'), ('007', 'kqp6', '2009-12-26', '0'), ('007', 'kqp6', '2010-04-13', '0'), ('007', 'psq9', '2003-09-05', '0'), ('007', 'psq9', '2006-07-16', '0'), ('007', 'slq6', '2004-11-30', '0'), ('007', 'slq6', '2009-08-01', '0'), ('007', 'ttw2', '2005-02-28', '0'), ('007', 'ttw2', '2010-05-22', '0'), ('007', 'uiw1', '2003-11-24', '0'), ('007', 'uiw1', '2004-01-26', '0'), ('008', 'aaa1', '2006-01-05', '0'), ('008', 'aaa1', '2010-11-01', '0'), ('008', 'bbe1', '2011-02-06', '0'), ('008', 'bbe1', '2012-04-30', '0'), ('008', 'ccc2', '2004-04-23', '0'), ('008', 'ccc2', '2004-05-27', '0'), ('008', 'ddd6', '2005-01-28', '0'), ('008', 'ddd6', '2011-11-07', '0'), ('008', 'erv4', '2005-11-15', '0'), ('008', 'erv4', '2008-02-15', '0'), ('008', 'ffq8', '2007-06-18', '0'), ('008', 'ffq8', '2009-07-30', '0'), ('008', 'fqa8', '2006-07-15', '0'), ('008', 'fqa8', '2010-05-13', '0'), ('008', 'gox9', '2007-02-21', '0'), ('008', 'gwp5', '2012-12-12', '0'), ('008', 'hho1', '2010-03-08', '0'), ('008', 'kkw1', '2008-11-30', '0'), ('008', 'kqp6', '2010-11-15', '0'), ('008', 'psq9', '2004-06-26', '0'), ('008', 'slq6', '2006-08-20', '0'), ('008', 'ttw2', '2006-07-30', '0'), ('008', 'ttw2', '2009-12-10', '0'), ('008', 'uiw1', '2005-06-20', '0'), ('008', 'uiw1', '2009-10-29', '0'), ('009', 'aaa1', '2004-05-11', '0'), ('009', 'aaa1', '2006-04-05', '0'), ('009', 'bbe1', '2004-12-07', '0'), ('009', 'bbe1', '2011-05-23', '0'), ('009', 'ccc2', '2004-10-26', '0'), ('009', 'ccc2', '2007-10-28', '0'), ('009', 'ddd6', '2006-02-21', '0'), ('009', 'ddd6', '2011-10-11', '0'), ('009', 'erv4', '2003-12-16', '0'), ('009', 'erv4', '2012-12-02', '0'), ('009', 'ffq8', '2004-08-17', '0'), ('009', 'ffq8', '2007-04-21', '0'), ('009', 'fqa8', '2011-03-17', '0'), ('009', 'fqa8', '2011-06-30', '0'), ('009', 'fqa8', '2012-11-30', '0'), ('009', 'gox9', '2009-01-05', '0'), ('009', 'gox9', '2012-06-04', '0'), ('009', 'gwp5', '2004-07-02', '0'), ('009', 'gwp5', '2008-04-16', '0'), ('009', 'hho1', '2011-04-05', '0'), ('009', 'hho1', '2012-01-23', '0'), ('009', 'kkw1', '2003-09-03', '0'), ('009', 'kkw1', '2008-04-15', '0'), ('009', 'kqp6', '2004-07-04', '0'), ('009', 'kqp6', '2009-01-04', '0'), ('009', 'psq9', '2004-07-08', '0'), ('009', 'psq9', '2010-11-22', '0'), ('009', 'slq6', '1995-09-15', '0'), ('009', 'slq6', '2004-04-16', '0'), ('009', 'slq6', '2005-11-28', '0'), ('009', 'ttw2', '2005-08-13', '0'), ('009', 'ttw2', '2012-11-01', '0'), ('009', 'uiw1', '2003-05-02', '0'), ('009', 'uiw1', '2012-01-19', '0'), ('010', 'aaa1', '2004-12-24', '0'), ('010', 'aaa1', '2010-04-11', '0'), ('010', 'bbc4', '2011-10-04', '0'), ('010', 'bbc4', '2012-01-25', '0'), ('010', 'bbe1', '2006-05-16', '0'), ('010', 'bbe1', '2010-09-14', '0'), ('010', 'ccc2', '2005-02-04', '0'), ('010', 'ccc2', '2012-06-27', '0'), ('010', 'ddd6', '2010-03-14', '0'), ('010', 'ddd6', '2010-03-17', '0'), ('010', 'eey9', '2010-05-17', '0'), ('010', 'eey9', '2012-08-10', '0'), ('010', 'erv4', '2008-02-16', '0'), ('010', 'erv4', '2009-04-13', '0'), ('010', 'ffq8', '2005-06-08', '0'), ('010', 'ffq8', '2006-05-09', '0'), ('010', 'fqa8', '2004-03-28', '0'), ('010', 'fqa8', '2006-03-01', '0'), ('010', 'gox9', '2008-12-21', '0'), ('010', 'gox9', '2011-05-12', '0'), ('010', 'gwp5', '2005-03-07', '0'), ('010', 'gwp5', '2009-01-02', '0'), ('010', 'hho1', '2004-12-17', '0'), ('010', 'hho1', '2008-08-28', '0'), ('010', 'kkw1', '2004-08-10', '0'), ('010', 'kkw1', '2004-08-17', '0'), ('010', 'kqp6', '2003-11-26', '0'), ('010', 'kqp6', '2005-02-08', '0'), ('010', 'psq9', '2008-07-02', '0'), ('010', 'psq9', '2012-07-13', '0'), ('010', 'slq6', '2004-01-17', '0'), ('010', 'slq6', '2007-10-29', '0'), ('010', 'ttw2', '2008-05-15', '0'), ('010', 'ttw2', '2011-07-19', '0'), ('010', 'uiw1', '2005-03-23', '0'), ('010', 'uiw1', '2012-06-18', '0'), ('011', 'aaa1', '2004-07-17', '0'), ('011', 'aaa1', '2007-11-07', '0'), ('011', 'bbc4', '2010-06-09', '0'), ('011', 'bbc4', '2012-02-23', '0'), ('011', 'bbe1', '2003-12-24', '0'), ('011', 'bbe1', '2005-06-28', '0'), ('011', 'ccc2', '2010-04-15', '0'), ('011', 'ccc2', '2012-12-22', '0'), ('011', 'ddd6', '2005-04-14', '0'), ('011', 'ddd6', '2006-05-13', '0'), ('011', 'eey9', '2004-04-30', '0'), ('011', 'eey9', '2007-10-18', '0'), ('011', 'erv4', '2006-09-26', '0'), ('011', 'erv4', '2012-08-18', '0'), ('011', 'ffq8', '2007-01-15', '0'), ('011', 'ffq8', '2007-02-22', '0'), ('011', 'fqa8', '2004-02-23', '0'), ('011', 'fqa8', '2012-05-11', '0'), ('011', 'gox9', '2006-06-12', '0'), ('011', 'gox9', '2007-03-26', '0'), ('011', 'gwp5', '2005-12-01', '0'), ('011', 'gwp5', '2006-08-26', '0'), ('011', 'hho1', '2004-09-28', '0'), ('011', 'hho1', '2010-10-04', '0'), ('011', 'kkw1', '2010-09-12', '0'), ('011', 'kkw1', '2012-10-21', '0'), ('011', 'kqp6', '2006-08-31', '0'), ('011', 'kqp6', '2008-01-24', '0'), ('011', 'psq9', '2005-01-29', '0'), ('011', 'psq9', '2011-09-30', '0'), ('011', 'slq6', '2005-08-06', '0'), ('011', 'slq6', '2008-01-17', '0'), ('011', 'ttw2', '2009-08-02', '0'), ('011', 'ttw2', '2011-11-03', '0'), ('011', 'uiw1', '2007-12-31', '0'), ('011', 'uiw1', '2011-12-03', '0'), ('012', 'aaa1', '2008-01-30', '0'), ('012', 'aaa1', '2010-12-10', '0'), ('012', 'bbc4', '2005-10-20', '0'), ('012', 'bbe1', '2013-01-05', '0'), ('012', 'ccc2', '2004-07-16', '0'), ('012', 'ddd6', '2010-06-26', '0'), ('012', 'eey9', '2005-09-02', '0'), ('012', 'erv4', '2003-04-04', '0'), ('012', 'erv4', '2003-09-29', '0'), ('012', 'gox9', '2007-07-09', '0'), ('012', 'gox9', '2012-12-10', '0'), ('012', 'gwp5', '2006-07-18', '0'), ('012', 'gwp5', '2010-01-25', '0'), ('012', 'hho1', '2004-08-24', '0'), ('012', 'hho1', '2010-09-24', '0'), ('012', 'kkw1', '2009-11-12', '0'), ('012', 'kkw1', '2010-11-17', '0'), ('012', 'kqp6', '2009-01-21', '0'), ('012', 'kqp6', '2012-03-31', '0'), ('012', 'psq9', '2008-06-29', '0'), ('012', 'psq9', '2009-07-02', '0'), ('012', 'slq6', '2007-03-07', '0'), ('012', 'slq6', '2012-07-25', '0'), ('012', 'ttw2', '2004-03-17', '0'), ('012', 'uiw1', '2010-03-05', '0'), ('013', 'aaa1', '2006-09-26', '0'), ('013', 'bbc4', '2010-12-17', '0'), ('013', 'bbe1', '2011-06-13', '0'), ('013', 'ccc2', '2011-03-20', '0'), ('013', 'ddd6', '2008-08-02', '0'), ('013', 'eey9', '2006-02-17', '0'), ('013', 'erv4', '2011-09-26', '0'), ('013', 'ffq8', '2007-02-27', '0'), ('013', 'fqa8', '2007-06-01', '0'), ('013', 'gox9', '2012-06-12', '0'), ('013', 'gwp5', '2006-11-09', '0'), ('013', 'hho1', '2003-10-14', '0'), ('013', 'kkw1', '2005-02-13', '0'), ('013', 'kkw1', '2005-03-12', '0'), ('013', 'kqp6', '2011-06-19', '0'), ('013', 'kqp6', '2011-11-28', '0'), ('013', 'psq9', '2008-08-08', '0'), ('014', 'aaa1', '2003-12-20', '0'), ('014', 'bbc4', '2009-04-10', '0'), ('014', 'bbe1', '2011-04-27', '0'), ('014', 'ccc2', '2005-08-22', '0'), ('014', 'ddd6', '2011-01-30', '0'), ('014', 'eey9', '2005-05-05', '0'), ('014', 'erv4', '2010-04-22', '0'), ('014', 'ffq8', '2012-05-10', '0'), ('014', 'fqa8', '2007-09-26', '0'), ('014', 'gox9', '2008-06-10', '0'), ('014', 'gox9', '2009-05-26', '0'), ('014', 'gwp5', '2005-11-10', '0'), ('014', 'hho1', '2010-10-22', '0'), ('014', 'kkw1', '2003-04-30', '0'), ('014', 'kqp6', '2011-01-16', '0'), ('014', 'psq9', '2012-02-06', '0'), ('014', 'slq6', '2004-03-24', '0'), ('014', 'ttw2', '2011-09-03', '0'), ('014', 'uiw1', '2012-07-15', '0'), ('015', 'aaa1', '2004-07-15', '0'), ('015', 'bbc4', '2011-11-26', '0'), ('015', 'bbe1', '2012-10-06', '0'), ('015', 'bbe1', '2013-08-15', '0'), ('015', 'ccc2', '2004-12-21', '0'), ('015', 'ddd6', '2003-05-30', '0'), ('015', 'eey9', '2008-12-19', '0'), ('015', 'erv4', '2011-06-20', '0'), ('015', 'ffq8', '2007-04-16', '0'), ('015', 'fqa8', '2008-11-18', '0'), ('015', 'gwp5', '2007-03-19', '0'), ('015', 'hho1', '2004-09-14', '0'), ('015', 'kkw1', '2008-09-21', '0'), ('015', 'kqp6', '2006-05-12', '0'), ('015', 'slq6', '2010-03-02', '0'), ('015', 'ttw2', '2010-04-03', '0'), ('015', 'uiw1', '2007-08-16', '0'), ('016', 'aaa1', '2004-03-14', '0'), ('016', 'ccc2', '2007-07-27', '0'), ('016', 'ddd6', '2007-04-23', '0'), ('016', 'eey9', '2010-09-05', '0'), ('016', 'erv4', '2008-04-30', '0'), ('016', 'ffq8', '2006-06-15', '0'), ('016', 'fqa8', '2004-02-16', '0'), ('016', 'gox9', '2008-02-12', '0'), ('016', 'gwp5', '2005-01-20', '0'), ('016', 'gwp5', '2010-09-13', '0'), ('016', 'hho1', '2007-10-09', '0'), ('016', 'kkw1', '2010-07-19', '0'), ('016', 'kqp6', '2006-04-12', '0'), ('016', 'psq9', '2006-08-05', '0'), ('016', 'slq6', '2010-12-25', '0'), ('016', 'ttw2', '2011-12-29', '0'), ('016', 'uiw1', '2003-11-14', '0'), ('017', 'aaa1', '2010-03-11', '0'), ('017', 'bbc4', '2006-03-23', '0'), ('017', 'bbe1', '2007-05-20', '0'), ('017', 'erv4', '2008-06-18', '0'), ('017', 'ffq8', '2011-11-20', '0'), ('017', 'fqa8', '2010-11-26', '0'), ('017', 'gwp5', '2012-09-04', '0'), ('017', 'kqp6', '2009-07-23', '0'), ('017', 'slq6', '2005-03-15', '0'), ('017', 'ttw2', '2008-08-21', '0'), ('017', 'uiw1', '2004-06-10', '0'), ('018', 'aaa1', '2013-02-16', '0'), ('018', 'bbc4', '2009-03-13', '0'), ('018', 'bbe1', '2003-06-11', '0'), ('018', 'ccc2', '2006-06-13', '0'), ('018', 'ddd6', '2008-10-09', '0'), ('018', 'eey9', '2011-05-18', '0'), ('018', 'ffq8', '2009-10-18', '0'), ('018', 'fqa8', '2003-08-04', '0'), ('018', 'gox9', '2005-09-16', '0'), ('018', 'gwp5', '2013-01-15', '0'), ('018', 'hho1', '2005-11-26', '0'), ('018', 'kkw1', '2007-03-22', '0'), ('018', 'kqp6', '2005-04-01', '0'), ('018', 'psq9', '2011-05-28', '0'), ('018', 'psq9', '2011-06-06', '0'), ('018', 'psq9', '2012-06-23', '0'), ('018', 'slq6', '2008-04-06', '0'), ('018', 'ttw2', '2003-11-17', '0'), ('018', 'uiw1', '2011-06-05', '0'), ('019', 'aaa1', '2015-03-05', '0'), ('019', 'rye7', '2015-01-08', '0'), ('019', 'rye7', '2015-03-25', '0'), ('019', 'ttw2', '2015-02-18', '0'), ('020', 'aaa1', '2015-04-28', '0'), ('020', 'aaa1', '2015-09-07', '0'), ('020', 'ffq8', '2015-07-20', '0');
COMMIT;

-- ----------------------------
--  Table structure for `medico`
-- ----------------------------
DROP TABLE IF EXISTS `medico`;
CREATE TABLE `medico` (
  `Matricola` char(50) NOT NULL,
  `Cognome` char(50) NOT NULL,
  `Nome` char(50) NOT NULL,
  `Specializzazione` char(50) NOT NULL,
  `Parcella` int(11) NOT NULL,
  `Citta` char(50) NOT NULL,
  PRIMARY KEY (`Matricola`),
  KEY `Specializzazione` (`Specializzazione`)
) ENGINE=InnoDB DEFAULT CHARSET=latin1;

-- ----------------------------
--  Records of `medico`
-- ----------------------------
BEGIN;
INSERT INTO `medico` VALUES ('001', 'Rossi', 'Mario', 'Otorinolaringoiatria', '100', 'Pisa'), ('002', 'Verdi', 'Luigi', 'Otorinolaringoiatria', '150', 'Pisa'), ('003', 'Gialli', 'Franco', 'Otorinolaringoiatria', '200', 'Pisa'), ('004', 'Turchesi', 'Viola', 'Otorinolaringoiatria', '250', 'Pisa'), ('005', 'Neri', 'Marta', 'Gastroenterologia', '130', 'Milano'), ('006', 'Bianchi', 'Ada', 'Ortopedia', '160', 'Milano'), ('007', 'Rosi', 'Alvaro', 'Ortopedia', '180', 'Roma'), ('008', 'Gialli', 'Margherita', 'Nefrologia', '120', 'Roma'), ('009', 'Arancioni', 'Ugo', 'Nefrologia', '170', 'Firenze'), ('010', 'Celesti', 'Clelia', 'Neurologia', '200', 'Firenze'), ('011', 'Marroni', 'Osvaldo', 'Psichiatria', '150', 'Pisa'), ('012', 'Grigi', 'Ettore', 'Medicina generale', '50', 'Pisa'), ('013', 'Blu', 'Fabiola', 'Gastroenterologia', '110', 'Siena'), ('014', 'Indachi', 'Loredana', 'Cardiologia', '180', 'Pisa'), ('015', 'Ciani', 'Gualtiero', 'Cardiologia', '230', 'Pisa'), ('016', 'Verdolini', 'Maria Paola', 'Cardiologia', '220', 'Pisa'), ('017', 'Amaranti', 'Adevane', 'Cardiologia', '260', 'Pisa'), ('018', 'Terra di Siena', 'Bruciata', 'Cardiologia', '260', 'Siena'), ('019', 'Rossi', 'Lorella', 'Oculistica', '100', 'Roma'), ('020', 'Acquamarina', 'Dario', 'Oculistica', '110', 'Firenze');
COMMIT;

-- ----------------------------
--  Table structure for `terapia`
-- ----------------------------
DROP TABLE IF EXISTS `terapia`;
CREATE TABLE `terapia` (
  `Paziente` char(50) NOT NULL,
  `Patologia` char(50) NOT NULL,
  `DataEsordio` date NOT NULL,
  `Farmaco` char(50) NOT NULL,
  `DataInizioTerapia` date NOT NULL,
  `DataFineTerapia` date DEFAULT NULL,
  `Posologia` int(11) NOT NULL,
  PRIMARY KEY (`Paziente`,`Patologia`,`DataEsordio`,`Farmaco`,`DataInizioTerapia`),
  KEY `Farmaco` (`Farmaco`)
) ENGINE=InnoDB DEFAULT CHARSET=latin1;
delimiter ;;
CREATE TRIGGER `VietaTerapieConsecutive` BEFORE INSERT ON `terapia` FOR EACH ROW BEGIN
	SET @terapiaPrecedente =
        (SELECT COUNT(*)
         FROM Terapia T1
         WHERE T1.Paziente = NEW.Paziente
               AND T1.Farmaco = NEW.Farmaco
               AND T1.Posologia = 0.5*NEW.Posologia
			   AND NOT EXISTS
                   (SELECT *
                    FROM Terapia T2
                    WHERE T2.Paziente = T1.Paziente
                          AND T2.DataFineTerapia > T1.DataFineTerapia
                   )
		);
	IF @terapiaPrecedente = 1 THEN
		SIGNAL SQLSTATE '45000'
		SET MESSAGE_TEXT = 'Terapia non consentita';
	END IF;
END;
 ;;
delimiter ;

-- ----------------------------
--  Records of `terapia`
-- ----------------------------
BEGIN;
INSERT INTO `terapia` VALUES ('aaa1', 'Agitazione', '1996-01-29', 'Quait', '1996-01-29', null, '3'), ('aaa1', 'Dolore', '1993-09-03', 'Ketodol', '1993-09-03', '1993-09-28', '5'), ('aaa1', 'Febbre', '2006-10-06', 'Aspirina', '2006-10-06', '2006-11-14', '3'), ('aaa1', 'Fibromialgia', '1995-12-30', 'Lyrica', '1995-12-30', '1996-01-21', '1'), ('aaa1', 'Gastrite', '1993-03-02', 'Ranidil', '1993-03-02', null, '4'), ('aaa1', 'Vomito', '2000-03-27', 'Plasil', '2000-03-27', '2000-05-12', '3'), ('bbc4', 'Dolore', '1996-06-25', 'Ketodol', '1996-06-25', '1996-06-27', '1'), ('bbc4', 'Dolore', '2013-01-14', 'Aulin', '2013-01-14', null, '4'), ('bbc4', 'Febbre', '2011-05-30', 'Zerinol', '2011-05-30', '2011-06-05', '3'), ('bbc4', 'Febbre', '2013-01-30', 'Zerinol', '2013-01-30', null, '2'), ('bbc4', 'Fibromialgia', '1995-04-05', 'Lyrica', '1995-04-05', '1995-04-27', '3'), ('bbc4', 'Gastrite', '1994-02-27', 'Zantac', '1994-02-27', null, '1'), ('bbc4', 'Influenza', '2013-02-17', 'Tachipirina', '2013-02-25', '2013-02-28', '1'), ('bbc4', 'Influenza', '2013-02-17', 'Zerinol', '2013-02-17', '2013-02-24', '2'), ('bbc4', 'Influenza', '2015-01-21', 'Tachipirina', '2015-01-21', null, '1'), ('bbc4', 'Insonnia', '1995-07-15', 'EN', '1995-07-15', '1995-08-20', '3'), ('bbc4', 'Rinite', '2001-02-26', 'Protargolo', '2001-02-26', null, '4'), ('bbc4', 'Scompenso cardiaco', '2003-05-15', 'Micardis', '2003-05-15', '2003-08-18', '4'), ('bbc4', 'Vomito', '1997-07-02', 'Antivert', '1997-07-02', '1997-05-07', '1'), ('bbc4', 'Vomito', '1998-08-15', 'Erion', '1998-08-15', null, '4'), ('bbe1', 'Agitazione', '1994-06-06', 'Quait', '1994-06-06', '1994-06-27', '2'), ('bbe1', 'Agitazione', '1995-11-03', 'Quait', '1995-11-03', '1995-12-27', '3'), ('bbe1', 'Dolore', '2007-03-06', 'Ketodol', '2007-03-06', null, '2'), ('bbe1', 'Emicrania', '1996-11-03', 'Sandomigran', '1996-11-03', '1996-11-22', '2'), ('bbe1', 'Emicrania', '2001-01-21', 'Cafergot', '2001-01-21', null, '3'), ('bbe1', 'Febbre', '2003-06-11', 'Efferalgan', '2003-06-11', '2003-06-20', '4'), ('bbe1', 'Febbre', '2006-08-22', 'Zerinol', '2006-08-22', '2006-09-01', '3'), ('bbe1', 'Gastrite', '2011-02-05', 'Nexium', '2011-02-05', null, '3'), ('bbe1', 'Ipertensione', '2000-01-25', 'Aprovel', '2000-01-25', '2000-03-11', '1'), ('bbe1', 'Ipertensione', '2004-11-25', 'Aprovel', '2004-11-25', '2004-12-20', '5'), ('bbe1', 'Rinite', '1993-12-09', 'Nasonex', '1993-12-09', '1993-12-26', '4'), ('bbe1', 'Rinite', '1994-04-06', 'Protargolo', '1994-04-06', null, '1'), ('bbe1', 'Scompenso cardiaco', '2004-01-21', 'Olpress', '2004-01-21', '2004-01-23', '5'), ('bbe1', 'Scompenso cardiaco', '2008-12-24', 'Congescor', '2008-12-24', '2008-12-31', '4'), ('bbe1', 'Vomito', '1995-08-18', 'Plasil', '1995-08-18', '1995-09-07', '4'), ('bbe1', 'Vomito', '1998-08-11', 'Antivert', '1998-08-11', null, '1'), ('ccc2', 'Agitazione', '1996-06-09', 'Quait', '1996-06-09', '1996-06-18', '2'), ('ccc2', 'Agitazione', '2002-01-24', 'Trittico', '2002-01-24', '2002-02-02', '4'), ('ccc2', 'Febbre', '1994-01-04', 'Efferalgan', '1994-01-04', '1994-01-25', '1'), ('ccc2', 'Febbre', '2006-01-17', 'Aspirina', '2006-01-17', '2006-02-01', '4'), ('ccc2', 'Fibromialgia', '2001-07-31', 'Lyrica', '2001-07-31', '2001-09-09', '4'), ('ccc2', 'Fibromialgia', '2011-09-03', 'Lyrica', '2011-09-03', '2011-10-23', '1'), ('ccc2', 'Gastrite', '2004-04-30', 'Pantorc', '2004-04-30', '2004-06-24', '2'), ('ccc2', 'Gastrite', '2006-11-13', 'Pantorc', '2006-11-13', '2006-12-01', '4'), ('ccc2', 'Insonnia', '1999-10-10', 'Sonata', '1999-10-10', '1999-10-14', '5'), ('ccc2', 'Insonnia', '2010-06-08', 'Valium', '2010-06-08', '2010-06-30', '2'), ('ccc2', 'Ipertensione', '2000-10-25', 'Sectral', '2000-10-25', null, '3'), ('ccc2', 'Scompenso cardiaco', '1999-01-04', 'Cardura', '1999-01-04', '1999-01-31', '5'), ('ccc2', 'Vomito', '2002-10-21', 'Tigan', '2002-10-21', '2002-11-21', '3'), ('ccc2', 'Vomito', '2003-04-10', 'Peridon', '2003-04-10', null, '3'), ('ddd6', 'Agitazione', '1996-03-27', 'Quait', '1996-03-27', '1996-04-29', '1'), ('ddd6', 'Agitazione', '2004-08-18', 'Trittico', '2004-08-18', '2004-09-09', '2'), ('ddd6', 'Dolore', '1998-04-03', 'Oki', '1998-04-03', null, '3'), ('ddd6', 'Emicrania', '2001-12-19', 'Imigran', '2001-12-19', '2002-02-14', '3'), ('ddd6', 'Emicrania', '2010-12-18', 'Seglor', '2010-12-18', null, '3'), ('ddd6', 'Febbre', '2000-09-11', 'Efferalgan', '2000-09-11', '2000-09-13', '3'), ('ddd6', 'Febbre', '2005-08-11', 'Aspirina', '2005-08-11', null, '4'), ('ddd6', 'Fibromialgia', '1995-05-26', 'Lyrica', '1995-05-26', null, '3'), ('ddd6', 'Gastrite', '2002-07-26', 'Maalox', '2002-07-26', '2002-08-05', '4'), ('ddd6', 'Gastrite', '2008-08-21', 'Nexium', '2008-08-21', '2008-08-22', '5'), ('ddd6', 'Insonnia', '2011-10-08', 'Nenia', '2011-10-08', null, '5'), ('ddd6', 'Ipertensione', '2004-08-16', 'Lobivon', '2004-08-16', '2004-08-18', '2'), ('ddd6', 'Ipertensione', '2008-01-25', 'Lobivon', '2008-01-25', '2008-01-28', '1'), ('ddd6', 'Rinite', '1995-03-20', 'Flixonase', '1995-03-20', '1995-04-17', '3'), ('ddd6', 'Rinite', '2008-04-06', 'Protargolo', '2008-04-06', null, '4'), ('ddd6', 'Scompenso cardiaco', '1994-10-21', 'Micardis', '1994-10-21', '1994-11-22', '5'), ('ddd6', 'Scompenso cardiaco', '2012-06-11', 'Catapresan', '2012-06-11', '2012-06-17', '3'), ('eey9', 'Agitazione', '2002-10-24', 'Quait', '2002-10-24', '2002-11-24', '2'), ('eey9', 'Agitazione', '2011-11-27', 'Quait', '2011-11-27', '2012-01-20', '5'), ('eey9', 'Dolore', '2008-07-16', 'Aulin', '2008-07-16', '2008-09-12', '5'), ('eey9', 'Dolore', '2009-03-13', 'Oki', '2009-03-13', '2009-04-07', '5'), ('eey9', 'Emicrania', '1996-03-17', 'Cafergot', '1996-03-17', '1996-03-20', '4'), ('eey9', 'Emicrania', '1997-12-01', 'Sandomigran', '1997-12-01', '1997-12-21', '5'), ('eey9', 'Febbre', '1998-06-30', 'Zerinol', '1998-06-30', '1998-07-09', '3'), ('eey9', 'Febbre', '2003-11-02', 'Efferalgan', '2003-11-02', '2003-12-16', '1'), ('eey9', 'Gastrite', '1994-01-08', 'Peptazol', '1994-01-08', '1994-02-13', '2'), ('eey9', 'Gastrite', '2005-05-22', 'Maalox', '2005-05-22', null, '4'), ('eey9', 'Insonnia', '1993-11-20', 'Tavor', '1993-11-20', '1993-11-24', '5'), ('eey9', 'Insonnia', '2008-03-23', 'Tavor', '2008-03-23', null, '4'), ('eey9', 'Scompenso cardiaco', '1998-03-17', 'Congescor', '1998-03-17', null, '4'), ('eey9', 'Vomito', '1996-04-21', 'Peridon', '1996-04-21', '1996-05-31', '5'), ('eey9', 'Vomito', '1998-08-15', 'Antivert', '1998-08-15', null, '3'), ('erv4', 'Agitazione', '2007-06-22', 'Quait', '2007-06-22', '2007-08-16', '3'), ('erv4', 'Agitazione', '2008-06-07', 'Trittico', '2008-06-07', '2008-07-30', '1'), ('erv4', 'Dolore', '2010-11-04', 'Orudis', '2010-11-04', '2010-11-20', '1'), ('erv4', 'Emicrania', '1996-01-19', 'Cafergot', '1996-01-19', '1996-02-13', '2'), ('erv4', 'Emicrania', '2002-05-07', 'Relpax', '2002-05-07', null, '5'), ('erv4', 'Febbre', '2006-10-10', 'Tachipirina', '2006-10-10', null, '3'), ('erv4', 'Fibromialgia', '2001-01-05', 'Lyrica', '2001-01-05', '2001-01-24', '5'), ('erv4', 'Fibromialgia', '2004-12-20', 'Lyrica', '2004-12-20', '2005-02-14', '4'), ('erv4', 'Gastrite', '2008-06-01', 'Pantorc', '2008-06-01', '2008-11-30', '3'), ('erv4', 'Insonnia', '1996-05-10', 'EN', '1996-05-10', '1996-06-20', '2'), ('erv4', 'Insonnia', '2002-05-25', 'EN', '2002-05-25', '2002-07-02', '1'), ('erv4', 'Ipertensione', '1995-09-27', 'Triatec', '1995-09-27', '1995-11-07', '5'), ('erv4', 'Ipertensione', '2000-05-21', 'Aprovel', '2000-05-21', null, '1'), ('erv4', 'Rinite', '2002-01-28', 'Fluibron', '2002-01-28', '2002-02-24', '4'), ('erv4', 'Rinite', '2013-01-18', 'Prontinal', '2013-01-18', '2013-01-20', '2'), ('erv4', 'Scompenso cardiaco', '2011-08-31', 'Catapresan', '2011-08-31', null, '3'), ('erv4', 'Vomito', '1993-08-23', 'Trilafon', '1993-08-23', '1993-09-20', '3'), ('erv4', 'Vomito', '2005-03-16', 'Trilafon', '2005-03-16', '2005-04-08', '2'), ('ffq8', 'Dolore', '2001-11-30', 'Aspirina', '2001-11-30', null, '1'), ('ffq8', 'Emicrania', '2006-08-10', 'Imigran', '2006-08-10', '2006-08-23', '5'), ('ffq8', 'Febbre', '2007-03-26', 'Tachipirina', '2007-03-26', '2007-04-04', '2'), ('ffq8', 'Fibromialgia', '2004-11-16', 'Lyrica', '2004-11-16', null, '2'), ('ffq8', 'Insonnia', '1999-01-23', 'Valium', '1999-01-23', null, '2'), ('fqa8', 'Agitazione', '1994-03-08', 'Trittico', '1994-03-08', '1994-03-24', '4'), ('fqa8', 'Agitazione', '2006-05-26', 'Trittico', '2006-05-26', '2006-06-13', '5'), ('fqa8', 'Dolore', '2003-02-02', 'Oki', '2003-02-02', '2003-03-15', '1'), ('fqa8', 'Dolore', '2011-05-06', 'Orudis', '2011-05-06', '2011-07-04', '1'), ('fqa8', 'Emicrania', '2000-05-28', 'Cafergot', '2000-05-28', null, '4'), ('fqa8', 'Fibromialgia', '1998-10-28', 'Lyrica', '1998-10-28', null, '2'), ('fqa8', 'Gastrite', '2009-08-14', 'Nexium', '2009-08-14', null, '1'), ('fqa8', 'Insonnia', '2002-10-21', 'Sonata', '2002-10-21', '2002-11-06', '2'), ('fqa8', 'Insonnia', '2010-05-05', 'Tavor', '2010-05-05', '2010-10-10', '1'), ('fqa8', 'Insonnia', '2010-06-17', 'Tavor', '2010-06-17', '2010-07-30', '2'), ('fqa8', 'Rinite', '1997-02-25', 'Prontinal', '1997-02-25', null, '2'), ('fqa8', 'Scompenso cardiaco', '1999-08-11', 'Moduretic', '1999-08-11', null, '3'), ('fqa8', 'Vomito', '2011-02-02', 'Antivert', '2011-02-02', '2011-02-10', '3'), ('fqa8', 'Vomito', '2012-01-16', 'Trilafon', '2012-01-16', '2012-01-20', '1'), ('gox9', 'Agitazione', '2005-09-20', 'Quait', '2005-09-20', '2005-10-23', '2'), ('gox9', 'Agitazione', '2010-05-19', 'Trittico', '2010-05-19', '2010-07-10', '1'), ('gox9', 'Dolore', '1994-04-07', 'Orudis', '1994-04-07', '1994-04-24', '5'), ('gox9', 'Dolore', '2001-07-22', 'Aspirina', '2001-07-22', null, '3'), ('gox9', 'Emicrania', '1999-12-22', 'Seglor', '1999-12-22', '2000-01-27', '1'), ('gox9', 'Emicrania', '2002-03-20', 'Sandomigran', '2002-03-20', null, '2'), ('gox9', 'Febbre', '2008-04-15', 'Zerinol', '2008-04-15', '2008-05-09', '5'), ('gox9', 'Febbre', '2011-09-23', 'Efferalgan', '2011-09-23', null, '4'), ('gox9', 'Gastrite', '2001-11-19', 'Ranidil', '2001-11-19', '2001-12-05', '2'), ('gox9', 'Gastrite', '2012-05-15', 'Nexium', '2012-05-15', '2012-06-30', '2'), ('gox9', 'Insonnia', '1999-08-22', 'Tavor', '1999-08-22', '1999-10-17', '2'), ('gox9', 'Insonnia', '2007-03-23', 'Oniria', '2007-03-23', '2007-05-05', '1'), ('gox9', 'Ipertensione', '2003-03-03', 'Triatec', '2003-03-03', null, '1'), ('gox9', 'Rinite', '1994-01-06', 'Nasonex', '1994-01-06', '1994-02-27', '2'), ('gox9', 'Rinite', '1994-06-17', 'Nasonex', '1994-06-17', '1994-07-05', '3'), ('gox9', 'Scompenso cardiaco', '2006-10-20', 'Cardura', '2006-10-20', '2006-11-21', '4'), ('gox9', 'Scompenso cardiaco', '2009-11-10', 'Olpress', '2009-11-10', '2009-11-18', '3'), ('gox9', 'Vomito', '2006-10-24', 'Tigan', '2006-10-24', '2006-11-25', '4'), ('gox9', 'Vomito', '2010-01-05', 'Motilium', '2010-01-05', null, '5'), ('gwp5', 'Agitazione', '1993-10-29', 'Trittico', '1993-10-29', null, '1'), ('gwp5', 'Dolore', '1998-08-09', 'Aspirina', '1998-08-09', '1998-08-15', '4'), ('gwp5', 'Dolore', '2011-04-05', 'Oki', '2011-04-05', '2011-04-22', '2'), ('gwp5', 'Emicrania', '2003-09-11', 'Almotrex', '2003-09-11', '2003-09-15', '5'), ('gwp5', 'Emicrania', '2004-01-14', 'Seglor', '2004-01-14', '2004-01-19', '3'), ('gwp5', 'Febbre', '1994-11-30', 'Efferalgan', '1994-11-30', '1995-01-03', '4'), ('gwp5', 'Febbre', '2009-04-20', 'Efferalgan', '2009-04-20', '2009-05-12', '1'), ('gwp5', 'Fibromialgia', '1999-09-22', 'Lyrica', '1999-09-22', null, '2'), ('gwp5', 'Insonnia', '2001-05-23', 'Valium', '2001-05-23', null, '1'), ('gwp5', 'Ipertensione', '2007-03-21', 'Lobivon', '2007-03-21', null, '5'), ('gwp5', 'Rinite', '2010-03-05', 'Flixonase', '2010-03-05', '2010-07-01', '3'), ('gwp5', 'Scompenso cardiaco', '2003-09-24', 'Congescor', '2003-09-24', null, '1'), ('gwp5', 'Vomito', '2009-01-25', 'Trilafon', '2009-01-25', '2009-03-17', '3'), ('gwp5', 'Vomito', '2012-10-07', 'Trilafon', '2012-10-07', '2012-12-03', '4'), ('hho1', 'Agitazione', '1998-04-28', 'Quait', '1998-04-28', '1998-06-25', '3'), ('hho1', 'Agitazione', '2001-01-22', 'Quait', '2001-01-22', '2001-03-20', '3'), ('hho1', 'Dolore', '1995-10-02', 'Oki', '1995-10-02', '1995-11-01', '1'), ('hho1', 'Dolore', '1996-08-31', 'Nimesulide Dorom', '1996-08-31', '1996-09-20', '3'), ('hho1', 'Emicrania', '1994-04-13', 'Cafergot', '1994-04-13', '1994-05-02', '1'), ('hho1', 'Emicrania', '2007-03-28', 'Almotrex', '2007-03-28', '2007-03-28', '2'), ('hho1', 'Febbre', '2008-03-23', 'Efferalgan', '2008-03-23', '2008-04-10', '5'), ('hho1', 'Febbre', '2010-01-25', 'Efferalgan', '2010-01-25', '2010-02-20', '3'), ('hho1', 'Fibromialgia', '2006-04-23', 'Lyrica', '2006-04-23', null, '5'), ('hho1', 'Gastrite', '2008-12-24', 'Pantorc', '2008-12-24', null, '4'), ('hho1', 'Gastrite', '2011-08-02', 'Gaviscon', '2011-08-02', '2011-08-20', '2'), ('hho1', 'Otite', '2013-05-13', 'Exocin', '2013-05-13', '2013-06-15', '3'), ('hho1', 'Reflusso gastroesofageo', '2010-09-13', 'Gaviscon', '2010-09-13', '2010-09-30', '1'), ('hho1', 'Scompenso cardiaco', '1993-08-18', 'Congescor', '1993-08-18', '1993-09-27', '2'), ('hho1', 'Scompenso cardiaco', '2001-07-31', 'Olpress', '2001-07-31', '2001-08-17', '4'), ('hho1', 'Vomito', '1997-10-13', 'Tigan', '1997-10-13', null, '3'), ('kkw1', 'Agitazione', '2009-04-11', 'Trittico', '2009-04-11', '2009-04-28', '1'), ('kkw1', 'Agitazione', '2010-06-11', 'Trittico', '2010-06-11', '2010-06-24', '3'), ('kkw1', 'Dolore', '1998-09-02', 'Nimesulide Dorom', '1998-09-02', '1998-09-26', '2'), ('kkw1', 'Dolore', '2011-10-31', 'Efferalgan', '2011-10-31', null, '3'), ('kkw1', 'Febbre', '2001-05-18', 'Efferalgan', '2001-05-18', '2001-06-10', '5'), ('kkw1', 'Febbre', '2012-02-12', 'Aspirina', '2012-02-12', '2012-03-02', '5'), ('kkw1', 'Influenza', '2013-03-18', 'Actifed', '2013-03-18', '2013-03-22', '1'), ('kkw1', 'Influenza', '2014-01-20', 'Actifed', '2014-01-26', '2014-02-05', '1'), ('kkw1', 'Influenza', '2014-01-20', 'Tachipirina', '2014-01-20', '2014-01-25', '1'), ('kkw1', 'Ipertensione', '2002-12-22', 'Lobivon', '2002-12-22', null, '5'), ('kkw1', 'Rinite', '1995-10-17', 'Nasonex', '1995-10-17', null, '5'), ('kkw1', 'Scompenso cardiaco', '1998-08-12', 'Lasix', '1998-08-12', null, '2'), ('kkw1', 'Vomito', '1998-06-21', 'Erion', '1998-06-21', '1998-06-30', '4'), ('kkw1', 'Vomito', '2010-09-12', 'Trilafon', '2010-09-12', '2010-09-20', '3'), ('kqp6', 'Agitazione', '2010-12-05', 'Quait', '2010-12-05', null, '4'), ('kqp6', 'Dolore', '2007-06-24', 'Oki', '2007-06-24', '2007-08-15', '1'), ('kqp6', 'Dolore', '2012-02-25', 'Aulin', '2012-02-25', '2012-03-20', '1'), ('kqp6', 'Emicrania', '1993-06-25', 'Cafergot', '1993-06-25', null, '3'), ('kqp6', 'Febbre', '1995-06-30', 'Zerinol', '1995-06-30', null, '3'), ('kqp6', 'Fibromialgia', '1998-10-01', 'Lyrica', '1998-10-01', '1998-10-11', '5'), ('kqp6', 'Fibromialgia', '2003-09-06', 'Lyrica', '2003-09-06', null, '1'), ('kqp6', 'Gastrite', '1998-05-01', 'Ranidil', '1998-05-01', '1998-06-26', '1'), ('kqp6', 'Gastrite', '2012-05-19', 'Ranidil', '2012-05-19', '2012-05-31', '4'), ('kqp6', 'Ipertensione', '2011-01-15', 'Lobivon', '2011-01-15', '2011-02-27', '4'), ('kqp6', 'Ipertensione', '2011-05-14', 'Lobivon', '2011-05-14', '2011-06-10', '4'), ('kqp6', 'Rinite', '1999-11-27', 'Flixonase', '1999-11-27', null, '3'), ('kqp6', 'Vomito', '1994-06-24', 'Plasil', '1994-06-24', '1994-07-23', '2'), ('kqp6', 'Vomito', '2002-04-16', 'Plasil', '2002-04-16', '2002-04-26', '1'), ('psq9', 'Agitazione', '1994-12-07', 'Quait', '1994-12-07', '1994-12-21', '4'), ('psq9', 'Emicrania', '1999-08-05', 'Imigran', '1999-08-05', '1999-10-01', '5'), ('psq9', 'Emicrania', '2011-01-05', 'Seglor', '2011-01-05', '2011-02-23', '2'), ('psq9', 'Febbre', '1997-01-02', 'Efferalgan', '1997-01-02', '1997-02-07', '3'), ('psq9', 'Febbre', '2011-07-29', 'Aspirina', '2011-07-29', '2011-09-02', '3'), ('psq9', 'Fibromialgia', '2005-01-03', 'Lyrica', '2005-01-03', '2005-03-03', '1'), ('psq9', 'Fibromialgia', '2007-03-14', 'Lyrica', '2007-03-14', null, '2'), ('psq9', 'Gastrite', '2004-01-09', 'Lansox', '2004-01-09', '2004-01-16', '3'), ('psq9', 'Gastrite', '2012-12-30', 'Peptazol', '2012-12-30', '2013-01-23', '4'), ('psq9', 'Insonnia', '2001-11-28', 'Tavor', '2001-11-28', '2002-01-01', '1'), ('psq9', 'Insonnia', '2002-09-01', 'Tavor', '2002-09-01', '2002-10-04', '1'), ('psq9', 'Ipertensione', '1997-07-15', 'Sectral', '1997-07-15', '1997-08-29', '3'), ('psq9', 'Ipertensione', '2000-09-23', 'Lobivon', '2000-09-23', null, '2'), ('psq9', 'Reflusso gastroesofageo', '2007-05-24', 'Gaviscon', '2007-05-24', '2007-05-31', '2'), ('psq9', 'Reflusso gastroesofageo', '2008-11-11', 'Gaviscon', '2008-11-11', '2008-11-30', '2'), ('psq9', 'Sciatica', '2013-01-20', 'Muscoril', '2013-02-01', '2013-02-15', '1'), ('psq9', 'Sciatica', '2013-01-20', 'Voltaren', '2013-01-21', '2013-01-30', '1'), ('psq9', 'Vomito', '2007-01-05', 'Peridon', '2007-01-05', '2007-01-11', '2'), ('rye7', 'Otite', '2013-04-01', 'Exocin', '2013-04-01', '2013-04-21', '4'), ('slq6', 'Acufene', '2013-02-10', 'Noritren', '2013-02-10', '2013-03-10', '2'), ('slq6', 'Agitazione', '1999-07-27', 'Quait', '1999-07-27', null, '5'), ('slq6', 'Contrattura', '2015-01-07', 'Oki', '2015-01-07', '2015-01-10', '1'), ('slq6', 'Dermatite atopica', '2011-01-15', 'Gentalyn Beta', '2011-01-07', '2011-01-20', '1'), ('slq6', 'Dermatite atopica', '2013-03-05', 'Gentalyn Beta', '2013-03-06', '2013-03-20', '1'), ('slq6', 'Dermatite atopica', '2013-03-05', 'Gentalyn Beta', '2013-05-14', '2013-06-28', '1'), ('slq6', 'Emicrania', '2012-09-02', 'Almotrex', '2012-09-02', null, '3'), ('slq6', 'Febbre', '1998-09-27', 'Tachipirina', '1998-09-27', '1998-10-08', '2'), ('slq6', 'Febbre', '2011-05-21', 'Zerinol', '2011-05-21', null, '4'), ('slq6', 'Fibromialgia', '2004-11-30', 'Lyrica', '2004-11-30', null, '2'), ('slq6', 'Insonnia', '2004-12-09', 'Oniria', '2004-12-09', null, '1'), ('slq6', 'Ipertensione', '2003-06-21', 'Triatec', '2003-06-21', '2003-08-10', '4'), ('slq6', 'Ipertensione', '2010-11-20', 'Triatec', '2010-11-20', null, '2'), ('slq6', 'Reflusso gastroesofageo', '2005-06-22', 'Gaviscon', '2005-06-22', '2005-07-03', '2'), ('slq6', 'Rinite', '2000-02-14', 'Prontinal', '2000-02-14', '2000-03-09', '3'), ('slq6', 'Rinite', '2000-12-08', 'Flixonase', '2000-12-08', '2000-12-23', '5'), ('slq6', 'Scompenso cardiaco', '1996-10-01', 'Lasix', '1996-10-01', null, '1'), ('slq6', 'Strappo', '2014-10-15', 'Aulin', '2014-10-15', '2014-10-18', '2'), ('ttw2', 'Agitazione', '2002-02-21', 'Quait', '2002-02-21', '2002-04-15', '4'), ('ttw2', 'Agitazione', '2012-09-10', 'Trittico', '2012-09-10', null, '2'), ('ttw2', 'Dolore', '2001-01-13', 'Aspirina', '2001-01-13', null, '4'), ('ttw2', 'Emicrania', '1995-10-19', 'Seglor', '1995-10-19', '1995-11-11', '5'), ('ttw2', 'Febbre', '1997-11-03', 'Efferalgan', '1997-11-03', '1997-11-30', '4'), ('ttw2', 'Fibromialgia', '2012-01-03', 'Lyrica', '2012-01-03', null, '4'), ('ttw2', 'Gastrite', '1994-12-03', 'Gaviscon', '1994-12-03', '1994-12-26', '2'), ('ttw2', 'Gastrite', '1995-01-15', 'Peptazol', '1995-01-15', null, '5'), ('ttw2', 'Insonnia', '2004-02-10', 'EN', '2004-02-10', '2004-02-15', '2'), ('ttw2', 'Ipertensione', '1998-12-14', 'Inderal', '1998-12-14', '1999-02-05', '4'), ('ttw2', 'Ipertensione', '2008-03-09', 'Aprovel', '2008-03-09', '2008-04-28', '2'), ('ttw2', 'Ipertensione', '2009-04-06', 'Lobivon', '2009-04-06', '2009-06-01', '1'), ('ttw2', 'Reflusso gastroesofageo', '2008-01-15', 'Gaviscon', '2008-01-15', '2008-02-10', '1'), ('ttw2', 'Reflusso gastroesofageo', '2009-10-20', 'Gaviscon', '2009-10-20', '2009-11-10', '3'), ('ttw2', 'Rinite', '1999-02-23', 'Protargolo', '1999-02-23', '1999-03-21', '5'), ('ttw2', 'Rinite', '2000-11-17', 'Fluibron', '2000-11-17', null, '1'), ('uiw1', 'Febbre', '1995-07-10', 'Zerinol', '1995-07-10', '1995-07-11', '5'), ('uiw1', 'Febbre', '2012-04-14', 'Tachipirina', '2012-04-14', '2012-06-06', '2'), ('uiw1', 'Labirintite', '2012-05-20', 'Augmentin', '2012-05-21', '2012-05-30', '2'), ('uiw1', 'Labirintite', '2012-05-20', 'Augmentin', '2012-06-02', '2012-06-17', '2'), ('uiw1', 'Labirintite', '2012-05-20', 'Augmentin', '2012-06-20', '2012-06-30', '2'), ('uiw1', 'Scompenso cardiaco', '1994-10-06', 'Catapresan', '1994-10-06', null, '3'), ('uiw1', 'Vomito', '2004-11-25', 'Antivert', '2004-11-25', '2004-11-27', '1'), ('uiw1', 'Vomito', '2006-03-25', 'Plasil', '2006-03-25', '2006-05-18', '5'), ('wsq3', 'Dolore neuropatico', '1999-03-05', 'Lyrica', '1999-03-05', null, '1');
COMMIT;


