<deck name="Fondamenti di Automatica" tags='Ingegneria Informatica'><fields><text name='Front' sides='11'></text><tex name='equation front' sides='10'></tex><tex name='Equation' sides='01'></tex><text name='answear' sides='01'></text><img name='Image' sides='01'></img></fields><cards><card><text name='Front'>Risposta Libera di sistemi del secondo grado</text><tex name='Equation'>\begin{matrix}
\text{Bode:} \quad G(s)=\frac{G(0)}{1+2 \cdot \xi \cdot\frac{s}{w_0}+\frac{s^2}{w_0^2}} \\
\text{Evans:} \quad G(s)=\frac{G(0) \cdot w_0^2}{s^2+2\cdot \xi \cdot w_0 \cdot s+w_0^2}
\end{matrix}</tex><text name='answear'></text><img name='Image'></img></card><card><text name='Front'>Primo Teorema di Routh</text><tex name='equation front'></tex><tex name='Equation'></tex><text name='answear'>Condizione necessaria e sufficiente perché tutte le radici dell'equazione caratteristica abbiano parte reale negativa è che tutti gli elementi della prima colonna della tabella di Routh siano positivi e non zero.</text><img name='Image'></img></card><card><text name='Front'>Quale è la relazione tra i poli della funziona di trasferimento di un sistema e gli autovalori della Matrice A del sistema?</text><tex name='Equation'></tex><text name='answear'>I poli della F.d.T. del sistema sono un sottoinsieme degli autovalori della matrice A, in particolare per ogni funzione di trasferimento g_{i,j}(s), i suoi poli sono tutti e soli i poli raggiungibili da u_i e osservabili da y_j</text><img name='Image'></img></card><card><text name='Front'>Tempo di Assestamento a Delta%</text><tex name='equation front'></tex><tex name='Equation'>t_{ass}=\frac{-\ln(\frac{\pm \Delta \%}{100})}{\xi w_n}</tex><text name='answear'></text><img name='Image'></img></card><card><text name='Front'>Metodo dell'equazione ausiliara per La tabella di Routh (soluzione a riga di tutti zeri)</text><tex name='equation front'></tex><tex name='Equation'></tex><text name='answear'>1. Considero la riga precedente
2. costruisco la sua equazione (prendo solo esponenti pari o dispari a seconda del grado della riga)
3. ne trovo le radici, queste sono le radici del sistema sulle quali la tabella non mi ha dato informazioni
Se trovo radici complesse il sistema oscilla ad una pulsazione w pari alla parte immaginaria della radice.</text><img name='Image'></img></card><card><text name='Front'>Calcolo della G(s) associata ad un sistema in forma di variabili di stato</text><tex name='equation front'></tex><tex name='Equation'>G(s)=C \cdot (s \cdot I-A)^{-1} \cdot B+D</tex><text name='answear'></text><img name='Image'></img></card><card><text name='Front'>Algebra dei Blocchi: Connessione in Serie</text><tex name='Equation'>\begin{matrix}
G(s)=\prod_i G_i(s) =\frac{n_1(s) \cdot n_2(s)}{d_1(s) \cdot d_2(s)}\\
Y(s)=G(s) \cdot E(s)
\end{matrix}</tex><text name='answear'></text><img name='Image'></img></card><card><text name='Front'>Stabilità Asintotica secondo Lyapunov</text><tex name='Equation'></tex><text name='answear'>Un sistema si dice asintoticamente stabile se a partire da piccole variazioni dello stato iniziale ottengo piccole variazioni del movimento dello stato, che si annullano eventualmente per tempi abbastanza lunghi</text><img name='Image'></img></card><card><text name='Front'>Criterio di Stabilità di Routh</text><tex name='equation front'></tex><tex name='Equation'>\begin{matrix}
\text{data una generica equazione caratteristica:} \\
a_n \cdot s^n+a_{n-1} \cdot s^{n-1}+...+a_1 \cdot s^1+a_0=0
\\ \\
\text{Tabella di Routh} \\
\begin{array} {c|cc}
n & a_n & a_{n-2} & a_{n-4} & ... \\
n-1 & a_{n-1} & a_{n-3} & a_{n-5} & ... \\
n-2 & \gamma_{3,1} & \gamma_{3,2} & \gamma_{3,3} & ... \\
n-3 & \gamma_{4,1} & \gamma_{4,2} & ... \\
... & ... & ... \\
0 & \gamma_{n+1,1}
\end{array}
\\ \\
\text{con} \quad 
\gamma_{i,j}=\frac{-
\begin{vmatrix} \gamma_{i-2,1}  & \gamma_{i-2,j+1} \\
\gamma_{i-1,1}  & \gamma_{i-1,j+1}
\end{vmatrix}
}{\gamma_{i-1,1}}
\end{matrix}</tex><text name='answear'>Il sistema associato è stabile se tutti gli n+1 elementi della prima colonna della tabella di Routh hanno lo stesso segno.</text><img name='Image'></img></card><card><text name='Front'>Definizione di Osservabilità</text><tex name='Equation'></tex><text name='answear'>Il sistema è osservabile se, per ogni stato iniziale x(0), è possibile determinare in modo univoco x(0) osservando l’uscita y(t) su un intervallo di tempo finito [0, T].</text><img name='Image'></img></card><card><text name='Front'>Scomposizione Canonica</text><tex name='equation front'></tex><tex name='Equation'>\begin{matrix}
\hat{x}=\begin{bmatrix}
\hat{x}_a\\\hat{x}_b\\ \hat{x}_c\\\hat{x}_d
\end{bmatrix}
& \hat{A}=\begin{bmatrix}
\hat{A}_a & \hat{A}_{ab}  & \hat{A}_{ac} & \hat{ A}_{ad} \\ 0  & \hat{ A}_b &  0  &  \hat{ A}_{bd} \\ 0  & 0 & \hat{A}_c & \hat{A}_{cd}\\0 & 0 & 0 & \hat{A}_d
\end{bmatrix}
 & \hat{B}=\begin{bmatrix}
\hat{B}_a\\ \hat{B}_b\\0\\0
\end{bmatrix} & \hat{C}=\begin{bmatrix}
0 & \hat{C}_b & 0 & \hat{C}_d
\end{bmatrix}
\end{matrix}</tex><text name='answear'>gli elementi non nulli di $\hat{B}$ sono le parti raggiungibili, quelli non nulli di $\hat{C}$ sono le parti osservabili.
Troviamo quindi:
- $\hat{x}_a$: raggiungibile e non osservabile
- $\hat{x}_b$: raggiungibile e osservabile
- $\hat{x}_c$: non raggiungibile e non osservabile
- $\hat{x}_d$: non raggiungibile e osservabile</text><img name='Image'></img></card><card><text name='Front'>Quando un sistema è completamente Controllabile?</text><tex name='Equation'>M_C=\begin{bmatrix}B | AB | A^2B | ecc \end{bmatrix}</tex><text name='answear'>Un sistema è completamente Controllabile se il rango della Matrice di Controllabilità è massimo.</text><img name='Image'></img></card><card><text name='Front'>Definizione di Stabilità Interna</text><tex name='Equation'></tex><text name='answear'>Un sistema è internamente stabile se tutti i poli del sistema in retroazione chiusa si trovano nel semipiano sinistro del piano complesso (cioè hanno parte reale negativa), e non ci sono poli sull’asse immaginario o nel semipiano destro.

Ovvero sia l'uscita sia tutti i segnali interni del sistema sono limitati.</text><img name='Image'></img></card><card><text name='Front'>Definizione di Raggiungibilità</text><tex name='Equation'></tex><text name='answear'>Il sistema è raggiungibile (o completamente raggiungibile) se esiste un segnale di controllo u(t) che può portare lo stato x(t) da qualsiasi stato iniziale x(0) = 0 a qualsiasi stato finale x(T) in tempo finito T > 0.</text><img name='Image'></img></card><card><text name='Front'>Quali sono normalmente considerati "buoni" margini di fase e di guadagno?</text><tex name='Equation'></tex><text name='answear'>Margine di Fase >= 45 gradi
Margine di Guadagno >= 4 oppure 6 dB</text><img name='Image'></img></card><card><text name='Front'>Secondo Teorema di Routh</text><tex name='equation front'></tex><tex name='Equation'></tex><text name='answear'>Se qualche elemento della prima colonna della tabella di Routh è negativo, il numero di radici con parte reale positiva è uguale al numero di cambi di segno dei coefficienti della prima colonna.</text><img name='Image'></img></card><card><text name='Front'>Criterio di Nyquist</text><tex name='Equation'></tex><text name='answear'>Un sistema a retroazione unitaria è stabile se il numero di avvolgimenti in senso antiorario del diagramma di Nyquist attorno al punto (-1  ;  0) è uguale al numero di poli a parte reale positiva del sistema in anello aperto L(s)=C(s)*G(s).</text><img name='Image'></img></card><card><text name='Front'>Parametri Caratterstici: Tempo di Risposta</text><tex name='equation front'></tex><tex name='Equation'>t_r=\frac{2\cdot \frac{valorepercentuale}{100}}{w_n}</tex><text name='answear'></text><img name='Image'></img></card><card><text name='Front'>Algebra dei blocchi: legame Y(s)-R(s) in Connessione in retroazione</text><tex name='Equation'>\begin{matrix}
Y(s)=\frac{C(s) \cdot G(s)}{1+C(s) \cdot G(S)}\cdot R(s)
\end{matrix}</tex><text name='answear'></text><img name='Image'></img></card><card><text name='Front'>Cosa vogliono dire LTI, SISO, MIMO</text><tex name='Equation'></tex><text name='answear'>LTI = sistema lineare tempo invariante
SISO = single input single output
MIMO = multiple input multiple output</text><img name='Image'></img></card><card><text name='Front'>A cosa servono i margini di fase e di guadagno</text><tex name='Equation'></tex><text name='answear'>I margini di Fase e di Guadagno, studiata su una L(s) in anello aperto, determinano, se positivi, la stabilità dello stesso sistema in catena chiusa.
"Misurano" la distanza dal punto (-1 ; 0) nel piano di Gauss.</text><img name='Image'></img></card><card><text name='Front'>Risposta al Gradino di Sistemi del Secondo Grado</text><tex name='Equation'>y(t)=G(0)\cdot[1-e^{- \xi w_0 t}(\cos(\underbrace{\sqrt{1-\xi^2}\cdot w_0}_\text{Pulsazione} \cdot t)+\frac{\xi}{\sqrt{1-\xi^2}}\sin(\underbrace{\sqrt{1-\xi^2} \cdot w_0}_\text{Pulsazione} \cdot t))] \cdot 1(t)</tex><text name='answear'></text><img name='Image'></img></card><card><text name='Front'>Cosa è il tempo di ritardo t_d</text><tex name='equation front'></tex><tex name='Equation'></tex><text name='answear'>il tempo necessario a raggiungere il 50% del guadagno statico</text><img name='Image'></img></card><card><text name='Front'>Definizione di Stabilità BIBO</text><tex name='Equation'></tex><text name='answear'>Un sistema si dice BIBO stabile (bounded input - bounded output) se per ogni ingresso limitato si ha un'uscita limitata.</text><img name='Image'></img></card><card><text name='Front'>Lemma PBH per l'osservabilità</text><tex name='Equation'>\text{Un sistema si dice completamente osservabile se e solo se:} \\ rank \begin{bmatrix}
\lambda \cdot Id-A \\C
\end{bmatrix}=n, \quad \forall \lambda\in C
</tex><text name='answear'></text><img name='Image'></img></card><card><text name='Front'>Forma Canonica di Controllo per sistemi SISO</text><tex name='equation front'></tex><tex name='Equation'>\begin{matrix}
\text{Risolvo un sistema fisico e ottengo una equazione differenziale monica:} \\
x^{(n)}+a_{n-1}\cdot x^{(n-1)}+...+a_1\cdot x^{(1)}+a_0\cdot x + b\cdot u=0
\\
\text{Ridefinisco le variabili di Stato come segue:}
\\
x_n^{(1)}=x^{(n)}=-a_{n-1} \cdot x_n-...-a_0 \cdot x_1 - b \cdot u
\\ \\
\text{Calcolo il Vettore} \ \dot x \quad:
\\
\begin{matrix}
\dot{x}=\begin{bmatrix}
x_1^{(1)} \\ x_2^{(1)}\\...\\x_n^{(1)}
\end{bmatrix} =\begin{bmatrix}
x_2\\x_3\\...\\ \small {-a_{n-1} \cdot x_n-...-a_0 \cdot x_1-b \cdot u}
\end{bmatrix}\\ \\
\text{Forma Canonica di Controllo:} \\

\dot{x}=\begin{bmatrix}
0 & 1 & ... & 0 \\0 & 0 & ... & 0 \\0 & 0 & ... & 1\\-a_0 & -a_1 & ... & -a_{n-1}
\end{bmatrix} \cdot \begin{bmatrix}
x_1\\x_2\\...\\x_n
\end{bmatrix} + \begin{bmatrix}
0\\...\\0\\1
\end{bmatrix} \cdot u \\
y=\begin{bmatrix}
b_0- a_0b & b_1-a_1b & ... & b_{n-1}-a_{n-1}b
\end{bmatrix}\cdot \begin{bmatrix}
x_1 \\x_2\\...\\x_n
\end{bmatrix}+b \cdot u
\end{matrix}
\end{matrix}</tex><text name='answear'></text><img name='Image'></img></card><card><text name='Front'>Quando un sistema è completamente Osservabile? </text><tex name='Equation'>M_O=\begin{bmatrix} C \\ CA \\ CA^2 \\ ecc\end{bmatrix}</tex><text name='answear'>Un sistema è completamente osservabile se il rango della matrice di osservabilità è massimo</text><img name='Image'></img></card><card><text name='Front'>Errore a Gradino di una funzione di tipo 0</text><tex name='equation front'></tex><tex name='Equation'>\epsilon = \frac{1}{1+k}</tex><text name='answear'></text><img name='Image'></img></card><card><text name='Front'>Primo Teorema di Routh</text><tex name='Equation'></tex><text name='answear'>Condizione necessaria e sufficiente perché tutte le radici dell'equazione caratteristica abbiano parte reale negativa è che tutti gli elementi della prima colonna della tabella di Routh siano positivi e non zero.</text><img name='Image'></img></card><card><text name='Front'>Secondo teorema di Routh</text><tex name='Equation'></tex><text name='answear'>Se qualche elemento della prima colonna della tabella di Routh è negativo, il numero di radici con parte reale positiva è uguale al numero di cambi di segno dei coefficienti della prima colonna.</text><img name='Image'></img></card><card><text name='Front'>Overshoot in percentuale</text><tex name='equation front'></tex><tex name='Equation'>s\%=100e^{\frac{-\xi \pi}{\sqrt{1-\xi^2}}}</tex><text name='answear'></text><img name='Image'></img></card><card><text name='Front'>Cosa fare quando calcolando la tabella di Routh otteniamo un termine pivot nullo</text><tex name='equation front'></tex><tex name='Equation'></tex><text name='answear'>Quando otteniamo un termine pivot nullo abbiamo due possibilità: trasliamo la relativa riga a sinistra oppure inseriamo al posto dello zero un epsilon, un numero quasi zero (a fine calcoli per determinare il segno facciamo il limite di epsilon che tende a 0+).</text><img name='Image'></img></card><card><text name='Front'>Quali sono i modi della seguente matrice?</text><tex name='equation front'>A= \begin{bmatrix} -7 &0&0\\0&3&1\\0&-1&3\end{bmatrix}</tex><tex name='Equation'>\begin{matrix}
\text{Modi:} \\
e^{-7t} \\
e^{3t}\sin(t) \\
e^{3t}\cos(t)
\end{matrix}</tex><text name='answear'></text><img name='Image'></img></card><card><text name='Front'>Parametri Caratterstici: Tempo di massima elongazione (tempo di overshoot)</text><tex name='equation front'></tex><tex name='Equation'>t_{max}=\frac{\pi}{w_n \sqrt{1- \xi ^2}}</tex><text name='answear'></text><img name='Image'></img></card><card><text name='Front'>Quando un sistema è in Forma Minima?</text><tex name='equation front'></tex><tex name='Equation'></tex><text name='answear'>Un sistema completamente osservabile e raggiungibile è detto in forma minima.

Questo in quanto non è possibile usare un numero di variabili di stato minore del suo ordine per descrivere la relazione ingresso-uscita.

Le parti non raggiungibili e/o non osservabili sono inutili ai fini dello studio del movimento forzato.</text><img name='Image'></img></card><card><text name='Front'>Algebra dei Blocchi: Connessione in parallelo</text><tex name='Equation'>\begin{matrix}
G(s)=\sum_iG_i(s)=\frac{n_1 \cdot d_2 + n_2 \cdot d_1}{d_1 \cdot d_2}\\
Y(s)=G(s)\cdot R(s)
\end{matrix}</tex><text name='answear'></text><img name='Image'></img></card><card><text name='Front'>Parametri Caratteristici: Periodo di Oscillazione</text><tex name='equation front'></tex><tex name='Equation'>T_P=\frac{2 \pi}{w_n \sqrt{1- \xi^2}}</tex><text name='answear'></text><img name='Image'></img></card><card><text name='Front'>Metodo della derivata per la Tabella di Routh (soluzione a riga di tutti zeri)</text><tex name='equation front'></tex><tex name='Equation'></tex><text name='answear'>1. Scrivo l'equazione ausiliaria q(s) della riga precedente
2. derivo q(s) in s
3. sostituisco il polinomio ottenuto nella riga di soli zeri</text><img name='Image'></img></card><card><text name='Front'>Quando posso ottenere una riga di tutti zeri nella tabella di Routh?</text><tex name='equation front'></tex><tex name='Equation'></tex><text name='answear'>Solo i casi di simmetria quadrantale portano a righe di tutti zeri.</text><img name='Image'></img></card><card><text name='Front'>Lemma PBH per la raggiungibilità</text><tex name='Equation'>\text{Un sistema si dice raggiungibile se e solo se:}\\ rank[(\lambda \cdot Id-A)\ |\ B]=n, \quad\forall\lambda\in C</tex><text name='answear'></text><img name='Image'></img></card></cards></deck>