{
	"t-bio": {
		"*": {
			"non_media": [],
			"da_togliere": [
				"PROVA FINALE"
			]
		}
	},
	"t-ele": {
		"*": {
			"non_media": [],
			"da_togliere": [
				"PROVA FINALE"
			]
		}
	},
	"t-inf": {
		"*": {
			"non_media": [
				"PROVA DI LINGUA INGLESE (B1)",
				"PROVA DI LINGUA INGLESE",
				"PROVA DI LINGUA INGLESE B2",
				"TIROCINIO"
			],
			"da_togliere": [
				"PROVA FINALE",
				"LIBERA SCELTA PER RICONOSCIMENTI",
				"TEST DI VALUTAZIONE DI INGEGNERIA"
			]
		},
		"123456": {
			"non_media": [
				"ESEMPIO"
			],
			"da_togliere": []	
		}
	},
	"t-tel": {
		"*": {
			"non_media": [],
			"da_togliere": [
				"PROVA FINALE"
			]
		}
	},
	"m-bio": {
		"*": {
			"non_media": [],
			"da_togliere": [
				"PROVA FINALE"
			]
		}
	},
	"m-ele": {
		"*": {
			"non_media": [],
			"da_togliere": [
				"PROVA FINALE"
			]
		}
	},
	"m-coe": {
		"*": {
			"non_media": [],
			"da_togliere": [
				"PROVA FINALE"
			]
		}
	},
	"m-aid": {
		"*": {
			"non_media": [],
			"da_togliere": [
				"PROVA FINALE"
			]
		}
	},
	"m-rob": {
		"*": {
			"non_media": [],
			"da_togliere": [
				"PROVA FINALE"
			]
		}
	},
	"m-tel": {
		"*": {
			"non_media": [],
			"da_togliere": [
				"PROVA FINALE"
			]
		}
	},
	"m-cyb": {
		"*": {
			"non_media": [
				"TESI"
			],
			"da_togliere": [
				"PROVA FINALE"
			]
		}
	}
}