insert into Tipologia (NomeTipologia) values ('Auditorium');
insert into Tipologia (NomeTipologia) values ('Benessere');
insert into Tipologia (NomeTipologia) values ('CentroCommerciale');
insert into Tipologia (NomeTipologia) values ('Cinema');
insert into Tipologia (NomeTipologia) values ('Condominio');
insert into Tipologia (NomeTipologia) values ('Fabbrica');
insert into Tipologia (NomeTipologia) values ('Familiare');
insert into Tipologia (NomeTipologia) values ('Magazzino');
insert into Tipologia (NomeTipologia) values ('Museo');
insert into Tipologia (NomeTipologia) values ('Negozio');
insert into Tipologia (NomeTipologia) values ('Ristorazione');
insert into Tipologia (NomeTipologia) values ('Sanitario');
insert into Tipologia (NomeTipologia) values ('Scolastico');
insert into Tipologia (NomeTipologia) values ('Supermercato');
insert into Tipologia (NomeTipologia) values ('Teatro');
insert into Tipologia (NomeTipologia) values ('Ufficio');

insert into AreaGeografica (ID, Citta, Tipo, Superficie, CoordinataXCentroGeografico, CoordinataYCentroGeografico) values ('484972', 'Pratofiorito', 'Montagna', 189, -64, 94);
insert into AreaGeografica (ID, Citta, Tipo, Superficie, CoordinataXCentroGeografico, CoordinataYCentroGeografico) values ('837047', 'Fioreviola', 'Mare', 140, 2, 22);
insert into AreaGeografica (ID, Citta, Tipo, Superficie, CoordinataXCentroGeografico, CoordinataYCentroGeografico) values ('932272', 'Terradisiena', 'Montagna', 184, 71, 79);
insert into AreaGeografica (ID, Citta, Tipo, Superficie, CoordinataXCentroGeografico, CoordinataYCentroGeografico) values ('378005', 'Torrependente', 'Collina', 148, -6, 18);
insert into AreaGeografica (ID, Citta, Tipo, Superficie, CoordinataXCentroGeografico, CoordinataYCentroGeografico) values ('847804', 'Piccoleto', 'Mare', 172, -43, -10);
insert into AreaGeografica (ID, Citta, Tipo, Superficie, CoordinataXCentroGeografico, CoordinataYCentroGeografico) values ('980821', 'Lavandonia', 'Montagna', 127, 2, -67);
insert into AreaGeografica (ID, Citta, Tipo, Superficie, CoordinataXCentroGeografico, CoordinataYCentroGeografico) values ('403168', 'Ambrogiana', 'Pianura', 156, 51, 17);
insert into AreaGeografica (ID, Citta, Tipo, Superficie, CoordinataXCentroGeografico, CoordinataYCentroGeografico) values ('695937', 'Gianduieto', 'Collina', 123, -34, -39);
insert into AreaGeografica (ID, Citta, Tipo, Superficie, CoordinataXCentroGeografico, CoordinataYCentroGeografico) values ('103429', 'Rosticina', 'Collina', 179, -39, -11);
insert into AreaGeografica (ID, Citta, Tipo, Superficie, CoordinataXCentroGeografico, CoordinataYCentroGeografico) values ('117015', 'Chievo', 'Collina', 126, 41, 65);

insert into Edificio (Codice, DataAccatastamento, Stato, CoordinataX, CoordinataY, Tipologia, AreaGeografica) values ('FLH648O9Y4AFZ128', '2000-09-09', null, -79, -97, 'Magazzino', 695937);
insert into Edificio (Codice, DataAccatastamento, Stato, CoordinataX, CoordinataY, Tipologia, AreaGeografica) values ('PVL943J4D0VDC411', '1980-11-13', null, -91, -78, 'Familiare', 837047);
insert into Edificio (Codice, DataAccatastamento, Stato, CoordinataX, CoordinataY, Tipologia, AreaGeografica) values ('FIO864T8K5QRG966', '2012-09-01', null, 85, 33, 'Condominio', 103429);
insert into Edificio (Codice, DataAccatastamento, Stato, CoordinataX, CoordinataY, Tipologia, AreaGeografica) values ('KQ468B4B3KVH2701', null, null, 40, 38, 'Familiare', 932272); 

insert into StoricoRischio (AreaGeografica, Rischio, DataAnalisi, Coefficiente) values (103429, 'Frana', '2005-01-10', 3);
insert into StoricoRischio (AreaGeografica, Rischio, DataAnalisi, Coefficiente) values (117015, 'Alluvione', '2000-09-25', 2);
insert into StoricoRischio (AreaGeografica, Rischio, DataAnalisi, Coefficiente) values (378005, 'Terremoto', '2013-10-19', 10);
insert into StoricoRischio (AreaGeografica, Rischio, DataAnalisi, Coefficiente) values (403168, 'Inondazione', '2004-03-13', 10);
insert into StoricoRischio (AreaGeografica, Rischio, DataAnalisi, Coefficiente) values (484972, 'Uragano', '2022-03-06', 2);
insert into StoricoRischio (AreaGeografica, Rischio, DataAnalisi, Coefficiente) values (695937, 'Eruzione', '2015-09-14', 0);
insert into StoricoRischio (AreaGeografica, Rischio, DataAnalisi, Coefficiente) values (837047, 'Esplosione', '2003-07-26', 7);
insert into StoricoRischio (AreaGeografica, Rischio, DataAnalisi, Coefficiente) values (847804, 'Incendio', '1996-08-19', 7);
insert into StoricoRischio (AreaGeografica, Rischio, DataAnalisi, Coefficiente) values (932272, 'Gelamento', '2016-11-29', 9);
insert into StoricoRischio (AreaGeografica, Rischio, DataAnalisi, Coefficiente) values (980821, 'Valanga', '2016-08-12', 5);
insert into StoricoRischio (AreaGeografica, Rischio, DataAnalisi, Coefficiente) values (103429, 'Frana', '1998-03-18', 8);
insert into StoricoRischio (AreaGeografica, Rischio, DataAnalisi, Coefficiente) values (117015, 'Alluvione', '1995-01-26', 7);
insert into StoricoRischio (AreaGeografica, Rischio, DataAnalisi, Coefficiente) values (378005, 'Terremoto', '2019-06-12', 2);
insert into StoricoRischio (AreaGeografica, Rischio, DataAnalisi, Coefficiente) values (403168, 'Inondazione', '1997-10-29', 6);
insert into StoricoRischio (AreaGeografica, Rischio, DataAnalisi, Coefficiente) values (484972, 'Uragano', '2022-05-15', 2);
insert into StoricoRischio (AreaGeografica, Rischio, DataAnalisi, Coefficiente) values (695937, 'Eruzione', '2007-08-14', 3);
insert into StoricoRischio (AreaGeografica, Rischio, DataAnalisi, Coefficiente) values (837047, 'Esplosione', '2007-04-03', 2);
insert into StoricoRischio (AreaGeografica, Rischio, DataAnalisi, Coefficiente) values (847804, 'Incendio', '2016-03-15', 7);
insert into StoricoRischio (AreaGeografica, Rischio, DataAnalisi, Coefficiente) values (932272, 'Gelamento', '2003-04-28', 0);
insert into StoricoRischio (AreaGeografica, Rischio, DataAnalisi, Coefficiente) values (980821, 'Valanga', '2000-05-14', 7);
insert into StoricoRischio (AreaGeografica, Rischio, DataAnalisi, Coefficiente) values (103429, 'Frana', '2022-07-08', 10);
insert into StoricoRischio (AreaGeografica, Rischio, DataAnalisi, Coefficiente) values (117015, 'Alluvione', '2008-08-23', 7);
insert into StoricoRischio (AreaGeografica, Rischio, DataAnalisi, Coefficiente) values (378005, 'Terremoto', '2016-10-16', 4);
insert into StoricoRischio (AreaGeografica, Rischio, DataAnalisi, Coefficiente) values (403168, 'Inondazione', '2006-06-14', 5);
insert into StoricoRischio (AreaGeografica, Rischio, DataAnalisi, Coefficiente) values (484972, 'Uragano', '2020-03-16', 0);
insert into StoricoRischio (AreaGeografica, Rischio, DataAnalisi, Coefficiente) values (695937, 'Eruzione', '2007-02-09', 5);
insert into StoricoRischio (AreaGeografica, Rischio, DataAnalisi, Coefficiente) values (837047, 'Esplosione', '2014-12-07', 3);
insert into StoricoRischio (AreaGeografica, Rischio, DataAnalisi, Coefficiente) values (847804, 'Incendio', '2020-01-25', 5);
insert into StoricoRischio (AreaGeografica, Rischio, DataAnalisi, Coefficiente) values (932272, 'Gelamento', '2002-11-20', 4);
insert into StoricoRischio (AreaGeografica, Rischio, DataAnalisi, Coefficiente) values (980821, 'Valanga', '2018-12-16', 2);
insert into StoricoRischio (AreaGeografica, Rischio, DataAnalisi, Coefficiente) values (103429, 'Frana', '1998-10-05', 3);
insert into StoricoRischio (AreaGeografica, Rischio, DataAnalisi, Coefficiente) values (117015, 'Alluvione', '2012-05-24', 9);
insert into StoricoRischio (AreaGeografica, Rischio, DataAnalisi, Coefficiente) values (378005, 'Terremoto', '1999-12-21', 10);
insert into StoricoRischio (AreaGeografica, Rischio, DataAnalisi, Coefficiente) values (403168, 'Inondazione', '2012-06-30', 3);
insert into StoricoRischio (AreaGeografica, Rischio, DataAnalisi, Coefficiente) values (484972, 'Uragano', '2015-02-12', 2);
insert into StoricoRischio (AreaGeografica, Rischio, DataAnalisi, Coefficiente) values (695937, 'Eruzione', '2007-12-14', 3);
insert into StoricoRischio (AreaGeografica, Rischio, DataAnalisi, Coefficiente) values (837047, 'Esplosione', '1996-12-05', 0);
insert into StoricoRischio (AreaGeografica, Rischio, DataAnalisi, Coefficiente) values (847804, 'Incendio', '2002-05-01', 4);
insert into StoricoRischio (AreaGeografica, Rischio, DataAnalisi, Coefficiente) values (932272, 'Gelamento', '2022-05-05', 0);
insert into StoricoRischio (AreaGeografica, Rischio, DataAnalisi, Coefficiente) values (980821, 'Valanga', '2001-03-02', 7);
insert into StoricoRischio (AreaGeografica, Rischio, DataAnalisi, Coefficiente) values (103429, 'Frana', '2010-07-04', 6);
insert into StoricoRischio (AreaGeografica, Rischio, DataAnalisi, Coefficiente) values (117015, 'Alluvione', '2018-08-24', 4);
insert into StoricoRischio (AreaGeografica, Rischio, DataAnalisi, Coefficiente) values (378005, 'Terremoto', '2019-01-18', 5);
insert into StoricoRischio (AreaGeografica, Rischio, DataAnalisi, Coefficiente) values (403168, 'Inondazione', '1994-01-16', 0);
insert into StoricoRischio (AreaGeografica, Rischio, DataAnalisi, Coefficiente) values (484972, 'Uragano', '2013-04-10', 5);
insert into StoricoRischio (AreaGeografica, Rischio, DataAnalisi, Coefficiente) values (695937, 'Eruzione', '2019-02-21', 10);
insert into StoricoRischio (AreaGeografica, Rischio, DataAnalisi, Coefficiente) values (837047, 'Esplosione', '2005-03-28', 6);
insert into StoricoRischio (AreaGeografica, Rischio, DataAnalisi, Coefficiente) values (847804, 'Incendio', '2002-02-15', 4);
insert into StoricoRischio (AreaGeografica, Rischio, DataAnalisi, Coefficiente) values (932272, 'Gelamento', '2008-01-14', 1);
insert into StoricoRischio (AreaGeografica, Rischio, DataAnalisi, Coefficiente) values (980821, 'Valanga', '2003-04-20', 3);
insert into StoricoRischio (AreaGeografica, Rischio, DataAnalisi, Coefficiente) values (103429, 'Frana', '2003-08-15', 0);
insert into StoricoRischio (AreaGeografica, Rischio, DataAnalisi, Coefficiente) values (117015, 'Alluvione', '1998-05-07', 5);
insert into StoricoRischio (AreaGeografica, Rischio, DataAnalisi, Coefficiente) values (378005, 'Terremoto', '2007-07-22', 6);
insert into StoricoRischio (AreaGeografica, Rischio, DataAnalisi, Coefficiente) values (403168, 'Inondazione', '2011-07-29', 9);
insert into StoricoRischio (AreaGeografica, Rischio, DataAnalisi, Coefficiente) values (484972, 'Uragano', '2017-02-18', 0);
insert into StoricoRischio (AreaGeografica, Rischio, DataAnalisi, Coefficiente) values (695937, 'Eruzione', '2018-09-23', 7);
insert into StoricoRischio (AreaGeografica, Rischio, DataAnalisi, Coefficiente) values (837047, 'Esplosione', '2005-10-05', 10);
insert into StoricoRischio (AreaGeografica, Rischio, DataAnalisi, Coefficiente) values (847804, 'Incendio', '2022-03-08', 7);
insert into StoricoRischio (AreaGeografica, Rischio, DataAnalisi, Coefficiente) values (932272, 'Gelamento', '2009-09-25', 4);
insert into StoricoRischio (AreaGeografica, Rischio, DataAnalisi, Coefficiente) values (980821, 'Valanga', '2014-05-28', 1);
insert into StoricoRischio (AreaGeografica, Rischio, DataAnalisi, Coefficiente) values (103429, 'Frana', '2012-07-12', 7);
insert into StoricoRischio (AreaGeografica, Rischio, DataAnalisi, Coefficiente) values (117015, 'Alluvione', '2002-08-13', 4);
insert into StoricoRischio (AreaGeografica, Rischio, DataAnalisi, Coefficiente) values (378005, 'Terremoto', '2008-07-11', 2);
insert into StoricoRischio (AreaGeografica, Rischio, DataAnalisi, Coefficiente) values (403168, 'Inondazione', '2018-12-23', 2);
insert into StoricoRischio (AreaGeografica, Rischio, DataAnalisi, Coefficiente) values (484972, 'Uragano', '2014-07-24', 2);
insert into StoricoRischio (AreaGeografica, Rischio, DataAnalisi, Coefficiente) values (695937, 'Eruzione', '2021-04-13', 0);
insert into StoricoRischio (AreaGeografica, Rischio, DataAnalisi, Coefficiente) values (837047, 'Esplosione', '2011-10-22', 4);
insert into StoricoRischio (AreaGeografica, Rischio, DataAnalisi, Coefficiente) values (847804, 'Incendio', '2017-06-06', 7);
insert into StoricoRischio (AreaGeografica, Rischio, DataAnalisi, Coefficiente) values (932272, 'Gelamento', '2013-01-14', 10);
insert into StoricoRischio (AreaGeografica, Rischio, DataAnalisi, Coefficiente) values (980821, 'Valanga', '2019-09-02', 4);
insert into StoricoRischio (AreaGeografica, Rischio, DataAnalisi, Coefficiente) values (103429, 'Frana', '2002-11-15', 1);
insert into StoricoRischio (AreaGeografica, Rischio, DataAnalisi, Coefficiente) values (117015, 'Alluvione', '2016-11-02', 7);
insert into StoricoRischio (AreaGeografica, Rischio, DataAnalisi, Coefficiente) values (378005, 'Terremoto', '2018-10-12', 3);
insert into StoricoRischio (AreaGeografica, Rischio, DataAnalisi, Coefficiente) values (403168, 'Inondazione', '2003-04-27', 4);
insert into StoricoRischio (AreaGeografica, Rischio, DataAnalisi, Coefficiente) values (484972, 'Uragano', '2005-11-23', 4);
insert into StoricoRischio (AreaGeografica, Rischio, DataAnalisi, Coefficiente) values (695937, 'Eruzione', '2015-04-11', 7);
insert into StoricoRischio (AreaGeografica, Rischio, DataAnalisi, Coefficiente) values (837047, 'Esplosione', '2008-09-05', 8);
insert into StoricoRischio (AreaGeografica, Rischio, DataAnalisi, Coefficiente) values (847804, 'Incendio', '2010-07-24', 0);
insert into StoricoRischio (AreaGeografica, Rischio, DataAnalisi, Coefficiente) values (932272, 'Gelamento', '2009-04-15', 7);
insert into StoricoRischio (AreaGeografica, Rischio, DataAnalisi, Coefficiente) values (980821, 'Valanga', '2016-12-02', 8);
insert into StoricoRischio (AreaGeografica, Rischio, DataAnalisi, Coefficiente) values (103429, 'Frana', '1995-03-21', 0);
insert into StoricoRischio (AreaGeografica, Rischio, DataAnalisi, Coefficiente) values (117015, 'Alluvione', '2013-08-11', 4);
insert into StoricoRischio (AreaGeografica, Rischio, DataAnalisi, Coefficiente) values (378005, 'Terremoto', '2017-07-18', 5);
insert into StoricoRischio (AreaGeografica, Rischio, DataAnalisi, Coefficiente) values (403168, 'Inondazione', '2017-11-16', 4);
insert into StoricoRischio (AreaGeografica, Rischio, DataAnalisi, Coefficiente) values (484972, 'Uragano', '1997-10-07', 2);
insert into StoricoRischio (AreaGeografica, Rischio, DataAnalisi, Coefficiente) values (695937, 'Eruzione', '2020-10-22', 10);
insert into StoricoRischio (AreaGeografica, Rischio, DataAnalisi, Coefficiente) values (837047, 'Esplosione', '1998-11-28', 6);
insert into StoricoRischio (AreaGeografica, Rischio, DataAnalisi, Coefficiente) values (847804, 'Incendio', '2002-07-22', 8);
insert into StoricoRischio (AreaGeografica, Rischio, DataAnalisi, Coefficiente) values (932272, 'Gelamento', '2005-07-26', 1);
insert into StoricoRischio (AreaGeografica, Rischio, DataAnalisi, Coefficiente) values (980821, 'Valanga', '2010-07-08', 8);
insert into StoricoRischio (AreaGeografica, Rischio, DataAnalisi, Coefficiente) values (103429, 'Frana', '2003-06-23', 7);
insert into StoricoRischio (AreaGeografica, Rischio, DataAnalisi, Coefficiente) values (117015, 'Alluvione', '1994-09-06', 2);
insert into StoricoRischio (AreaGeografica, Rischio, DataAnalisi, Coefficiente) values (378005, 'Terremoto', '2015-09-20', 1);
insert into StoricoRischio (AreaGeografica, Rischio, DataAnalisi, Coefficiente) values (403168, 'Inondazione', '1999-10-01', 9);
insert into StoricoRischio (AreaGeografica, Rischio, DataAnalisi, Coefficiente) values (484972, 'Uragano', '2015-10-22', 1);
insert into StoricoRischio (AreaGeografica, Rischio, DataAnalisi, Coefficiente) values (695937, 'Eruzione', '1997-12-24', 8);
insert into StoricoRischio (AreaGeografica, Rischio, DataAnalisi, Coefficiente) values (837047, 'Esplosione', '2013-01-13', 9);
insert into StoricoRischio (AreaGeografica, Rischio, DataAnalisi, Coefficiente) values (847804, 'Incendio', '2010-01-10', 0);
insert into StoricoRischio (AreaGeografica, Rischio, DataAnalisi, Coefficiente) values (932272, 'Gelamento', '2007-02-20', 7);
insert into StoricoRischio (AreaGeografica, Rischio, DataAnalisi, Coefficiente) values (980821, 'Valanga', '2011-11-27', 3);
insert into StoricoRischio (AreaGeografica, Rischio, DataAnalisi, Coefficiente) values (103429, 'Frana', '1998-04-22', 10);
insert into StoricoRischio (AreaGeografica, Rischio, DataAnalisi, Coefficiente) values (117015, 'Alluvione', '1998-07-26', 5);
insert into StoricoRischio (AreaGeografica, Rischio, DataAnalisi, Coefficiente) values (378005, 'Terremoto', '2019-03-14', 5);
insert into StoricoRischio (AreaGeografica, Rischio, DataAnalisi, Coefficiente) values (403168, 'Inondazione', '2009-05-17', 5);
insert into StoricoRischio (AreaGeografica, Rischio, DataAnalisi, Coefficiente) values (484972, 'Uragano', '2022-01-11', 8);
insert into StoricoRischio (AreaGeografica, Rischio, DataAnalisi, Coefficiente) values (695937, 'Eruzione', '2008-03-29', 3);
insert into StoricoRischio (AreaGeografica, Rischio, DataAnalisi, Coefficiente) values (837047, 'Esplosione', '1996-01-18', 8);
insert into StoricoRischio (AreaGeografica, Rischio, DataAnalisi, Coefficiente) values (847804, 'Incendio', '1998-02-24', 2);
insert into StoricoRischio (AreaGeografica, Rischio, DataAnalisi, Coefficiente) values (932272, 'Gelamento', '1995-01-15', 1);
insert into StoricoRischio (AreaGeografica, Rischio, DataAnalisi, Coefficiente) values (980821, 'Valanga', '2000-10-11', 0);
insert into StoricoRischio (AreaGeografica, Rischio, DataAnalisi, Coefficiente) values (103429, 'Frana', '1998-09-24', 9);
insert into StoricoRischio (AreaGeografica, Rischio, DataAnalisi, Coefficiente) values (117015, 'Alluvione', '2020-05-13', 7);
insert into StoricoRischio (AreaGeografica, Rischio, DataAnalisi, Coefficiente) values (378005, 'Terremoto', '2002-05-31', 4);
insert into StoricoRischio (AreaGeografica, Rischio, DataAnalisi, Coefficiente) values (403168, 'Inondazione', '2004-03-09', 8);
insert into StoricoRischio (AreaGeografica, Rischio, DataAnalisi, Coefficiente) values (484972, 'Uragano', '2010-08-03', 5);
insert into StoricoRischio (AreaGeografica, Rischio, DataAnalisi, Coefficiente) values (695937, 'Eruzione', '2004-09-12', 9);
insert into StoricoRischio (AreaGeografica, Rischio, DataAnalisi, Coefficiente) values (837047, 'Esplosione', '2022-04-01', 3);
insert into StoricoRischio (AreaGeografica, Rischio, DataAnalisi, Coefficiente) values (847804, 'Incendio', '2004-05-01', 4);
insert into StoricoRischio (AreaGeografica, Rischio, DataAnalisi, Coefficiente) values (932272, 'Gelamento', '1994-06-10', 1);
insert into StoricoRischio (AreaGeografica, Rischio, DataAnalisi, Coefficiente) values (980821, 'Valanga', '2000-03-05', 2);
insert into StoricoRischio (AreaGeografica, Rischio, DataAnalisi, Coefficiente) values (103429, 'Frana', '2012-03-14', 6);
insert into StoricoRischio (AreaGeografica, Rischio, DataAnalisi, Coefficiente) values (117015, 'Alluvione', '1994-09-27', 1);
insert into StoricoRischio (AreaGeografica, Rischio, DataAnalisi, Coefficiente) values (378005, 'Terremoto', '1998-06-14', 8);
insert into StoricoRischio (AreaGeografica, Rischio, DataAnalisi, Coefficiente) values (403168, 'Inondazione', '2007-09-28', 2);
insert into StoricoRischio (AreaGeografica, Rischio, DataAnalisi, Coefficiente) values (484972, 'Uragano', '1999-08-01', 9);
insert into StoricoRischio (AreaGeografica, Rischio, DataAnalisi, Coefficiente) values (695937, 'Eruzione', '2019-03-06', 6);
insert into StoricoRischio (AreaGeografica, Rischio, DataAnalisi, Coefficiente) values (837047, 'Esplosione', '2019-07-17', 8);
insert into StoricoRischio (AreaGeografica, Rischio, DataAnalisi, Coefficiente) values (847804, 'Incendio', '2007-07-23', 4);
insert into StoricoRischio (AreaGeografica, Rischio, DataAnalisi, Coefficiente) values (932272, 'Gelamento', '2021-03-19', 10);
insert into StoricoRischio (AreaGeografica, Rischio, DataAnalisi, Coefficiente) values (980821, 'Valanga', '2017-05-18', 10);
insert into StoricoRischio (AreaGeografica, Rischio, DataAnalisi, Coefficiente) values (103429, 'Frana', '1994-03-25', 8);
insert into StoricoRischio (AreaGeografica, Rischio, DataAnalisi, Coefficiente) values (117015, 'Alluvione', '2014-10-03', 3);
insert into StoricoRischio (AreaGeografica, Rischio, DataAnalisi, Coefficiente) values (378005, 'Terremoto', '2020-04-16', 0);
insert into StoricoRischio (AreaGeografica, Rischio, DataAnalisi, Coefficiente) values (403168, 'Inondazione', '2012-09-14', 8);
insert into StoricoRischio (AreaGeografica, Rischio, DataAnalisi, Coefficiente) values (484972, 'Uragano', '2021-06-04', 0);
insert into StoricoRischio (AreaGeografica, Rischio, DataAnalisi, Coefficiente) values (695937, 'Eruzione', '2012-01-05', 2);
insert into StoricoRischio (AreaGeografica, Rischio, DataAnalisi, Coefficiente) values (837047, 'Esplosione', '1995-12-26', 1);
insert into StoricoRischio (AreaGeografica, Rischio, DataAnalisi, Coefficiente) values (847804, 'Incendio', '2001-07-28', 6);
insert into StoricoRischio (AreaGeografica, Rischio, DataAnalisi, Coefficiente) values (932272, 'Gelamento', '2002-02-14', 0);
insert into StoricoRischio (AreaGeografica, Rischio, DataAnalisi, Coefficiente) values (980821, 'Valanga', '1999-02-10', 8);
insert into StoricoRischio (AreaGeografica, Rischio, DataAnalisi, Coefficiente) values (103429, 'Frana', '2009-01-04', 7);
insert into StoricoRischio (AreaGeografica, Rischio, DataAnalisi, Coefficiente) values (117015, 'Alluvione', '2022-09-27', 0);
insert into StoricoRischio (AreaGeografica, Rischio, DataAnalisi, Coefficiente) values (378005, 'Terremoto', '2016-03-02', 8);
insert into StoricoRischio (AreaGeografica, Rischio, DataAnalisi, Coefficiente) values (403168, 'Inondazione', '1997-07-25', 6);
insert into StoricoRischio (AreaGeografica, Rischio, DataAnalisi, Coefficiente) values (484972, 'Uragano', '2002-12-03', 10);
insert into StoricoRischio (AreaGeografica, Rischio, DataAnalisi, Coefficiente) values (695937, 'Eruzione', '2021-12-03', 10);
insert into StoricoRischio (AreaGeografica, Rischio, DataAnalisi, Coefficiente) values (837047, 'Esplosione', '1995-09-23', 3);
insert into StoricoRischio (AreaGeografica, Rischio, DataAnalisi, Coefficiente) values (847804, 'Incendio', '2021-04-04', 9);
insert into StoricoRischio (AreaGeografica, Rischio, DataAnalisi, Coefficiente) values (932272, 'Gelamento', '1994-12-31', 4);
insert into StoricoRischio (AreaGeografica, Rischio, DataAnalisi, Coefficiente) values (980821, 'Valanga', '2002-06-01', 0);
insert into StoricoRischio (AreaGeografica, Rischio, DataAnalisi, Coefficiente) values (103429, 'Frana', '1996-12-17', 6);
insert into StoricoRischio (AreaGeografica, Rischio, DataAnalisi, Coefficiente) values (117015, 'Alluvione', '2008-04-03', 10);
insert into StoricoRischio (AreaGeografica, Rischio, DataAnalisi, Coefficiente) values (378005, 'Terremoto', '2006-05-27', 8);
insert into StoricoRischio (AreaGeografica, Rischio, DataAnalisi, Coefficiente) values (403168, 'Inondazione', '2015-06-22', 2);
insert into StoricoRischio (AreaGeografica, Rischio, DataAnalisi, Coefficiente) values (484972, 'Uragano', '2010-08-19', 5);
insert into StoricoRischio (AreaGeografica, Rischio, DataAnalisi, Coefficiente) values (695937, 'Eruzione', '2016-09-03', 10);
insert into StoricoRischio (AreaGeografica, Rischio, DataAnalisi, Coefficiente) values (837047, 'Esplosione', '2013-09-11', 7);
insert into StoricoRischio (AreaGeografica, Rischio, DataAnalisi, Coefficiente) values (847804, 'Incendio', '1996-07-29', 5);
insert into StoricoRischio (AreaGeografica, Rischio, DataAnalisi, Coefficiente) values (932272, 'Gelamento', '1996-10-06', 10);
insert into StoricoRischio (AreaGeografica, Rischio, DataAnalisi, Coefficiente) values (980821, 'Valanga', '2016-09-22', 9);
insert into StoricoRischio (AreaGeografica, Rischio, DataAnalisi, Coefficiente) values (103429, 'Frana', '2000-01-28', 5);
insert into StoricoRischio (AreaGeografica, Rischio, DataAnalisi, Coefficiente) values (117015, 'Alluvione', '2008-05-19', 7);
insert into StoricoRischio (AreaGeografica, Rischio, DataAnalisi, Coefficiente) values (378005, 'Terremoto', '2003-11-28', 4);
insert into StoricoRischio (AreaGeografica, Rischio, DataAnalisi, Coefficiente) values (403168, 'Inondazione', '1997-03-28', 3);
insert into StoricoRischio (AreaGeografica, Rischio, DataAnalisi, Coefficiente) values (484972, 'Uragano', '2020-08-10', 9);
insert into StoricoRischio (AreaGeografica, Rischio, DataAnalisi, Coefficiente) values (695937, 'Eruzione', '2007-01-21', 10);
insert into StoricoRischio (AreaGeografica, Rischio, DataAnalisi, Coefficiente) values (837047, 'Esplosione', '2009-05-21', 5);
insert into StoricoRischio (AreaGeografica, Rischio, DataAnalisi, Coefficiente) values (847804, 'Incendio', '1997-05-19', 4);
insert into StoricoRischio (AreaGeografica, Rischio, DataAnalisi, Coefficiente) values (932272, 'Gelamento', '2016-07-04', 6);
insert into StoricoRischio (AreaGeografica, Rischio, DataAnalisi, Coefficiente) values (980821, 'Valanga', '2017-09-12', 7);
insert into StoricoRischio (AreaGeografica, Rischio, DataAnalisi, Coefficiente) values (103429, 'Frana', '2004-07-03', 3);
insert into StoricoRischio (AreaGeografica, Rischio, DataAnalisi, Coefficiente) values (117015, 'Alluvione', '2003-10-25', 9);
insert into StoricoRischio (AreaGeografica, Rischio, DataAnalisi, Coefficiente) values (378005, 'Terremoto', '2022-05-10', 9);
insert into StoricoRischio (AreaGeografica, Rischio, DataAnalisi, Coefficiente) values (403168, 'Inondazione', '2002-11-24', 6);
insert into StoricoRischio (AreaGeografica, Rischio, DataAnalisi, Coefficiente) values (484972, 'Uragano', '1998-09-02', 2);
insert into StoricoRischio (AreaGeografica, Rischio, DataAnalisi, Coefficiente) values (695937, 'Eruzione', '1994-09-25', 5);
insert into StoricoRischio (AreaGeografica, Rischio, DataAnalisi, Coefficiente) values (837047, 'Esplosione', '2014-03-05', 0);
insert into StoricoRischio (AreaGeografica, Rischio, DataAnalisi, Coefficiente) values (847804, 'Incendio', '2010-05-30', 5);
insert into StoricoRischio (AreaGeografica, Rischio, DataAnalisi, Coefficiente) values (932272, 'Gelamento', '2002-09-10', 6);
insert into StoricoRischio (AreaGeografica, Rischio, DataAnalisi, Coefficiente) values (980821, 'Valanga', '2009-10-06', 8);
insert into StoricoRischio (AreaGeografica, Rischio, DataAnalisi, Coefficiente) values (103429, 'Frana', '2007-02-10', 5);
insert into StoricoRischio (AreaGeografica, Rischio, DataAnalisi, Coefficiente) values (117015, 'Alluvione', '2010-02-12', 3);
insert into StoricoRischio (AreaGeografica, Rischio, DataAnalisi, Coefficiente) values (378005, 'Terremoto', '2016-05-24', 8);
insert into StoricoRischio (AreaGeografica, Rischio, DataAnalisi, Coefficiente) values (403168, 'Inondazione', '2014-08-21', 0);
insert into StoricoRischio (AreaGeografica, Rischio, DataAnalisi, Coefficiente) values (484972, 'Uragano', '1997-02-06', 4);
insert into StoricoRischio (AreaGeografica, Rischio, DataAnalisi, Coefficiente) values (695937, 'Eruzione', '2020-12-03', 8);
insert into StoricoRischio (AreaGeografica, Rischio, DataAnalisi, Coefficiente) values (837047, 'Esplosione', '2000-04-15', 0);
insert into StoricoRischio (AreaGeografica, Rischio, DataAnalisi, Coefficiente) values (847804, 'Incendio', '1999-09-14', 10);
insert into StoricoRischio (AreaGeografica, Rischio, DataAnalisi, Coefficiente) values (932272, 'Gelamento', '2003-02-05', 6);
insert into StoricoRischio (AreaGeografica, Rischio, DataAnalisi, Coefficiente) values (980821, 'Valanga', '1995-02-09', 4);
insert into StoricoRischio (AreaGeografica, Rischio, DataAnalisi, Coefficiente) values (103429, 'Frana', '1997-07-06', 6);
insert into StoricoRischio (AreaGeografica, Rischio, DataAnalisi, Coefficiente) values (117015, 'Alluvione', '2001-08-27', 5);
insert into StoricoRischio (AreaGeografica, Rischio, DataAnalisi, Coefficiente) values (378005, 'Terremoto', '2000-05-05', 0);
insert into StoricoRischio (AreaGeografica, Rischio, DataAnalisi, Coefficiente) values (403168, 'Inondazione', '2011-03-07', 3);
insert into StoricoRischio (AreaGeografica, Rischio, DataAnalisi, Coefficiente) values (484972, 'Uragano', '2021-02-12', 5);
insert into StoricoRischio (AreaGeografica, Rischio, DataAnalisi, Coefficiente) values (695937, 'Eruzione', '2002-05-12', 1);
insert into StoricoRischio (AreaGeografica, Rischio, DataAnalisi, Coefficiente) values (837047, 'Esplosione', '2002-05-05', 0);
insert into StoricoRischio (AreaGeografica, Rischio, DataAnalisi, Coefficiente) values (847804, 'Incendio', '2014-06-20', 3);
insert into StoricoRischio (AreaGeografica, Rischio, DataAnalisi, Coefficiente) values (932272, 'Gelamento', '2016-04-13', 4);
insert into StoricoRischio (AreaGeografica, Rischio, DataAnalisi, Coefficiente) values (980821, 'Valanga', '2015-06-22', 0);
insert into StoricoRischio (AreaGeografica, Rischio, DataAnalisi, Coefficiente) values (103429, 'Frana', '2016-09-21', 2);
insert into StoricoRischio (AreaGeografica, Rischio, DataAnalisi, Coefficiente) values (117015, 'Alluvione', '1994-11-27', 7);
insert into StoricoRischio (AreaGeografica, Rischio, DataAnalisi, Coefficiente) values (378005, 'Terremoto', '2019-12-06', 8);
insert into StoricoRischio (AreaGeografica, Rischio, DataAnalisi, Coefficiente) values (403168, 'Inondazione', '2004-07-31', 10);
insert into StoricoRischio (AreaGeografica, Rischio, DataAnalisi, Coefficiente) values (484972, 'Uragano', '2018-08-22', 5);
insert into StoricoRischio (AreaGeografica, Rischio, DataAnalisi, Coefficiente) values (695937, 'Eruzione', '2002-07-14', 7);
insert into StoricoRischio (AreaGeografica, Rischio, DataAnalisi, Coefficiente) values (837047, 'Esplosione', '2010-04-26', 6);
insert into StoricoRischio (AreaGeografica, Rischio, DataAnalisi, Coefficiente) values (847804, 'Incendio', '2017-08-11', 9);
insert into StoricoRischio (AreaGeografica, Rischio, DataAnalisi, Coefficiente) values (932272, 'Gelamento', '2020-12-20', 2);
insert into StoricoRischio (AreaGeografica, Rischio, DataAnalisi, Coefficiente) values (980821, 'Valanga', '1998-02-22', 3);
insert into StoricoRischio (AreaGeografica, Rischio, DataAnalisi, Coefficiente) values (103429, 'Frana', '2018-10-26', 10);
insert into StoricoRischio (AreaGeografica, Rischio, DataAnalisi, Coefficiente) values (117015, 'Alluvione', '2006-10-27', 7);
insert into StoricoRischio (AreaGeografica, Rischio, DataAnalisi, Coefficiente) values (378005, 'Terremoto', '2004-11-02', 0);
insert into StoricoRischio (AreaGeografica, Rischio, DataAnalisi, Coefficiente) values (403168, 'Inondazione', '2011-04-20', 1);
insert into StoricoRischio (AreaGeografica, Rischio, DataAnalisi, Coefficiente) values (484972, 'Uragano', '2017-04-06', 6);
insert into StoricoRischio (AreaGeografica, Rischio, DataAnalisi, Coefficiente) values (695937, 'Eruzione', '2010-10-20', 4);
insert into StoricoRischio (AreaGeografica, Rischio, DataAnalisi, Coefficiente) values (837047, 'Esplosione', '1994-03-21', 9);
insert into StoricoRischio (AreaGeografica, Rischio, DataAnalisi, Coefficiente) values (847804, 'Incendio', '2008-10-12', 7);
insert into StoricoRischio (AreaGeografica, Rischio, DataAnalisi, Coefficiente) values (932272, 'Gelamento', '2004-11-20', 6);
insert into StoricoRischio (AreaGeografica, Rischio, DataAnalisi, Coefficiente) values (980821, 'Valanga', '2014-04-16', 0);
insert into StoricoRischio (AreaGeografica, Rischio, DataAnalisi, Coefficiente) values (103429, 'Frana', '1997-05-31', 7);
insert into StoricoRischio (AreaGeografica, Rischio, DataAnalisi, Coefficiente) values (117015, 'Alluvione', '2006-09-11', 1);
insert into StoricoRischio (AreaGeografica, Rischio, DataAnalisi, Coefficiente) values (378005, 'Terremoto', '2010-02-07', 7);
insert into StoricoRischio (AreaGeografica, Rischio, DataAnalisi, Coefficiente) values (403168, 'Inondazione', '1995-05-26', 2);
insert into StoricoRischio (AreaGeografica, Rischio, DataAnalisi, Coefficiente) values (484972, 'Uragano', '2004-05-02', 9);
insert into StoricoRischio (AreaGeografica, Rischio, DataAnalisi, Coefficiente) values (695937, 'Eruzione', '2014-03-21', 0);
insert into StoricoRischio (AreaGeografica, Rischio, DataAnalisi, Coefficiente) values (837047, 'Esplosione', '2022-08-04', 7);
insert into StoricoRischio (AreaGeografica, Rischio, DataAnalisi, Coefficiente) values (847804, 'Incendio', '2004-01-10', 6);
insert into StoricoRischio (AreaGeografica, Rischio, DataAnalisi, Coefficiente) values (932272, 'Gelamento', '1996-07-23', 6);
insert into StoricoRischio (AreaGeografica, Rischio, DataAnalisi, Coefficiente) values (980821, 'Valanga', '2000-12-04', 1);
insert into StoricoRischio (AreaGeografica, Rischio, DataAnalisi, Coefficiente) values (103429, 'Frana', '2017-01-18', 3);
insert into StoricoRischio (AreaGeografica, Rischio, DataAnalisi, Coefficiente) values (117015, 'Alluvione', '2016-08-04', 9);
insert into StoricoRischio (AreaGeografica, Rischio, DataAnalisi, Coefficiente) values (378005, 'Terremoto', '2016-09-06', 9);
insert into StoricoRischio (AreaGeografica, Rischio, DataAnalisi, Coefficiente) values (403168, 'Inondazione', '2005-10-28', 0);
insert into StoricoRischio (AreaGeografica, Rischio, DataAnalisi, Coefficiente) values (484972, 'Uragano', '2006-01-17', 3);
insert into StoricoRischio (AreaGeografica, Rischio, DataAnalisi, Coefficiente) values (695937, 'Eruzione', '2003-02-24', 6);
insert into StoricoRischio (AreaGeografica, Rischio, DataAnalisi, Coefficiente) values (837047, 'Esplosione', '2020-07-26', 10);
insert into StoricoRischio (AreaGeografica, Rischio, DataAnalisi, Coefficiente) values (847804, 'Incendio', '2005-03-19', 2);
insert into StoricoRischio (AreaGeografica, Rischio, DataAnalisi, Coefficiente) values (932272, 'Gelamento', '2013-06-17', 10);
insert into StoricoRischio (AreaGeografica, Rischio, DataAnalisi, Coefficiente) values (980821, 'Valanga', '2003-11-29', 4);
insert into StoricoRischio (AreaGeografica, Rischio, DataAnalisi, Coefficiente) values (103429, 'Frana', '2019-04-12', 10);
insert into StoricoRischio (AreaGeografica, Rischio, DataAnalisi, Coefficiente) values (117015, 'Alluvione', '2016-10-08', 6);
insert into StoricoRischio (AreaGeografica, Rischio, DataAnalisi, Coefficiente) values (378005, 'Terremoto', '2012-05-24', 10);
insert into StoricoRischio (AreaGeografica, Rischio, DataAnalisi, Coefficiente) values (403168, 'Inondazione', '1995-06-17', 6);
insert into StoricoRischio (AreaGeografica, Rischio, DataAnalisi, Coefficiente) values (484972, 'Uragano', '1995-03-30', 8);
insert into StoricoRischio (AreaGeografica, Rischio, DataAnalisi, Coefficiente) values (695937, 'Eruzione', '2012-06-16', 5);
insert into StoricoRischio (AreaGeografica, Rischio, DataAnalisi, Coefficiente) values (837047, 'Esplosione', '1997-10-14', 3);
insert into StoricoRischio (AreaGeografica, Rischio, DataAnalisi, Coefficiente) values (847804, 'Incendio', '2011-11-23', 8);
insert into StoricoRischio (AreaGeografica, Rischio, DataAnalisi, Coefficiente) values (932272, 'Gelamento', '2014-05-03', 3);
insert into StoricoRischio (AreaGeografica, Rischio, DataAnalisi, Coefficiente) values (980821, 'Valanga', '2002-05-13', 9);
insert into StoricoRischio (AreaGeografica, Rischio, DataAnalisi, Coefficiente) values (103429, 'Frana', '2015-05-27', 0);
insert into StoricoRischio (AreaGeografica, Rischio, DataAnalisi, Coefficiente) values (117015, 'Alluvione', '2003-03-05', 6);
insert into StoricoRischio (AreaGeografica, Rischio, DataAnalisi, Coefficiente) values (378005, 'Terremoto', '2006-01-26', 5);
insert into StoricoRischio (AreaGeografica, Rischio, DataAnalisi, Coefficiente) values (403168, 'Inondazione', '1997-11-21', 10);
insert into StoricoRischio (AreaGeografica, Rischio, DataAnalisi, Coefficiente) values (484972, 'Uragano', '2000-08-02', 6);
insert into StoricoRischio (AreaGeografica, Rischio, DataAnalisi, Coefficiente) values (695937, 'Eruzione', '2014-06-22', 7);
insert into StoricoRischio (AreaGeografica, Rischio, DataAnalisi, Coefficiente) values (837047, 'Esplosione', '2008-11-18', 9);
insert into StoricoRischio (AreaGeografica, Rischio, DataAnalisi, Coefficiente) values (847804, 'Incendio', '2002-12-23', 2);
insert into StoricoRischio (AreaGeografica, Rischio, DataAnalisi, Coefficiente) values (932272, 'Gelamento', '2001-04-23', 9);
insert into StoricoRischio (AreaGeografica, Rischio, DataAnalisi, Coefficiente) values (980821, 'Valanga', '2003-05-15', 3);
insert into StoricoRischio (AreaGeografica, Rischio, DataAnalisi, Coefficiente) values (103429, 'Frana', '2020-07-13', 10);
insert into StoricoRischio (AreaGeografica, Rischio, DataAnalisi, Coefficiente) values (117015, 'Alluvione', '2003-10-12', 0);
insert into StoricoRischio (AreaGeografica, Rischio, DataAnalisi, Coefficiente) values (378005, 'Terremoto', '2005-02-18', 10);
insert into StoricoRischio (AreaGeografica, Rischio, DataAnalisi, Coefficiente) values (403168, 'Inondazione', '2007-01-11', 4);
insert into StoricoRischio (AreaGeografica, Rischio, DataAnalisi, Coefficiente) values (484972, 'Uragano', '2004-02-28', 3);
insert into StoricoRischio (AreaGeografica, Rischio, DataAnalisi, Coefficiente) values (695937, 'Eruzione', '2014-10-07', 2);
insert into StoricoRischio (AreaGeografica, Rischio, DataAnalisi, Coefficiente) values (837047, 'Esplosione', '2011-01-14', 4);
insert into StoricoRischio (AreaGeografica, Rischio, DataAnalisi, Coefficiente) values (847804, 'Incendio', '2002-05-03', 2);
insert into StoricoRischio (AreaGeografica, Rischio, DataAnalisi, Coefficiente) values (932272, 'Gelamento', '2008-05-15', 7);
insert into StoricoRischio (AreaGeografica, Rischio, DataAnalisi, Coefficiente) values (980821, 'Valanga', '2008-03-01', 0);
insert into StoricoRischio (AreaGeografica, Rischio, DataAnalisi, Coefficiente) values (103429, 'Frana', '1995-04-27', 1);
insert into StoricoRischio (AreaGeografica, Rischio, DataAnalisi, Coefficiente) values (117015, 'Alluvione', '2021-07-27', 7);
insert into StoricoRischio (AreaGeografica, Rischio, DataAnalisi, Coefficiente) values (378005, 'Terremoto', '2014-07-04', 1);
insert into StoricoRischio (AreaGeografica, Rischio, DataAnalisi, Coefficiente) values (403168, 'Inondazione', '2002-01-29', 6);
insert into StoricoRischio (AreaGeografica, Rischio, DataAnalisi, Coefficiente) values (484972, 'Uragano', '2004-11-06', 10);
insert into StoricoRischio (AreaGeografica, Rischio, DataAnalisi, Coefficiente) values (695937, 'Eruzione', '2011-05-26', 10);
insert into StoricoRischio (AreaGeografica, Rischio, DataAnalisi, Coefficiente) values (837047, 'Esplosione', '1994-05-04', 1);
insert into StoricoRischio (AreaGeografica, Rischio, DataAnalisi, Coefficiente) values (847804, 'Incendio', '2002-06-11', 4);
insert into StoricoRischio (AreaGeografica, Rischio, DataAnalisi, Coefficiente) values (932272, 'Gelamento', '2002-02-03', 3);
insert into StoricoRischio (AreaGeografica, Rischio, DataAnalisi, Coefficiente) values (980821, 'Valanga', '2020-08-10', 5);
insert into StoricoRischio (AreaGeografica, Rischio, DataAnalisi, Coefficiente) values (103429, 'Frana', '2005-11-22', 1);
insert into StoricoRischio (AreaGeografica, Rischio, DataAnalisi, Coefficiente) values (117015, 'Alluvione', '2018-02-28', 3);
insert into StoricoRischio (AreaGeografica, Rischio, DataAnalisi, Coefficiente) values (378005, 'Terremoto', '2002-06-29', 4);
insert into StoricoRischio (AreaGeografica, Rischio, DataAnalisi, Coefficiente) values (403168, 'Inondazione', '2001-10-06', 2);
insert into StoricoRischio (AreaGeografica, Rischio, DataAnalisi, Coefficiente) values (484972, 'Uragano', '1999-04-24', 6);
insert into StoricoRischio (AreaGeografica, Rischio, DataAnalisi, Coefficiente) values (695937, 'Eruzione', '2017-09-13', 9);
insert into StoricoRischio (AreaGeografica, Rischio, DataAnalisi, Coefficiente) values (837047, 'Esplosione', '2013-10-28', 0);
insert into StoricoRischio (AreaGeografica, Rischio, DataAnalisi, Coefficiente) values (847804, 'Incendio', '2021-01-15', 4);
insert into StoricoRischio (AreaGeografica, Rischio, DataAnalisi, Coefficiente) values (932272, 'Gelamento', '2013-12-30', 3);
insert into StoricoRischio (AreaGeografica, Rischio, DataAnalisi, Coefficiente) values (980821, 'Valanga', '2019-03-31', 7);
insert into StoricoRischio (AreaGeografica, Rischio, DataAnalisi, Coefficiente) values (103429, 'Frana', '2000-03-29', 0);
insert into StoricoRischio (AreaGeografica, Rischio, DataAnalisi, Coefficiente) values (117015, 'Alluvione', '2014-11-08', 5);
insert into StoricoRischio (AreaGeografica, Rischio, DataAnalisi, Coefficiente) values (378005, 'Terremoto', '2009-05-07', 5);
insert into StoricoRischio (AreaGeografica, Rischio, DataAnalisi, Coefficiente) values (403168, 'Inondazione', '2016-05-29', 4);
insert into StoricoRischio (AreaGeografica, Rischio, DataAnalisi, Coefficiente) values (484972, 'Uragano', '1994-05-19', 6);
insert into StoricoRischio (AreaGeografica, Rischio, DataAnalisi, Coefficiente) values (695937, 'Eruzione', '2008-02-07', 9);
insert into StoricoRischio (AreaGeografica, Rischio, DataAnalisi, Coefficiente) values (837047, 'Esplosione', '2022-03-24', 4);
insert into StoricoRischio (AreaGeografica, Rischio, DataAnalisi, Coefficiente) values (847804, 'Incendio', '1996-07-13', 4);
insert into StoricoRischio (AreaGeografica, Rischio, DataAnalisi, Coefficiente) values (932272, 'Gelamento', '2007-08-29', 1);
insert into StoricoRischio (AreaGeografica, Rischio, DataAnalisi, Coefficiente) values (980821, 'Valanga', '1996-09-25', 3);

insert into ProgettoEdilizio (Codice, DataPresentazione, DataApprovazione, DataInizio, StimaDataFine, DataFine, Costo, Edificio) values ('45355', '2022-01-15', '2022-01-31', '2022-02-14', '2024-01-01', null, 0, 'KQ468B4B3KVH2701');
insert into ProgettoEdilizio (Codice, DataPresentazione, DataApprovazione, DataInizio, StimaDataFine, DataFine, Costo, Edificio) values ('16958', '1990-01-15', '1990-01-31', '1990-02-14', '1992-01-01', '1992-02-01', 365564, 'FLH648O9Y4AFZ128');
insert into ProgettoEdilizio (Codice, DataPresentazione, DataApprovazione, DataInizio, StimaDataFine, DataFine, Costo, Edificio) values ('64449', '2000-05-05', '2000-06-15', '2000-07-01', '2000-08-17', '2000-09-01', 40000, 'FLH648O9Y4AFZ128');
insert into ProgettoEdilizio (Codice, DataPresentazione, DataApprovazione, DataInizio, StimaDataFine, DataFine, Costo, Edificio) values ('16371', '2001-01-15', '2001-01-31', '2001-02-14', '2002-01-01', '2002-02-01', 287689, 'FIO864T8K5QRG966');
insert into ProgettoEdilizio (Codice, DataPresentazione, DataApprovazione, DataInizio, StimaDataFine, DataFine, Costo, Edificio) values ('52616', '2011-05-05', '2011-06-15', '2011-07-01', '2011-08-17', '2012-08-01', 34567, 'FIO864T8K5QRG966');
insert into ProgettoEdilizio (Codice, DataPresentazione, DataApprovazione, DataInizio, StimaDataFine, DataFine, Costo, Edificio) values ('47124', '1970-01-15', '1970-01-31', '1970-02-14', '1972-01-01', '1972-02-01', 546789, 'PVL943J4D0VDC411');
insert into ProgettoEdilizio (Codice, DataPresentazione, DataApprovazione, DataInizio, StimaDataFine, DataFine, Costo, Edificio) values ('80937', '1978-05-05', '1978-06-15', '1978-07-01', '1978-08-17', '1979-08-01', 13214, 'PVL943J4D0VDC411');

insert into Lavoro (Nome) values ('MessaInSicurezza');
insert into Lavoro (Nome) values ('Fondamenta');
insert into Lavoro (Nome) values ('InstallazioneInfissi');
insert into Lavoro (Nome) values ('InstallazioneSensori');
insert into Lavoro (Nome) values ('PreparazioneDelTerritorio');
insert into Lavoro (Nome) values ('DelineazionePiani');
insert into Lavoro (Nome) values ('Imbiancatura');
insert into Lavoro (Nome) values ('DettagliInterni');
insert into Lavoro (Nome) values ('DettagliEsterni');
insert into Lavoro (Nome) values ('CostruzioneMurature');

insert into Capocantiere (CodiceFiscale, PagaOraria, NumeroMaxPersone) values ('ZXHBRL80U28W229O', 18, 6);
insert into Capocantiere (CodiceFiscale, PagaOraria, NumeroMaxPersone) values ('VWPBOB71D57H396Q', 16, 6);

insert into Lavoratore (CodiceFiscale, PagaOraria, CapoCantiere, TotaleOre) values ('TEVGDD15W76D112T', 15, 'VWPBOB71D57H396Q', 0);
insert into Lavoratore (CodiceFiscale, PagaOraria, CapoCantiere, TotaleOre) values ('UHTQBK23U77C570D', 13, 'ZXHBRL80U28W229O', 0);
insert into Lavoratore (CodiceFiscale, PagaOraria, CapoCantiere, TotaleOre) values ('QFSWDM90K28V299P', 12, 'VWPBOB71D57H396Q', 0);
insert into Lavoratore (CodiceFiscale, PagaOraria, CapoCantiere, TotaleOre) values ('NKUTXZ55R31C472O', 12, 'ZXHBRL80U28W229O', 0);
insert into Lavoratore (CodiceFiscale, PagaOraria, CapoCantiere, TotaleOre) values ('GMHIJS33D78P821B', 14, 'VWPBOB71D57H396Q', 0);
insert into Lavoratore (CodiceFiscale, PagaOraria, CapoCantiere, TotaleOre) values ('WJRTCC86V58G048O', 15, 'ZXHBRL80U28W229O', 0);
insert into Lavoratore (CodiceFiscale, PagaOraria, CapoCantiere, TotaleOre) values ('ZLITPW75F11G965Z', 13, 'VWPBOB71D57H396Q', 0);
insert into Lavoratore (CodiceFiscale, PagaOraria, CapoCantiere, TotaleOre) values ('RTRXTQ63A00Q452B', 11, 'ZXHBRL80U28W229O', 0);
insert into Lavoratore (CodiceFiscale, PagaOraria, CapoCantiere, TotaleOre) values ('SSBLCW57S76E825W', 15, 'VWPBOB71D57H396Q', 0);
insert into Lavoratore (CodiceFiscale, PagaOraria, CapoCantiere, TotaleOre) values ('YSGAXE92J92X014M', 14, 'ZXHBRL80U28W229O', 0);
insert into Lavoratore (CodiceFiscale, PagaOraria, CapoCantiere, TotaleOre) values ('IZKRTR56E30S572I', 10, 'VWPBOB71D57H396Q', 0);
insert into Lavoratore (CodiceFiscale, PagaOraria, CapoCantiere, TotaleOre) values ('CBXBGZ61A45D864Z', 10, 'ZXHBRL80U28W229O', 0);

insert into Responsabile (CodiceFiscale) values ('ZTMSTY81M81T391Z');
insert into Responsabile (CodiceFiscale) values ('DJZBJO80D16E497H');
insert into Responsabile (CodiceFiscale) values ('YMVYAF15L25G907F');
insert into Responsabile (CodiceFiscale) values ('LQFSLY02V50R579Y');
insert into Responsabile (CodiceFiscale) values ('PZDXDY92U51D382X');

insert into StadioDiAvanzamento (Codice, DataInizio, StimaDataFine, DataFine, ProgettoEdilizio, Responsabile) values ('1316', '2001-02-15', '2001-04-14', '2001-04-14', 16371, 'DJZBJO80D16E497H');
insert into StadioDiAvanzamento (Codice, DataInizio, StimaDataFine, DataFine, ProgettoEdilizio, Responsabile) values ('5022', '2001-04-15', '2001-08-14', '2001-08-14', 16371, 'LQFSLY02V50R579Y');
insert into StadioDiAvanzamento (Codice, DataInizio, StimaDataFine, DataFine, ProgettoEdilizio, Responsabile) values ('7600', '2001-08-15', '2002-01-15', '2002-01-15', 16371, 'PZDXDY92U51D382X');
insert into StadioDiAvanzamento (Codice, DataInizio, StimaDataFine, DataFine, ProgettoEdilizio, Responsabile) values ('3964', '2002-01-06', '2002-01-14', '2002-01-14', 16371, 'DJZBJO80D16E497H');
insert into StadioDiAvanzamento (Codice, DataInizio, StimaDataFine, DataFine, ProgettoEdilizio, Responsabile) values ('0821', '2002-01-15', '2002-01-29', '2002-01-29', 16371, 'LQFSLY02V50R579Y');
insert into StadioDiAvanzamento (Codice, DataInizio, StimaDataFine, DataFine, ProgettoEdilizio, Responsabile) values ('4975', '1990-02-15', '1990-04-14', '1990-04-14', 16958, 'DJZBJO80D16E497H');
insert into StadioDiAvanzamento (Codice, DataInizio, StimaDataFine, DataFine, ProgettoEdilizio, Responsabile) values ('3722', '1990-04-15', '1990-08-14', '1990-08-14', 16958, 'LQFSLY02V50R579Y');
insert into StadioDiAvanzamento (Codice, DataInizio, StimaDataFine, DataFine, ProgettoEdilizio, Responsabile) values ('5421', '1990-08-15', '1992-01-15', '1992-01-15', 16958, 'PZDXDY92U51D382X');
insert into StadioDiAvanzamento (Codice, DataInizio, StimaDataFine, DataFine, ProgettoEdilizio, Responsabile) values ('5793', '1992-01-06', '1992-01-14', '1992-01-14', 16958, 'DJZBJO80D16E497H');
insert into StadioDiAvanzamento (Codice, DataInizio, StimaDataFine, DataFine, ProgettoEdilizio, Responsabile) values ('1951', '1992-01-15', '1992-01-29', '1992-01-29', 16958, 'LQFSLY02V50R579Y');
insert into StadioDiAvanzamento (Codice, DataInizio, StimaDataFine, DataFine, ProgettoEdilizio, Responsabile) values ('7459', '1970-02-15', '1970-04-14', '1970-04-14', 47124, 'DJZBJO80D16E497H');
insert into StadioDiAvanzamento (Codice, DataInizio, StimaDataFine, DataFine, ProgettoEdilizio, Responsabile) values ('8882', '1970-04-15', '1970-08-14', '1970-08-14', 47124, 'LQFSLY02V50R579Y');
insert into StadioDiAvanzamento (Codice, DataInizio, StimaDataFine, DataFine, ProgettoEdilizio, Responsabile) values ('7235', '1970-08-15', '1972-01-15', '1972-01-15', 47124, 'PZDXDY92U51D382X');
insert into StadioDiAvanzamento (Codice, DataInizio, StimaDataFine, DataFine, ProgettoEdilizio, Responsabile) values ('9059', '1972-01-06', '1972-01-14', '1972-01-14', 47124, 'DJZBJO80D16E497H');
insert into StadioDiAvanzamento (Codice, DataInizio, StimaDataFine, DataFine, ProgettoEdilizio, Responsabile) values ('4627', '1972-01-15', '1972-01-29', '1972-01-29', 47124, 'LQFSLY02V50R579Y');
insert into StadioDiAvanzamento (Codice, DataInizio, StimaDataFine, DataFine, ProgettoEdilizio, Responsabile) values ('9890', '2022-03-15', '2023-01-01', null, 45355, 'DJZBJO80D16E497H');
insert into StadioDiAvanzamento (Codice, DataInizio, StimaDataFine, DataFine, ProgettoEdilizio, Responsabile) values ('9241', '2011-07-02', '2012-07-20', '2012-07-20', 52616, 'DJZBJO80D16E497H');
insert into StadioDiAvanzamento (Codice, DataInizio, StimaDataFine, DataFine, ProgettoEdilizio, Responsabile) values ('4314', '2000-07-02', '2000-08-31', '2000-08-31', 64449, 'DJZBJO80D16E497H');
insert into StadioDiAvanzamento (Codice, DataInizio, StimaDataFine, DataFine, ProgettoEdilizio, Responsabile) values ('1578', '2000-07-02', '2000-07-31', '2000-07-31', 80937, 'DJZBJO80D16E497H');

insert into Pianta (Nome, Perimetro, Area) values ('Rettangolare1', 200, 2400);
insert into Pianta (Nome, Perimetro, Area) values ('Rettangolare2', 90, 200);
insert into Pianta (Nome, Perimetro, Area) values ('Rettangolare3', 70, 150);
insert into Pianta (Nome, Perimetro, Area) values ('Quadrata1', 32, 64);
insert into Pianta (Nome, Perimetro, Area) values ('Quadrata2', 36, 81);
insert into Pianta (Nome, Perimetro, Area) values ('Quadrata3', 10, 100);

insert into Piano (ID, Edificio, Pianta) values ('99476', 'FIO864T8K5QRG966', 'Rettangolare2');
insert into Piano (ID, Edificio, Pianta) values ('69760', 'FIO864T8K5QRG966', 'Rettangolare2');
insert into Piano (ID, Edificio, Pianta) values ('82756', 'FIO864T8K5QRG966', 'Rettangolare2');
insert into Piano (ID, Edificio, Pianta) values ('64850', 'FLH648O9Y4AFZ128', 'Rettangolare1');
insert into Piano (ID, Edificio, Pianta) values ('59385', 'FLH648O9Y4AFZ128', 'Rettangolare1');
insert into Piano (ID, Edificio, Pianta) values ('14555', 'PVL943J4D0VDC411', 'Rettangolare3');
insert into Piano (ID, Edificio, Pianta) values ('67938', 'PVL943J4D0VDC411', 'Rettangolare3');

insert into Funzione (Nome) values ('Anticamera');
insert into Funzione (Nome) values ('Ingresso');
insert into Funzione (Nome) values ('Bagno');
insert into Funzione (Nome) values ('CameraMatrimoniale');
insert into Funzione (Nome) values ('CameraSingola');
insert into Funzione (Nome) values ('CameraDaLetto');
insert into Funzione (Nome) values ('Cucina');
insert into Funzione (Nome) values ('Garage');
insert into Funzione (Nome) values ('Salotto');
insert into Funzione (Nome) values ('SalaDaPranzo');
insert into Funzione (Nome) values ('Ufficio');
insert into Funzione (Nome) values ('Stoccaggio');
insert into Funzione (Nome) values ('UtilizzoTecnico');
insert into Funzione (Nome) values ('Altro');
insert into Funzione (Nome) values ('Piscina');
insert into Funzione (Nome) values ('Palestra');
insert into Funzione (Nome) values ('Bibilioteca');
insert into Funzione (Nome) values ('SpazioComune');
insert into Funzione (Nome) values ('Studio');
insert into Funzione (Nome) values ('Sala');
insert into Funzione (Nome) values ('Sgabuzzino');
insert into Funzione (Nome) values ('SottoscalaHarryPotter');
insert into Funzione (Nome) values ('StanzaDelleNecessita');
insert into Funzione (Nome) values ('PortaleDimensionale');
insert into Funzione (Nome) values ('CovoSegreto');
insert into Funzione (Nome) values ('SalaGiochi');

insert into Vano (ID, Perimetro, Area, AltezzaMax, LarghezzaMax, LunghezzaMax, Piano) values ('75968', 10, '6', 2.7, 3, 2, 69760);
insert into Vano (ID, Perimetro, Area, AltezzaMax, LarghezzaMax, LunghezzaMax, Piano) values ('78877', 16, '16', 2.7, 4, 4, 69760);
insert into Vano (ID, Perimetro, Area, AltezzaMax, LarghezzaMax, LunghezzaMax, Piano) values ('81838', 16, '16', 2.7, 4, 4, 69760);
insert into Vano (ID, Perimetro, Area, AltezzaMax, LarghezzaMax, LunghezzaMax, Piano) values ('19047', 16, '16', 2.7, 4, 4, 69760);
insert into Vano (ID, Perimetro, Area, AltezzaMax, LarghezzaMax, LunghezzaMax, Piano) values ('60952', 16, '16', 2.7, 4, 4, 69760);
insert into Vano (ID, Perimetro, Area, AltezzaMax, LarghezzaMax, LunghezzaMax, Piano) values ('81953', 16, '16', 2.7, 4, 4, 69760);
insert into Vano (ID, Perimetro, Area, AltezzaMax, LarghezzaMax, LunghezzaMax, Piano) values ('68370', 10, '6', 2.7, 3, 2, 82756);
insert into Vano (ID, Perimetro, Area, AltezzaMax, LarghezzaMax, LunghezzaMax, Piano) values ('85546', 16, '16', 2.7, 4, 4, 82756);
insert into Vano (ID, Perimetro, Area, AltezzaMax, LarghezzaMax, LunghezzaMax, Piano) values ('88920', 16, '16', 2.7, 4, 4, 82756);
insert into Vano (ID, Perimetro, Area, AltezzaMax, LarghezzaMax, LunghezzaMax, Piano) values ('13389', 16, '16', 2.7, 4, 4, 82756);
insert into Vano (ID, Perimetro, Area, AltezzaMax, LarghezzaMax, LunghezzaMax, Piano) values ('86341', 16, '16', 2.7, 4, 4, 82756);
insert into Vano (ID, Perimetro, Area, AltezzaMax, LarghezzaMax, LunghezzaMax, Piano) values ('63630', 16, '16', 2.7, 4, 4, 82756);
insert into Vano (ID, Perimetro, Area, AltezzaMax, LarghezzaMax, LunghezzaMax, Piano) values ('59358', 10, '6', 2.7, 3, 2, 99476);
insert into Vano (ID, Perimetro, Area, AltezzaMax, LarghezzaMax, LunghezzaMax, Piano) values ('53962', 16, '16', 2.7, 4, 4, 99476);
insert into Vano (ID, Perimetro, Area, AltezzaMax, LarghezzaMax, LunghezzaMax, Piano) values ('54071', 16, '16', 2.7, 4, 4, 99476);
insert into Vano (ID, Perimetro, Area, AltezzaMax, LarghezzaMax, LunghezzaMax, Piano) values ('55222', 16, '16', 2.7, 4, 4, 99476);
insert into Vano (ID, Perimetro, Area, AltezzaMax, LarghezzaMax, LunghezzaMax, Piano) values ('50249', 16, '16', 2.7, 4, 4, 99476);
insert into Vano (ID, Perimetro, Area, AltezzaMax, LarghezzaMax, LunghezzaMax, Piano) values ('52287', 16, '16', 2.7, 4, 4, 99476);
insert into Vano (ID, Perimetro, Area, AltezzaMax, LarghezzaMax, LunghezzaMax, Piano) values ('77071', 20, 25, 2.7, 5, 5, 14555);
insert into Vano (ID, Perimetro, Area, AltezzaMax, LarghezzaMax, LunghezzaMax, Piano) values ('73333', 20, 25, 2.7, 5, 5, 14555);
insert into Vano (ID, Perimetro, Area, AltezzaMax, LarghezzaMax, LunghezzaMax, Piano) values ('72581', 20, 25, 2.7, 5, 5, 14555);
insert into Vano (ID, Perimetro, Area, AltezzaMax, LarghezzaMax, LunghezzaMax, Piano) values ('73459', 20, 25, 2.7, 5, 5, 14555);
insert into Vano (ID, Perimetro, Area, AltezzaMax, LarghezzaMax, LunghezzaMax, Piano) values ('72109', 20, 25, 2.7, 5, 5, 14555);
insert into Vano (ID, Perimetro, Area, AltezzaMax, LarghezzaMax, LunghezzaMax, Piano) values ('73595', 20, 25, 2.7, 5, 5, 14555);
insert into Vano (ID, Perimetro, Area, AltezzaMax, LarghezzaMax, LunghezzaMax, Piano) values ('86912', 20, 25, 2.7, 5, 5, 67938);
insert into Vano (ID, Perimetro, Area, AltezzaMax, LarghezzaMax, LunghezzaMax, Piano) values ('89390', 20, 25, 2.7, 5, 5, 67938);
insert into Vano (ID, Perimetro, Area, AltezzaMax, LarghezzaMax, LunghezzaMax, Piano) values ('80810', 20, 25, 2.7, 5, 5, 67938);
insert into Vano (ID, Perimetro, Area, AltezzaMax, LarghezzaMax, LunghezzaMax, Piano) values ('81105', 20, 25, 2.7, 5, 5, 67938);
insert into Vano (ID, Perimetro, Area, AltezzaMax, LarghezzaMax, LunghezzaMax, Piano) values ('80856', 20, 25, 2.7, 5, 5, 67938);
insert into Vano (ID, Perimetro, Area, AltezzaMax, LarghezzaMax, LunghezzaMax, Piano) values ('83878', 20, 25, 2.7, 5, 5, 67938);
insert into Vano (ID, Perimetro, Area, AltezzaMax, LarghezzaMax, LunghezzaMax, Piano) values ('89991', 200, 2400, 10, 40, 60, 59385);
insert into Vano (ID, Perimetro, Area, AltezzaMax, LarghezzaMax, LunghezzaMax, Piano) values ('85412', 1600, 1600, 10, 40, 60, 59385);
insert into Vano (ID, Perimetro, Area, AltezzaMax, LarghezzaMax, LunghezzaMax, Piano) values ('88171', 164, 800, 10, 25, 32, 59385);

insert into Funzionevano (Vano, Funzione) values ('85412', 'Stoccaggio');
insert into Funzionevano (Vano, Funzione) values ('88171', 'UtilizzoTecnico');
insert into Funzionevano (Vano, Funzione) values ('89991', 'Stoccaggio');

insert into FunzioneVano (Vano, Funzione) values ('73459', 'CameraMatrimoniale');
insert into FunzioneVano (Vano, Funzione) values ('73595', 'Cucina');
insert into FunzioneVano (Vano, Funzione) values ('77071', 'Salotto');
insert into FunzioneVano (Vano, Funzione) values ('72109', 'CameraDaletto');
insert into FunzioneVano (Vano, Funzione) values ('72581', 'Bagno');
insert into FunzioneVano (Vano, Funzione) values ('73333', 'Ingresso');
insert into FunzioneVano (Vano, Funzione) values ('86912', 'CameraMatrimoniale');
insert into FunzioneVano (Vano, Funzione) values ('83878', 'Cucina');
insert into FunzioneVano (Vano, Funzione) values ('81105', 'Salotto');
insert into FunzioneVano (Vano, Funzione) values ('80856', 'CameraDaletto');
insert into FunzioneVano (Vano, Funzione) values ('80810', 'Bagno');
insert into FunzioneVano (Vano, Funzione) values ('89390', 'Ingresso');
insert into FunzioneVano (Vano, Funzione) values ('60952', 'CameraMatrimoniale');
insert into FunzioneVano (Vano, Funzione) values ('75968', 'Cucina');
insert into FunzioneVano (Vano, Funzione) values ('78877', 'Salotto');
insert into FunzioneVano (Vano, Funzione) values ('81838', 'CameraDaletto');
insert into FunzioneVano (Vano, Funzione) values ('81953', 'Bagno');
insert into FunzioneVano (Vano, Funzione) values ('19047', 'Ingresso');
insert into FunzioneVano (Vano, Funzione) values ('68370', 'CameraMatrimoniale');
insert into FunzioneVano (Vano, Funzione) values ('63630', 'Cucina');
insert into FunzioneVano (Vano, Funzione) values ('85546', 'Salotto');
insert into FunzioneVano (Vano, Funzione) values ('86341', 'CameraDaletto');
insert into FunzioneVano (Vano, Funzione) values ('88920', 'Bagno');
insert into FunzioneVano (Vano, Funzione) values ('13389', 'Ingresso');
insert into FunzioneVano (Vano, Funzione) values ('55222', 'CameraMatrimoniale');
insert into FunzioneVano (Vano, Funzione) values ('54071', 'Cucina');
insert into FunzioneVano (Vano, Funzione) values ('53962', 'Salotto');
insert into FunzioneVano (Vano, Funzione) values ('52287', 'CameraDaletto');
insert into FunzioneVano (Vano, Funzione) values ('50249', 'Bagno');
insert into FunzioneVano (Vano, Funzione) values ('59358', 'Ingresso');

insert into tipologiapuntodiaccesso (NomeTipologia) VALUES ('Porta');
insert into tipologiapuntodiaccesso (NomeTipologia) VALUES ('Arco');
insert into tipologiapuntodiaccesso (NomeTipologia) VALUES ('Portafinestra');
insert into tipologiapuntodiaccesso (NomeTipologia) VALUES ('AperturaSenzaSerramento');

insert into PuntoDiAccesso (ID, PuntoCardinale, Perimetro, Area, Collegamento, TipologiaPuntoDiAccesso) values ('25112', 'E', 6.6, 2.3, 'Interno', 'AperturaSenzaSerramento');
insert into PuntoDiAccesso (ID, PuntoCardinale, Perimetro, Area, Collegamento, TipologiaPuntoDiAccesso) values ('25124', 'NW', 6.6, 2.3, 'Esterno', 'Porta');
insert into PuntoDiAccesso (ID, PuntoCardinale, Perimetro, Area, Collegamento, TipologiaPuntoDiAccesso) values ('21945', 'W', 6.6, 2.3, 'Interno', 'Portafinestra');
insert into PuntoDiAccesso (ID, PuntoCardinale, Perimetro, Area, Collegamento, TipologiaPuntoDiAccesso) values ('21306', 'S', 6.6, 2.3, 'Interno', 'Porta');
insert into PuntoDiAccesso (ID, PuntoCardinale, Perimetro, Area, Collegamento, TipologiaPuntoDiAccesso) values ('22844', 'N', 6.6, 2.3, 'Interno', 'AperturaSenzaSerramento');
insert into PuntoDiAccesso (ID, PuntoCardinale, Perimetro, Area, Collegamento, TipologiaPuntoDiAccesso) values ('25880', 'N', 6.6, 2.3, 'Interno', 'Portafinestra');
insert into PuntoDiAccesso (ID, PuntoCardinale, Perimetro, Area, Collegamento, TipologiaPuntoDiAccesso) values ('23155', 'N', 6.6, 2.3, 'Interno', 'Porta');
insert into PuntoDiAccesso (ID, PuntoCardinale, Perimetro, Area, Collegamento, TipologiaPuntoDiAccesso) values ('25735', 'NE', 6.6, 2.3, 'Interno', 'AperturaSenzaSerramento');
insert into PuntoDiAccesso (ID, PuntoCardinale, Perimetro, Area, Collegamento, TipologiaPuntoDiAccesso) values ('20810', 'NE', 6.6, 2.3, 'Interno', 'Portafinestra');
insert into PuntoDiAccesso (ID, PuntoCardinale, Perimetro, Area, Collegamento, TipologiaPuntoDiAccesso) values ('25872', 'NW', 6.6, 2.3, 'Interno', 'AperturaSenzaSerramento');
insert into PuntoDiAccesso (ID, PuntoCardinale, Perimetro, Area, Collegamento, TipologiaPuntoDiAccesso) values ('25053', 'S', 6.6, 2.3, 'Interno', 'AperturaSenzaSerramento');
insert into PuntoDiAccesso (ID, PuntoCardinale, Perimetro, Area, Collegamento, TipologiaPuntoDiAccesso) values ('25507', 'S', 6.6, 2.3, 'Esterno', 'Portafinestra');
insert into PuntoDiAccesso (ID, PuntoCardinale, Perimetro, Area, Collegamento, TipologiaPuntoDiAccesso) values ('20341', 'N', 6.6, 2.3, 'Interno', 'AperturaSenzaSerramento');
insert into PuntoDiAccesso (ID, PuntoCardinale, Perimetro, Area, Collegamento, TipologiaPuntoDiAccesso) values ('25826', 'SW', 6.6, 2.3, 'Interno', 'Portafinestra');
insert into PuntoDiAccesso (ID, PuntoCardinale, Perimetro, Area, Collegamento, TipologiaPuntoDiAccesso) values ('26005', 'NE', 6.6, 2.3, 'Interno', 'AperturaSenzaSerramento');
insert into PuntoDiAccesso (ID, PuntoCardinale, Perimetro, Area, Collegamento, TipologiaPuntoDiAccesso) values ('23085', 'S', 6.6, 2.3, 'Interno', 'Portafinestra');
insert into PuntoDiAccesso (ID, PuntoCardinale, Perimetro, Area, Collegamento, TipologiaPuntoDiAccesso) values ('29626', 'N', 16, 15, 'Esterno', 'Porta');
INSERT INTO Puntodiaccesso (ID, PuntoCardinale, Perimetro, Area, Collegamento, TipologiaPuntoDiAccesso) VALUES ('20990', 'N', '7', '2', 'Interno', 'Porta');

INSERT INTO Accessovano (PuntoDiAccesso, Vano) VALUES ('29626', '89991');
insert into AccessoVano (Vano, PuntoDiAccesso) values ('13389', 20341);
insert into AccessoVano (Vano, PuntoDiAccesso) values ('19047', 20810);
insert into AccessoVano (Vano, PuntoDiAccesso) values ('50249', 20990);
insert into AccessoVano (Vano, PuntoDiAccesso) values ('52287', 21306);
insert into AccessoVano (Vano, PuntoDiAccesso) values ('53962', 21945);
insert into AccessoVano (Vano, PuntoDiAccesso) values ('54071', 22844);
insert into AccessoVano (Vano, PuntoDiAccesso) values ('55222', 23085);
insert into AccessoVano (Vano, PuntoDiAccesso) values ('59358', 23155);
insert into AccessoVano (Vano, PuntoDiAccesso) values ('60952', 25053);
insert into AccessoVano (Vano, PuntoDiAccesso) values ('63630', 25112);
insert into AccessoVano (Vano, PuntoDiAccesso) values ('68370', 25124);
insert into AccessoVano (Vano, PuntoDiAccesso) values ('72109', 25507);
insert into AccessoVano (Vano, PuntoDiAccesso) values ('72581', 25735);
insert into AccessoVano (Vano, PuntoDiAccesso) values ('73333', 25826);
insert into AccessoVano (Vano, PuntoDiAccesso) values ('73459', 25872);
insert into AccessoVano (Vano, PuntoDiAccesso) values ('73595', 25880);
insert into AccessoVano (Vano, PuntoDiAccesso) values ('75968', 26005);
insert into AccessoVano (Vano, PuntoDiAccesso) values ('77071', 20341);
insert into AccessoVano (Vano, PuntoDiAccesso) values ('78877', 20810);
insert into AccessoVano (Vano, PuntoDiAccesso) values ('80810', 20990);
insert into AccessoVano (Vano, PuntoDiAccesso) values ('80856', 21306);
insert into AccessoVano (Vano, PuntoDiAccesso) values ('81105', 21945);
insert into AccessoVano (Vano, PuntoDiAccesso) values ('81838', 22844);
insert into AccessoVano (Vano, PuntoDiAccesso) values ('81953', 23085);
insert into AccessoVano (Vano, PuntoDiAccesso) values ('83878', 23155);
insert into AccessoVano (Vano, PuntoDiAccesso) values ('85546', 25053);
insert into AccessoVano (Vano, PuntoDiAccesso) values ('86341', 25112);
insert into AccessoVano (Vano, PuntoDiAccesso) values ('86912', 25124);
insert into AccessoVano (Vano, PuntoDiAccesso) values ('88920', 25507);
insert into AccessoVano (Vano, PuntoDiAccesso) values ('89390', 25735);

insert into Finestra (ID, PuntoCardinale, Perimetro, Area, Vano) values ('409', 'N', 6, 2.25, 50249);
insert into Finestra (ID, PuntoCardinale, Perimetro, Area, Vano) values ('446', 'S', 6, 2.25, 85412);
insert into Finestra (ID, PuntoCardinale, Perimetro, Area, Vano) values ('742', 'W', 6, 2.25, 78877);
insert into Finestra (ID, PuntoCardinale, Perimetro, Area, Vano) values ('897', 'E', 6, 2.25, 85546);
insert into Finestra (ID, PuntoCardinale, Perimetro, Area, Vano) values ('146', 'NE', 6, 2.25, 89991);
insert into Finestra (ID, PuntoCardinale, Perimetro, Area, Vano) values ('006', 'NW', 6, 2.25, 81838);
insert into Finestra (ID, PuntoCardinale, Perimetro, Area, Vano) values ('152', 'SE', 6, 2.25, 88171);
insert into Finestra (ID, PuntoCardinale, Perimetro, Area, Vano) values ('844', 'SW', 6, 2.25, 81953);
insert into Finestra (ID, PuntoCardinale, Perimetro, Area, Vano) values ('669', 'N', 6, 2.25, 72581);
insert into Finestra (ID, PuntoCardinale, Perimetro, Area, Vano) values ('489', 'S', 6, 2.25, 73459);
insert into Finestra (ID, PuntoCardinale, Perimetro, Area, Vano) values ('935', 'W', 6, 2.25, 89390);
insert into Finestra (ID, PuntoCardinale, Perimetro, Area, Vano) values ('151', 'E', 6, 2.25, 77071);
insert into Finestra (ID, PuntoCardinale, Perimetro, Area, Vano) values ('973', 'NE', 6, 2.25, 78877);
insert into Finestra (ID, PuntoCardinale, Perimetro, Area, Vano) values ('809', 'NW', 6, 2.25, 19047);
insert into Finestra (ID, PuntoCardinale, Perimetro, Area, Vano) values ('266', 'SE', 6, 2.25, 19047);
insert into Finestra (ID, PuntoCardinale, Perimetro, Area, Vano) values ('317', 'SW', 6, 2.25, 89991);
insert into Finestra (ID, PuntoCardinale, Perimetro, Area, Vano) values ('523', 'N', 6, 2.25, 55222);
insert into Finestra (ID, PuntoCardinale, Perimetro, Area, Vano) values ('102', 'S', 6, 2.25, 19047);
insert into Finestra (ID, PuntoCardinale, Perimetro, Area, Vano) values ('668', 'W', 6, 2.25, 80810);
insert into Finestra (ID, PuntoCardinale, Perimetro, Area, Vano) values ('365', 'E', 6, 2.25, 86912);
insert into Finestra (ID, PuntoCardinale, Perimetro, Area, Vano) values ('927', 'NE', 6, 2.25, 73459);
insert into Finestra (ID, PuntoCardinale, Perimetro, Area, Vano) values ('073', 'NW', 6, 2.25, 81953);
insert into Finestra (ID, PuntoCardinale, Perimetro, Area, Vano) values ('203', 'SE', 6, 2.25, 73459);
insert into Finestra (ID, PuntoCardinale, Perimetro, Area, Vano) values ('447', 'SW', 6, 2.25, 86341);
insert into Finestra (ID, PuntoCardinale, Perimetro, Area, Vano) values ('633', 'N', 6, 2.25, 72581);                   
insert into Finestra (ID, PuntoCardinale, Perimetro, Area, Vano) values ('282', 'W', 6, 2.25, 80810);
insert into Finestra (ID, PuntoCardinale, Perimetro, Area, Vano) values ('182', 'E', 6, 2.25, 55222);
insert into Finestra (ID, PuntoCardinale, Perimetro, Area, Vano) values ('304', 'NE', 6, 2.25, 59358);
insert into Finestra (ID, PuntoCardinale, Perimetro, Area, Vano) values ('711', 'NW', 6, 2.25, 80856);
insert into Finestra (ID, PuntoCardinale, Perimetro, Area, Vano) values ('321', 'SE', 6, 2.25, 81953);
insert into Finestra (ID, PuntoCardinale, Perimetro, Area, Vano) values ('675', 'SW', 6, 2.25, 86912);
insert into Finestra (ID, PuntoCardinale, Perimetro, Area, Vano) values ('560', 'N', 6, 2.25, 85546);
insert into Finestra (ID, PuntoCardinale, Perimetro, Area, Vano) values ('099', 'S', 6, 2.25, 78877);
insert into Finestra (ID, PuntoCardinale, Perimetro, Area, Vano) values ('821', 'W', 6, 2.25, 78877);
insert into Finestra (ID, PuntoCardinale, Perimetro, Area, Vano) values ('625', 'E', 6, 2.25, 54071);
insert into Finestra (ID, PuntoCardinale, Perimetro, Area, Vano) values ('331', 'NE', 6, 2.25, 86912);
insert into Finestra (ID, PuntoCardinale, Perimetro, Area, Vano) values ('264', 'NW', 6, 2.25, 81838);
insert into Finestra (ID, PuntoCardinale, Perimetro, Area, Vano) values ('796', 'SE', 6, 2.25, 73595);
insert into Finestra (ID, PuntoCardinale, Perimetro, Area, Vano) values ('374', 'SW', 6, 2.25, 68370);
insert into Finestra (ID, PuntoCardinale, Perimetro, Area, Vano) values ('228', 'N', 6, 2.25, 88171);
insert into Finestra (ID, PuntoCardinale, Perimetro, Area, Vano) values ('953', 'S', 6, 2.25, 72109);
insert into Finestra (ID, PuntoCardinale, Perimetro, Area, Vano) values ('626', 'W', 6, 2.25, 80810);
insert into Finestra (ID, PuntoCardinale, Perimetro, Area, Vano) values ('376', 'E', 6, 2.25, 54071);
insert into Finestra (ID, PuntoCardinale, Perimetro, Area, Vano) values ('051', 'NE', 6, 2.25, 73459);
insert into Finestra (ID, PuntoCardinale, Perimetro, Area, Vano) values ('639', 'NW', 6, 2.25, 81953);
insert into Finestra (ID, PuntoCardinale, Perimetro, Area, Vano) values ('272', 'SE', 6, 2.25, 72109);
insert into Finestra (ID, PuntoCardinale, Perimetro, Area, Vano) values ('045', 'SW', 6, 2.25, 83878);
insert into Finestra (ID, PuntoCardinale, Perimetro, Area, Vano) values ('204', 'N', 6, 2.25, 80810);
insert into Finestra (ID, PuntoCardinale, Perimetro, Area, Vano) values ('715', 'S', 6, 2.25, 89390);
insert into Finestra (ID, PuntoCardinale, Perimetro, Area, Vano) values ('402', 'W', 6, 2.25, 13389);
insert into Finestra (ID, PuntoCardinale, Perimetro, Area, Vano) values ('736', 'E', 6, 2.25, 88171);
insert into Finestra (ID, PuntoCardinale, Perimetro, Area, Vano) values ('839', 'NE', 6, 2.25, 55222);
insert into Finestra (ID, PuntoCardinale, Perimetro, Area, Vano) values ('998', 'NW', 6, 2.25, 55222);
insert into Finestra (ID, PuntoCardinale, Perimetro, Area, Vano) values ('449', 'SE', 6, 2.25, 78877);
insert into Finestra (ID, PuntoCardinale, Perimetro, Area, Vano) values ('648', 'SW', 6, 2.25, 19047);
insert into Finestra (ID, PuntoCardinale, Perimetro, Area, Vano) values ('473', 'N', 6, 2.25, 81838);
insert into Finestra (ID, PuntoCardinale, Perimetro, Area, Vano) values ('017', 'S', 6, 2.25, 80856);
insert into Finestra (ID, PuntoCardinale, Perimetro, Area, Vano) values ('110', 'W', 6, 2.25, 81953); 

insert into Muratura (ID, Descrizione) values ('MUR78969', 'Portante');
insert into Muratura (ID, Descrizione) values ('MUR35942', 'Rimuovibile');
insert into Muratura (ID, Descrizione) values ('MUR56443', 'Portante');
insert into Muratura (ID, Descrizione) values ('MUR89692', 'Rimuovibile');
insert into Muratura (ID, Descrizione) values ('MUR15583', 'Portante');
insert into Muratura (ID, Descrizione) values ('MUR24627', 'Portante');
insert into Muratura (ID, Descrizione) values ('MUR64891', 'Rimuovibile');
insert into Muratura (ID, Descrizione) values ('MUR45998', 'Portante');
insert into Muratura (ID, Descrizione) values ('MUR71686', 'Portante');
insert into Muratura (ID, Descrizione) values ('MUR49240', 'Portante');
insert into Muratura (ID, Descrizione) values ('MUR95769', 'Rimuovibile');
insert into Muratura (ID, Descrizione) values ('MUR89994', 'Portante');
insert into Muratura (ID, Descrizione) values ('MUR19377', 'Portante');
insert into Muratura (ID, Descrizione) values ('MUR62880', 'Portante');
insert into Muratura (ID, Descrizione) values ('MUR07841', 'Rimuovibile');
insert into Muratura (ID, Descrizione) values ('MUR74979', 'Portante');
insert into Muratura (ID, Descrizione) values ('MUR37320', 'Portante');
insert into Muratura (ID, Descrizione) values ('MUR65884', 'Rimuovibile');
insert into Muratura (ID, Descrizione) values ('MUR91347', 'Portante');
insert into Muratura (ID, Descrizione) values ('MUR53661', 'Portante');
insert into Muratura (ID, Descrizione) values ('MUR06911', 'Rimuovibile');
insert into Muratura (ID, Descrizione) values ('MUR33396', 'Rimuovibile');
insert into Muratura (ID, Descrizione) values ('MUR98272', 'Rimuovibile');
insert into Muratura (ID, Descrizione) values ('MUR09985', 'Portante');
insert into Muratura (ID, Descrizione) values ('MUR88198', 'Portante');
insert into Muratura (ID, Descrizione) values ('MUR42987', 'Rimuovibile');
insert into Muratura (ID, Descrizione) values ('MUR81760', 'Portante');
insert into Muratura (ID, Descrizione) values ('MUR41668', 'Rimuovibile');
insert into Muratura (ID, Descrizione) values ('MUR38739', 'Rimuovibile');
insert into Muratura (ID, Descrizione) values ('MUR60263', 'Rimuovibile');
insert into Muratura (ID, Descrizione) values ('MUR13408', 'Rimuovibile');
insert into Muratura (ID, Descrizione) values ('MUR14674', 'Rimuovibile');
insert into Muratura (ID, Descrizione) values ('MUR60979', 'Portante');
insert into Muratura (ID, Descrizione) values ('MUR67650', 'Portante');
insert into Muratura (ID, Descrizione) values ('MUR91133', 'Portante');
insert into Muratura (ID, Descrizione) values ('MUR58069', 'Portante');
insert into Muratura (ID, Descrizione) values ('MUR08282', 'Portante');
insert into Muratura (ID, Descrizione) values ('MUR75340', 'Rimuovibile');
insert into Muratura (ID, Descrizione) values ('MUR66929', 'Rimuovibile');
insert into Muratura (ID, Descrizione) values ('MUR14051', 'Portante');
insert into Muratura (ID, Descrizione) values ('MUR82061', 'Rimuovibile');
insert into Muratura (ID, Descrizione) values ('MUR91571', 'Portante');
insert into Muratura (ID, Descrizione) values ('MUR71885', 'Portante');
insert into Muratura (ID, Descrizione) values ('MUR79982', 'Portante');
insert into Muratura (ID, Descrizione) values ('MUR25733', 'Portante');
insert into Muratura (ID, Descrizione) values ('MUR13894', 'Portante');
insert into Muratura (ID, Descrizione) values ('MUR86243', 'Portante');
insert into Muratura (ID, Descrizione) values ('MUR60384', 'Rimuovibile');
insert into Muratura (ID, Descrizione) values ('MUR85431', 'Rimuovibile');
insert into Muratura (ID, Descrizione) values ('MUR16495', 'Portante');
insert into Muratura (ID, Descrizione) values ('MUR06917', 'Rimuovibile');
insert into Muratura (ID, Descrizione) values ('MUR09511', 'Portante');
insert into Muratura (ID, Descrizione) values ('MUR79930', 'Portante');
insert into Muratura (ID, Descrizione) values ('MUR48815', 'Rimuovibile');
insert into Muratura (ID, Descrizione) values ('MUR56292', 'Rimuovibile');
insert into Muratura (ID, Descrizione) values ('MUR87697', 'Portante');
insert into Muratura (ID, Descrizione) values ('MUR97510', 'Rimuovibile');
insert into Muratura (ID, Descrizione) values ('MUR19362', 'Rimuovibile');
insert into Muratura (ID, Descrizione) values ('MUR90003', 'Portante');
insert into Muratura (ID, Descrizione) values ('MUR60776', 'Rimuovibile');
insert into Muratura (ID, Descrizione) values ('MUR87750', 'Portante');
insert into Muratura (ID, Descrizione) values ('MUR69981', 'Portante');
insert into Muratura (ID, Descrizione) values ('MUR31363', 'Portante');
insert into Muratura (ID, Descrizione) values ('MUR75945', 'Portante');
insert into Muratura (ID, Descrizione) values ('MUR94020', 'Rimuovibile');
insert into Muratura (ID, Descrizione) values ('MUR08745', 'Rimuovibile');
insert into Muratura (ID, Descrizione) values ('MUR61292', 'Rimuovibile');
insert into Muratura (ID, Descrizione) values ('MUR25218', 'Portante');
insert into Muratura (ID, Descrizione) values ('MUR87936', 'Portante');
insert into Muratura (ID, Descrizione) values ('MUR13027', 'Portante');
insert into Muratura (ID, Descrizione) values ('MUR49349', 'Rimuovibile');
insert into Muratura (ID, Descrizione) values ('MUR98314', 'Rimuovibile');
insert into Muratura (ID, Descrizione) values ('MUR45322', 'Portante');
insert into Muratura (ID, Descrizione) values ('MUR35417', 'Portante');
insert into Muratura (ID, Descrizione) values ('MUR87736', 'Rimuovibile');
insert into Muratura (ID, Descrizione) values ('MUR09015', 'Rimuovibile');
insert into Muratura (ID, Descrizione) values ('MUR85743', 'Rimuovibile');
insert into Muratura (ID, Descrizione) values ('MUR97389', 'Portante');
insert into Muratura (ID, Descrizione) values ('MUR90648', 'Portante');
insert into Muratura (ID, Descrizione) values ('MUR60734', 'Portante');
insert into Muratura (ID, Descrizione) values ('MUR86652', 'Portante');
insert into Muratura (ID, Descrizione) values ('MUR01641', 'Rimuovibile');
insert into Muratura (ID, Descrizione) values ('MUR31453', 'Rimuovibile');
insert into Muratura (ID, Descrizione) values ('MUR27206', 'Rimuovibile');
insert into Muratura (ID, Descrizione) values ('MUR08362', 'Portante');
insert into Muratura (ID, Descrizione) values ('MUR35582', 'Portante');
insert into Muratura (ID, Descrizione) values ('MUR16065', 'Portante');
insert into Muratura (ID, Descrizione) values ('MUR62649', 'Portante');
insert into Muratura (ID, Descrizione) values ('MUR31189', 'Portante');
insert into Muratura (ID, Descrizione) values ('MUR51552', 'Rimuovibile');
insert into Muratura (ID, Descrizione) values ('MUR79220', 'Rimuovibile');
insert into Muratura (ID, Descrizione) values ('MUR23409', 'Portante');
insert into Muratura (ID, Descrizione) values ('MUR33510', 'Portante');
insert into Muratura (ID, Descrizione) values ('MUR73603', 'Portante');
insert into Muratura (ID, Descrizione) values ('MUR43754', 'Portante');
insert into Muratura (ID, Descrizione) values ('MUR09533', 'Rimuovibile');
insert into Muratura (ID, Descrizione) values ('MUR28981', 'Portante');
insert into Muratura (ID, Descrizione) values ('MUR73980', 'Portante');
insert into Muratura (ID, Descrizione) values ('MUR20637', 'Portante');
insert into Muratura (ID, Descrizione) values ('MUR41632', 'Portante');
insert into Muratura (ID, Descrizione) values ('MUR21160', 'Portante');
insert into Muratura (ID, Descrizione) values ('MUR50780', 'Portante');
insert into Muratura (ID, Descrizione) values ('MUR27561', 'Rimuovibile');
insert into Muratura (ID, Descrizione) values ('MUR10597', 'Portante');
insert into Muratura (ID, Descrizione) values ('MUR20369', 'Portante');
insert into Muratura (ID, Descrizione) values ('MUR95535', 'Rimuovibile');
insert into Muratura (ID, Descrizione) values ('MUR55894', 'Rimuovibile');
insert into Muratura (ID, Descrizione) values ('MUR29756', 'Rimuovibile');
insert into Muratura (ID, Descrizione) values ('MUR91084', 'Portante');
insert into Muratura (ID, Descrizione) values ('MUR85609', 'Rimuovibile');
insert into Muratura (ID, Descrizione) values ('MUR92062', 'Portante');
insert into Muratura (ID, Descrizione) values ('MUR74367', 'Rimuovibile');
insert into Muratura (ID, Descrizione) values ('MUR80957', 'Portante');
insert into Muratura (ID, Descrizione) values ('MUR05112', 'Rimuovibile');
insert into Muratura (ID, Descrizione) values ('MUR22763', 'Portante');
insert into Muratura (ID, Descrizione) values ('MUR93880', 'Portante');
insert into Muratura (ID, Descrizione) values ('MUR13758', 'Portante');
insert into Muratura (ID, Descrizione) values ('MUR19564', 'Portante');
insert into Muratura (ID, Descrizione) values ('MUR76254', 'Rimuovibile');
insert into Muratura (ID, Descrizione) values ('MUR69020', 'Rimuovibile');
insert into Muratura (ID, Descrizione) values ('MUR85528', 'Rimuovibile');
insert into Muratura (ID, Descrizione) values ('MUR08790', 'Rimuovibile');
insert into Muratura (ID, Descrizione) values ('MUR48157', 'Portante');
insert into Muratura (ID, Descrizione) values ('MUR99300', 'Rimuovibile');
insert into Muratura (ID, Descrizione) values ('MUR67916', 'Portante');
insert into Muratura (ID, Descrizione) values ('MUR75821', 'Rimuovibile');
insert into Muratura (ID, Descrizione) values ('MUR22790', 'Rimuovibile');
insert into Muratura (ID, Descrizione) values ('MUR00904', 'Portante');
insert into Muratura (ID, Descrizione) values ('MUR36233', 'Rimuovibile');
insert into Muratura (ID, Descrizione) values ('MUR26956', 'Rimuovibile');
insert into Muratura (ID, Descrizione) values ('MUR65753', 'Portante');
insert into Muratura (ID, Descrizione) values ('MUR20050', 'Rimuovibile');
insert into Muratura (ID, Descrizione) values ('MUR75740', 'Portante');
insert into Muratura (ID, Descrizione) values ('MUR31796', 'Portante');
insert into Muratura (ID, Descrizione) values ('MUR10940', 'Rimuovibile');
insert into Muratura (ID, Descrizione) values ('MUR89989', 'Portante');
insert into Muratura (ID, Descrizione) values ('MUR37672', 'Rimuovibile');
insert into Muratura (ID, Descrizione) values ('MUR94024', 'Rimuovibile');
insert into Muratura (ID, Descrizione) values ('MUR79234', 'Rimuovibile');
insert into Muratura (ID, Descrizione) values ('MUR27794', 'Portante');
insert into Muratura (ID, Descrizione) values ('MUR27759', 'Rimuovibile');
insert into Muratura (ID, Descrizione) values ('MUR56211', 'Portante');
insert into Muratura (ID, Descrizione) values ('MUR60823', 'Portante');
insert into Muratura (ID, Descrizione) values ('MUR78856', 'Rimuovibile');
insert into Muratura (ID, Descrizione) values ('MUR15120', 'Portante');
insert into Muratura (ID, Descrizione) values ('MUR08089', 'Portante');
insert into Muratura (ID, Descrizione) values ('MUR21851', 'Portante');
insert into Muratura (ID, Descrizione) values ('MUR93858', 'Rimuovibile');
insert into Muratura (ID, Descrizione) values ('MUR74929', 'Portante');
insert into Muratura (ID, Descrizione) values ('MUR34176', 'Portante');
insert into Muratura (ID, Descrizione) values ('MUR64629', 'Portante');
insert into Muratura (ID, Descrizione) values ('MUR35565', 'Portante');
insert into Muratura (ID, Descrizione) values ('MUR95316', 'Rimuovibile');
insert into Muratura (ID, Descrizione) values ('MUR19817', 'Rimuovibile');
insert into Muratura (ID, Descrizione) values ('MUR66441', 'Rimuovibile');
insert into Muratura (ID, Descrizione) values ('MUR07895', 'Rimuovibile');
insert into Muratura (ID, Descrizione) values ('MUR51497', 'Portante');
insert into Muratura (ID, Descrizione) values ('MUR38019', 'Rimuovibile');
insert into Muratura (ID, Descrizione) values ('MUR56534', 'Portante');
insert into Muratura (ID, Descrizione) values ('MUR48516', 'Rimuovibile');
insert into Muratura (ID, Descrizione) values ('MUR62233', 'Rimuovibile');
insert into Muratura (ID, Descrizione) values ('MUR44733', 'Portante');
insert into Muratura (ID, Descrizione) values ('MUR81218', 'Rimuovibile');
insert into Muratura (ID, Descrizione) values ('MUR21080', 'Portante');
insert into Muratura (ID, Descrizione) values ('MUR54054', 'Rimuovibile');
insert into Muratura (ID, Descrizione) values ('MUR10242', 'Portante');
insert into Muratura (ID, Descrizione) values ('MUR12623', 'Rimuovibile');
insert into Muratura (ID, Descrizione) values ('MUR63825', 'Portante');
insert into Muratura (ID, Descrizione) values ('MUR10002', 'Portante');
insert into Muratura (ID, Descrizione) values ('MUR01501', 'Portante');
insert into Muratura (ID, Descrizione) values ('MUR07660', 'Portante');
insert into Muratura (ID, Descrizione) values ('MUR48811', 'Portante');
insert into Muratura (ID, Descrizione) values ('MUR31802', 'Rimuovibile');
insert into Muratura (ID, Descrizione) values ('MUR08059', 'Rimuovibile');
insert into Muratura (ID, Descrizione) values ('MUR78440', 'Rimuovibile');
insert into Muratura (ID, Descrizione) values ('MUR61621', 'Rimuovibile');
insert into Muratura (ID, Descrizione) values ('MUR57570', 'Rimuovibile');
insert into Muratura (ID, Descrizione) values ('MUR56931', 'Rimuovibile');
insert into Muratura (ID, Descrizione) values ('MUR49022', 'Rimuovibile');
insert into Muratura (ID, Descrizione) values ('MUR29805', 'Rimuovibile');
insert into Muratura (ID, Descrizione) values ('MUR83569', 'Rimuovibile');
insert into Muratura (ID, Descrizione) values ('MUR81220', 'Portante');
insert into Muratura (ID, Descrizione) values ('MUR27779', 'Rimuovibile');
insert into Muratura (ID, Descrizione) values ('MUR20802', 'Portante');
insert into Muratura (ID, Descrizione) values ('MUR44823', 'Portante');
insert into Muratura (ID, Descrizione) values ('MUR15531', 'Portante');
insert into Muratura (ID, Descrizione) values ('MUR84093', 'Rimuovibile');
insert into Muratura (ID, Descrizione) values ('MUR75866', 'Portante');
insert into Muratura (ID, Descrizione) values ('MUR87149', 'Rimuovibile');
insert into Muratura (ID, Descrizione) values ('MUR83614', 'Portante');
insert into Muratura (ID, Descrizione) values ('MUR42677', 'Rimuovibile');
insert into Muratura (ID, Descrizione) values ('MUR65015', 'Portante');
insert into Muratura (ID, Descrizione) values ('MUR96246', 'Portante');
insert into Muratura (ID, Descrizione) values ('MUR71098', 'Rimuovibile');
insert into Muratura (ID, Descrizione) values ('MUR64679', 'Portante');
insert into Muratura (ID, Descrizione) values ('MUR90352', 'Portante');
insert into Muratura (ID, Descrizione) values ('MUR08767', 'Rimuovibile');
insert into Muratura (ID, Descrizione) values ('MUR16848', 'Portante');

insert into StrutturaVano (Muratura, Vano) values ('MUR00904', 13389);
insert into StrutturaVano (Muratura, Vano) values ('MUR01501', 19047);
insert into StrutturaVano (Muratura, Vano) values ('MUR01641', 50249);
insert into StrutturaVano (Muratura, Vano) values ('MUR05112', 52287);
insert into StrutturaVano (Muratura, Vano) values ('MUR06911', 53962);
insert into StrutturaVano (Muratura, Vano) values ('MUR06917', 54071);
insert into StrutturaVano (Muratura, Vano) values ('MUR07660', 55222);
insert into StrutturaVano (Muratura, Vano) values ('MUR07841', 59358);
insert into StrutturaVano (Muratura, Vano) values ('MUR07895', 60952);
insert into StrutturaVano (Muratura, Vano) values ('MUR08059', 63630);
insert into StrutturaVano (Muratura, Vano) values ('MUR08089', 68370);
insert into StrutturaVano (Muratura, Vano) values ('MUR08282', 72109);
insert into StrutturaVano (Muratura, Vano) values ('MUR08362', 72581);
insert into StrutturaVano (Muratura, Vano) values ('MUR08745', 73333);
insert into StrutturaVano (Muratura, Vano) values ('MUR08767', 73459);
insert into StrutturaVano (Muratura, Vano) values ('MUR08790', 73595);
insert into StrutturaVano (Muratura, Vano) values ('MUR09015', 75968);
insert into StrutturaVano (Muratura, Vano) values ('MUR09511', 77071);
insert into StrutturaVano (Muratura, Vano) values ('MUR09533', 78877);
insert into StrutturaVano (Muratura, Vano) values ('MUR09985', 80810);
insert into StrutturaVano (Muratura, Vano) values ('MUR10002', 80856);
insert into StrutturaVano (Muratura, Vano) values ('MUR10242', 81105);
insert into StrutturaVano (Muratura, Vano) values ('MUR10597', 81838);
insert into StrutturaVano (Muratura, Vano) values ('MUR10940', 81953);
insert into StrutturaVano (Muratura, Vano) values ('MUR12623', 83878);
insert into StrutturaVano (Muratura, Vano) values ('MUR13027', 85412);
insert into StrutturaVano (Muratura, Vano) values ('MUR13408', 85546);
insert into StrutturaVano (Muratura, Vano) values ('MUR13758', 86341);
insert into StrutturaVano (Muratura, Vano) values ('MUR13894', 86912);
insert into StrutturaVano (Muratura, Vano) values ('MUR14051', 88171);
insert into StrutturaVano (Muratura, Vano) values ('MUR14674', 88920);
insert into StrutturaVano (Muratura, Vano) values ('MUR15120', 89390);
insert into StrutturaVano (Muratura, Vano) values ('MUR15531', 89991);
insert into StrutturaVano (Muratura, Vano) values ('MUR15583', 13389);
insert into StrutturaVano (Muratura, Vano) values ('MUR16065', 19047);
insert into StrutturaVano (Muratura, Vano) values ('MUR16495', 50249);
insert into StrutturaVano (Muratura, Vano) values ('MUR16848', 52287);
insert into StrutturaVano (Muratura, Vano) values ('MUR19362', 53962);
insert into StrutturaVano (Muratura, Vano) values ('MUR19377', 54071);
insert into StrutturaVano (Muratura, Vano) values ('MUR19564', 55222);
insert into StrutturaVano (Muratura, Vano) values ('MUR19817', 59358);
insert into StrutturaVano (Muratura, Vano) values ('MUR20050', 60952);
insert into StrutturaVano (Muratura, Vano) values ('MUR20369', 63630);
insert into StrutturaVano (Muratura, Vano) values ('MUR20637', 68370);
insert into StrutturaVano (Muratura, Vano) values ('MUR20802', 72109);
insert into StrutturaVano (Muratura, Vano) values ('MUR21080', 72581);
insert into StrutturaVano (Muratura, Vano) values ('MUR21160', 73333);
insert into StrutturaVano (Muratura, Vano) values ('MUR21851', 73459);
insert into StrutturaVano (Muratura, Vano) values ('MUR22763', 73595);
insert into StrutturaVano (Muratura, Vano) values ('MUR22790', 75968);
insert into StrutturaVano (Muratura, Vano) values ('MUR23409', 77071);
insert into StrutturaVano (Muratura, Vano) values ('MUR24627', 78877);
insert into StrutturaVano (Muratura, Vano) values ('MUR25218', 80810);
insert into StrutturaVano (Muratura, Vano) values ('MUR25733', 80856);
insert into StrutturaVano (Muratura, Vano) values ('MUR26956', 81105);
insert into StrutturaVano (Muratura, Vano) values ('MUR27206', 81838);
insert into StrutturaVano (Muratura, Vano) values ('MUR27561', 81953);
insert into StrutturaVano (Muratura, Vano) values ('MUR27759', 83878);
insert into StrutturaVano (Muratura, Vano) values ('MUR27779', 85412);
insert into StrutturaVano (Muratura, Vano) values ('MUR27794', 85546);
insert into StrutturaVano (Muratura, Vano) values ('MUR28981', 86341);
insert into StrutturaVano (Muratura, Vano) values ('MUR29756', 86912);
insert into StrutturaVano (Muratura, Vano) values ('MUR29805', 88171);
insert into StrutturaVano (Muratura, Vano) values ('MUR31189', 88920);
insert into StrutturaVano (Muratura, Vano) values ('MUR31363', 89390);
insert into StrutturaVano (Muratura, Vano) values ('MUR31453', 89991);
insert into StrutturaVano (Muratura, Vano) values ('MUR31796', 13389);
insert into StrutturaVano (Muratura, Vano) values ('MUR31802', 19047);
insert into StrutturaVano (Muratura, Vano) values ('MUR33396', 50249);
insert into StrutturaVano (Muratura, Vano) values ('MUR33510', 52287);
insert into StrutturaVano (Muratura, Vano) values ('MUR34176', 53962);
insert into StrutturaVano (Muratura, Vano) values ('MUR35417', 54071);
insert into StrutturaVano (Muratura, Vano) values ('MUR35565', 55222);
insert into StrutturaVano (Muratura, Vano) values ('MUR35582', 59358);
insert into StrutturaVano (Muratura, Vano) values ('MUR35942', 60952);
insert into StrutturaVano (Muratura, Vano) values ('MUR36233', 63630);
insert into StrutturaVano (Muratura, Vano) values ('MUR37320', 68370);
insert into StrutturaVano (Muratura, Vano) values ('MUR37672', 72109);
insert into StrutturaVano (Muratura, Vano) values ('MUR38019', 72581);
insert into StrutturaVano (Muratura, Vano) values ('MUR38739', 73333);
insert into StrutturaVano (Muratura, Vano) values ('MUR41632', 73459);
insert into StrutturaVano (Muratura, Vano) values ('MUR41668', 73595);
insert into StrutturaVano (Muratura, Vano) values ('MUR42677', 75968);
insert into StrutturaVano (Muratura, Vano) values ('MUR42987', 77071);
insert into StrutturaVano (Muratura, Vano) values ('MUR43754', 78877);
insert into StrutturaVano (Muratura, Vano) values ('MUR44733', 80810);
insert into StrutturaVano (Muratura, Vano) values ('MUR44823', 80856);
insert into StrutturaVano (Muratura, Vano) values ('MUR45322', 81105);
insert into StrutturaVano (Muratura, Vano) values ('MUR45998', 81838);
insert into StrutturaVano (Muratura, Vano) values ('MUR48157', 81953);
insert into StrutturaVano (Muratura, Vano) values ('MUR48516', 83878);
insert into StrutturaVano (Muratura, Vano) values ('MUR48811', 85412);
insert into StrutturaVano (Muratura, Vano) values ('MUR48815', 85546);
insert into StrutturaVano (Muratura, Vano) values ('MUR49022', 86341);
insert into StrutturaVano (Muratura, Vano) values ('MUR49240', 86912);
insert into StrutturaVano (Muratura, Vano) values ('MUR49349', 88171);
insert into StrutturaVano (Muratura, Vano) values ('MUR50780', 88920);
insert into StrutturaVano (Muratura, Vano) values ('MUR51497', 89390);
insert into StrutturaVano (Muratura, Vano) values ('MUR51552', 89991);
insert into StrutturaVano (Muratura, Vano) values ('MUR53661', 13389);
insert into StrutturaVano (Muratura, Vano) values ('MUR54054', 19047);
insert into StrutturaVano (Muratura, Vano) values ('MUR55894', 50249);
insert into StrutturaVano (Muratura, Vano) values ('MUR56211', 52287);
insert into StrutturaVano (Muratura, Vano) values ('MUR56292', 53962);
insert into StrutturaVano (Muratura, Vano) values ('MUR56443', 54071);
insert into StrutturaVano (Muratura, Vano) values ('MUR56534', 55222);
insert into StrutturaVano (Muratura, Vano) values ('MUR56931', 59358);
insert into StrutturaVano (Muratura, Vano) values ('MUR57570', 60952);
insert into StrutturaVano (Muratura, Vano) values ('MUR58069', 63630);
insert into StrutturaVano (Muratura, Vano) values ('MUR60263', 68370);
insert into StrutturaVano (Muratura, Vano) values ('MUR60384', 72109);
insert into StrutturaVano (Muratura, Vano) values ('MUR60734', 72581);
insert into StrutturaVano (Muratura, Vano) values ('MUR60776', 73333);
insert into StrutturaVano (Muratura, Vano) values ('MUR60823', 73459);
insert into StrutturaVano (Muratura, Vano) values ('MUR60979', 73595);
insert into StrutturaVano (Muratura, Vano) values ('MUR61292', 75968);
insert into StrutturaVano (Muratura, Vano) values ('MUR61621', 77071);
insert into StrutturaVano (Muratura, Vano) values ('MUR62233', 78877);
insert into StrutturaVano (Muratura, Vano) values ('MUR62649', 80810);
insert into StrutturaVano (Muratura, Vano) values ('MUR62880', 80856);
insert into StrutturaVano (Muratura, Vano) values ('MUR63825', 81105);
insert into StrutturaVano (Muratura, Vano) values ('MUR64629', 81838);
insert into StrutturaVano (Muratura, Vano) values ('MUR64679', 81953);
insert into StrutturaVano (Muratura, Vano) values ('MUR64891', 83878);
insert into StrutturaVano (Muratura, Vano) values ('MUR65015', 85412);
insert into StrutturaVano (Muratura, Vano) values ('MUR65753', 85546);
insert into StrutturaVano (Muratura, Vano) values ('MUR65884', 86341);
insert into StrutturaVano (Muratura, Vano) values ('MUR66441', 86912);
insert into StrutturaVano (Muratura, Vano) values ('MUR66929', 88171);
insert into StrutturaVano (Muratura, Vano) values ('MUR67650', 88920);
insert into StrutturaVano (Muratura, Vano) values ('MUR67916', 89390);
insert into StrutturaVano (Muratura, Vano) values ('MUR69020', 89991);
insert into StrutturaVano (Muratura, Vano) values ('MUR69981', 13389);
insert into StrutturaVano (Muratura, Vano) values ('MUR71098', 19047);
insert into StrutturaVano (Muratura, Vano) values ('MUR71686', 50249);
insert into StrutturaVano (Muratura, Vano) values ('MUR71885', 52287);
insert into StrutturaVano (Muratura, Vano) values ('MUR73603', 53962);
insert into StrutturaVano (Muratura, Vano) values ('MUR73980', 54071);
insert into StrutturaVano (Muratura, Vano) values ('MUR74367', 55222);
insert into StrutturaVano (Muratura, Vano) values ('MUR74929', 59358);
insert into StrutturaVano (Muratura, Vano) values ('MUR74979', 60952);
insert into StrutturaVano (Muratura, Vano) values ('MUR75340', 63630);
insert into StrutturaVano (Muratura, Vano) values ('MUR75740', 68370);
insert into StrutturaVano (Muratura, Vano) values ('MUR75821', 72109);
insert into StrutturaVano (Muratura, Vano) values ('MUR75866', 72581);
insert into StrutturaVano (Muratura, Vano) values ('MUR75945', 73333);
insert into StrutturaVano (Muratura, Vano) values ('MUR76254', 73459);
insert into StrutturaVano (Muratura, Vano) values ('MUR78440', 73595);
insert into StrutturaVano (Muratura, Vano) values ('MUR78856', 75968);
insert into StrutturaVano (Muratura, Vano) values ('MUR78969', 77071);
insert into StrutturaVano (Muratura, Vano) values ('MUR79220', 78877);
insert into StrutturaVano (Muratura, Vano) values ('MUR79234', 80810);
insert into StrutturaVano (Muratura, Vano) values ('MUR79930', 80856);
insert into StrutturaVano (Muratura, Vano) values ('MUR79982', 81105);
insert into StrutturaVano (Muratura, Vano) values ('MUR80957', 81838);
insert into StrutturaVano (Muratura, Vano) values ('MUR81218', 81953);
insert into StrutturaVano (Muratura, Vano) values ('MUR81220', 83878);
insert into StrutturaVano (Muratura, Vano) values ('MUR81760', 85412);
insert into StrutturaVano (Muratura, Vano) values ('MUR82061', 85546);
insert into StrutturaVano (Muratura, Vano) values ('MUR83569', 86341);
insert into StrutturaVano (Muratura, Vano) values ('MUR83614', 86912);
insert into StrutturaVano (Muratura, Vano) values ('MUR84093', 88171);
insert into StrutturaVano (Muratura, Vano) values ('MUR85431', 88920);
insert into StrutturaVano (Muratura, Vano) values ('MUR85528', 89390);
insert into StrutturaVano (Muratura, Vano) values ('MUR85609', 89991);
insert into StrutturaVano (Muratura, Vano) values ('MUR85743', 13389);
insert into StrutturaVano (Muratura, Vano) values ('MUR86243', 19047);
insert into StrutturaVano (Muratura, Vano) values ('MUR86652', 50249);
insert into StrutturaVano (Muratura, Vano) values ('MUR87149', 52287);
insert into StrutturaVano (Muratura, Vano) values ('MUR87697', 53962);
insert into StrutturaVano (Muratura, Vano) values ('MUR87736', 54071);
insert into StrutturaVano (Muratura, Vano) values ('MUR87750', 55222);
insert into StrutturaVano (Muratura, Vano) values ('MUR87936', 59358);
insert into StrutturaVano (Muratura, Vano) values ('MUR88198', 60952);
insert into StrutturaVano (Muratura, Vano) values ('MUR89692', 63630);
insert into StrutturaVano (Muratura, Vano) values ('MUR89989', 68370);
insert into StrutturaVano (Muratura, Vano) values ('MUR89994', 72109);
insert into StrutturaVano (Muratura, Vano) values ('MUR90003', 72581);
insert into StrutturaVano (Muratura, Vano) values ('MUR90352', 73333);
insert into StrutturaVano (Muratura, Vano) values ('MUR90648', 73459);
insert into StrutturaVano (Muratura, Vano) values ('MUR91084', 73595);
insert into StrutturaVano (Muratura, Vano) values ('MUR91133', 75968);
insert into StrutturaVano (Muratura, Vano) values ('MUR91347', 77071);
insert into StrutturaVano (Muratura, Vano) values ('MUR91571', 78877);
insert into StrutturaVano (Muratura, Vano) values ('MUR92062', 80810);
insert into StrutturaVano (Muratura, Vano) values ('MUR93858', 80856);
insert into StrutturaVano (Muratura, Vano) values ('MUR93880', 81105);
insert into StrutturaVano (Muratura, Vano) values ('MUR94020', 81838);
insert into StrutturaVano (Muratura, Vano) values ('MUR94024', 81953);
insert into StrutturaVano (Muratura, Vano) values ('MUR95316', 83878);
insert into StrutturaVano (Muratura, Vano) values ('MUR95535', 85412);
insert into StrutturaVano (Muratura, Vano) values ('MUR95769', 85546);
insert into StrutturaVano (Muratura, Vano) values ('MUR96246', 86341);
insert into StrutturaVano (Muratura, Vano) values ('MUR97389', 86912);
insert into StrutturaVano (Muratura, Vano) values ('MUR97510', 88171);
insert into StrutturaVano (Muratura, Vano) values ('MUR98272', 88920);
insert into StrutturaVano (Muratura, Vano) values ('MUR98314', 89390);
insert into StrutturaVano (Muratura, Vano) values ('MUR99300', 89991);    

insert into EventoCalamitoso (NomeEventoCalamitoso, Data, Raggio, CoordinataXEpicentro, CoordinataYEpicentro, LivelloDiGravita, AreaGeografica) values ('Alluvione', '2001-10-06', 33, 6, 9, 0, 103429);
insert into EventoCalamitoso (NomeEventoCalamitoso, Data, Raggio, CoordinataXEpicentro, CoordinataYEpicentro, LivelloDiGravita, AreaGeografica) values ('Eruzione', '2001-03-05', 38, 1, 6, 0, 117015);
insert into EventoCalamitoso (NomeEventoCalamitoso, Data, Raggio, CoordinataXEpicentro, CoordinataYEpicentro, LivelloDiGravita, AreaGeografica) values ('Esplosione', '2010-05-25', 37, 10, 10, 0, 378005);
insert into EventoCalamitoso (NomeEventoCalamitoso, Data, Raggio, CoordinataXEpicentro, CoordinataYEpicentro, LivelloDiGravita, AreaGeografica) values ('Frana', '1997-01-25', 68, 0, 6, 0, 403168);
insert into EventoCalamitoso (NomeEventoCalamitoso, Data, Raggio, CoordinataXEpicentro, CoordinataYEpicentro, LivelloDiGravita, AreaGeografica) values ('Gelamento', '2018-09-17', 24, 8, 9, 0, 484972);
insert into EventoCalamitoso (NomeEventoCalamitoso, Data, Raggio, CoordinataXEpicentro, CoordinataYEpicentro, LivelloDiGravita, AreaGeografica) values ('Incendio', '1999-01-29', 69, 2, 8, 0, 695937);
insert into EventoCalamitoso (NomeEventoCalamitoso, Data, Raggio, CoordinataXEpicentro, CoordinataYEpicentro, LivelloDiGravita, AreaGeografica) values ('Inondazione', '2021-11-14', 62, 1, 0, 0, 837047);
insert into EventoCalamitoso (NomeEventoCalamitoso, Data, Raggio, CoordinataXEpicentro, CoordinataYEpicentro, LivelloDiGravita, AreaGeografica) values ('Terremoto', '2016-11-27', 81, 1, 7, 0, 847804);
insert into EventoCalamitoso (NomeEventoCalamitoso, Data, Raggio, CoordinataXEpicentro, CoordinataYEpicentro, LivelloDiGravita, AreaGeografica) values ('Uragano', '2020-07-17', 78, 1, 1, 0, 932272);
insert into EventoCalamitoso (NomeEventoCalamitoso, Data, Raggio, CoordinataXEpicentro, CoordinataYEpicentro, LivelloDiGravita, AreaGeografica) values ('Valanga', '2019-11-04', 60, 1, 10, 0, 980821);
insert into EventoCalamitoso (NomeEventoCalamitoso, Data, Raggio, CoordinataXEpicentro, CoordinataYEpicentro, LivelloDiGravita, AreaGeografica) values ('Alluvione', '2020-09-30', 75, 0, 6, 0, 103429);
insert into EventoCalamitoso (NomeEventoCalamitoso, Data, Raggio, CoordinataXEpicentro, CoordinataYEpicentro, LivelloDiGravita, AreaGeografica) values ('Eruzione', '2012-01-08', 25, 3, 5, 0, 117015);
insert into EventoCalamitoso (NomeEventoCalamitoso, Data, Raggio, CoordinataXEpicentro, CoordinataYEpicentro, LivelloDiGravita, AreaGeografica) values ('Esplosione', '1997-02-04', 92, 7, 5, 0, 378005);
insert into EventoCalamitoso (NomeEventoCalamitoso, Data, Raggio, CoordinataXEpicentro, CoordinataYEpicentro, LivelloDiGravita, AreaGeografica) values ('Frana', '2006-01-31', 18, 0, 8, 0, 403168);
insert into EventoCalamitoso (NomeEventoCalamitoso, Data, Raggio, CoordinataXEpicentro, CoordinataYEpicentro, LivelloDiGravita, AreaGeografica) values ('Gelamento', '2005-12-07', 57, 1, 4, 0, 484972);
insert into EventoCalamitoso (NomeEventoCalamitoso, Data, Raggio, CoordinataXEpicentro, CoordinataYEpicentro, LivelloDiGravita, AreaGeografica) values ('Incendio', '2010-07-03', 57, 1, 8, 0, 695937);
insert into EventoCalamitoso (NomeEventoCalamitoso, Data, Raggio, CoordinataXEpicentro, CoordinataYEpicentro, LivelloDiGravita, AreaGeografica) values ('Inondazione', '2001-10-03', 80, 0, 0, 0, 837047);
insert into EventoCalamitoso (NomeEventoCalamitoso, Data, Raggio, CoordinataXEpicentro, CoordinataYEpicentro, LivelloDiGravita, AreaGeografica) values ('Terremoto', '1998-11-25', 66, 0, 10, 0, 847804);
insert into EventoCalamitoso (NomeEventoCalamitoso, Data, Raggio, CoordinataXEpicentro, CoordinataYEpicentro, LivelloDiGravita, AreaGeografica) values ('Uragano', '2012-05-19', 83, 8, 10, 0, 932272);
insert into EventoCalamitoso (NomeEventoCalamitoso, Data, Raggio, CoordinataXEpicentro, CoordinataYEpicentro, LivelloDiGravita, AreaGeografica) values ('Valanga', '2005-05-02', 51, 0, 10, 0, 980821);
insert into EventoCalamitoso (NomeEventoCalamitoso, Data, Raggio, CoordinataXEpicentro, CoordinataYEpicentro, LivelloDiGravita, AreaGeografica) values ('Alluvione', '2020-03-31', 40, 7, 10, 0, 103429);
insert into EventoCalamitoso (NomeEventoCalamitoso, Data, Raggio, CoordinataXEpicentro, CoordinataYEpicentro, LivelloDiGravita, AreaGeografica) values ('Eruzione', '1995-11-15', 15, 4, 5, 0, 117015);
insert into EventoCalamitoso (NomeEventoCalamitoso, Data, Raggio, CoordinataXEpicentro, CoordinataYEpicentro, LivelloDiGravita, AreaGeografica) values ('Esplosione', '2006-03-16', 53, 4, 5, 0, 378005);
insert into EventoCalamitoso (NomeEventoCalamitoso, Data, Raggio, CoordinataXEpicentro, CoordinataYEpicentro, LivelloDiGravita, AreaGeografica) values ('Frana', '2002-05-27', 62, 4, 2, 0, 403168);
insert into EventoCalamitoso (NomeEventoCalamitoso, Data, Raggio, CoordinataXEpicentro, CoordinataYEpicentro, LivelloDiGravita, AreaGeografica) values ('Gelamento', '2014-04-15', 48, 7, 6, 0, 484972);
insert into EventoCalamitoso (NomeEventoCalamitoso, Data, Raggio, CoordinataXEpicentro, CoordinataYEpicentro, LivelloDiGravita, AreaGeografica) values ('Incendio', '2020-07-23', 82, 5, 6, 0, 695937);
insert into EventoCalamitoso (NomeEventoCalamitoso, Data, Raggio, CoordinataXEpicentro, CoordinataYEpicentro, LivelloDiGravita, AreaGeografica) values ('Inondazione', '2021-12-25', 45, 8, 10, 0, 837047);
insert into EventoCalamitoso (NomeEventoCalamitoso, Data, Raggio, CoordinataXEpicentro, CoordinataYEpicentro, LivelloDiGravita, AreaGeografica) values ('Terremoto', '2019-05-21', 76, 5, 5, 0, 847804);
insert into EventoCalamitoso (NomeEventoCalamitoso, Data, Raggio, CoordinataXEpicentro, CoordinataYEpicentro, LivelloDiGravita, AreaGeografica) values ('Uragano', '1998-08-05', 33, 10, 8, 0, 932272);
insert into EventoCalamitoso (NomeEventoCalamitoso, Data, Raggio, CoordinataXEpicentro, CoordinataYEpicentro, LivelloDiGravita, AreaGeografica) values ('Valanga', '2004-10-10', 28, 1, 7, 0, 980821);
insert into EventoCalamitoso (NomeEventoCalamitoso, Data, Raggio, CoordinataXEpicentro, CoordinataYEpicentro, LivelloDiGravita, AreaGeografica) values ('Alluvione', '2017-01-06', 94, 6, 2, 0, 103429);
insert into EventoCalamitoso (NomeEventoCalamitoso, Data, Raggio, CoordinataXEpicentro, CoordinataYEpicentro, LivelloDiGravita, AreaGeografica) values ('Eruzione', '2014-04-10', 28, 2, 10, 0, 117015);
insert into EventoCalamitoso (NomeEventoCalamitoso, Data, Raggio, CoordinataXEpicentro, CoordinataYEpicentro, LivelloDiGravita, AreaGeografica) values ('Esplosione', '2021-11-21', 24, 9, 1, 0, 378005);
insert into EventoCalamitoso (NomeEventoCalamitoso, Data, Raggio, CoordinataXEpicentro, CoordinataYEpicentro, LivelloDiGravita, AreaGeografica) values ('Frana', '1996-12-11', 59, 8, 10, 0, 403168);
insert into EventoCalamitoso (NomeEventoCalamitoso, Data, Raggio, CoordinataXEpicentro, CoordinataYEpicentro, LivelloDiGravita, AreaGeografica) values ('Gelamento', '2001-01-03', 79, 5, 4, 0, 484972);
insert into EventoCalamitoso (NomeEventoCalamitoso, Data, Raggio, CoordinataXEpicentro, CoordinataYEpicentro, LivelloDiGravita, AreaGeografica) values ('Incendio', '1996-02-21', 43, 5, 2, 0, 695937);
insert into EventoCalamitoso (NomeEventoCalamitoso, Data, Raggio, CoordinataXEpicentro, CoordinataYEpicentro, LivelloDiGravita, AreaGeografica) values ('Inondazione', '1996-12-21', 53, 10, 7, 0, 837047);
insert into EventoCalamitoso (NomeEventoCalamitoso, Data, Raggio, CoordinataXEpicentro, CoordinataYEpicentro, LivelloDiGravita, AreaGeografica) values ('Terremoto', '2010-07-15', 56, 5, 5, 0, 847804);
insert into EventoCalamitoso (NomeEventoCalamitoso, Data, Raggio, CoordinataXEpicentro, CoordinataYEpicentro, LivelloDiGravita, AreaGeografica) values ('Uragano', '2013-12-05', 80, 4, 1, 0, 932272);
insert into EventoCalamitoso (NomeEventoCalamitoso, Data, Raggio, CoordinataXEpicentro, CoordinataYEpicentro, LivelloDiGravita, AreaGeografica) values ('Valanga', '1999-03-21', 75, 2, 2, 0, 980821);
insert into EventoCalamitoso (NomeEventoCalamitoso, Data, Raggio, CoordinataXEpicentro, CoordinataYEpicentro, LivelloDiGravita, AreaGeografica) values ('Alluvione', '1997-01-03', 90, 9, 10, 0, 103429);
insert into EventoCalamitoso (NomeEventoCalamitoso, Data, Raggio, CoordinataXEpicentro, CoordinataYEpicentro, LivelloDiGravita, AreaGeografica) values ('Eruzione', '1995-12-11', 98, 6, 4, 0, 117015);
insert into EventoCalamitoso (NomeEventoCalamitoso, Data, Raggio, CoordinataXEpicentro, CoordinataYEpicentro, LivelloDiGravita, AreaGeografica) values ('Esplosione', '2009-01-20', 45, 8, 5, 0, 378005);
insert into EventoCalamitoso (NomeEventoCalamitoso, Data, Raggio, CoordinataXEpicentro, CoordinataYEpicentro, LivelloDiGravita, AreaGeografica) values ('Frana', '2021-03-13', 54, 1, 0, 0, 403168);
insert into EventoCalamitoso (NomeEventoCalamitoso, Data, Raggio, CoordinataXEpicentro, CoordinataYEpicentro, LivelloDiGravita, AreaGeografica) values ('Gelamento', '2000-10-11', 98, 9, 7, 0, 484972);
insert into EventoCalamitoso (NomeEventoCalamitoso, Data, Raggio, CoordinataXEpicentro, CoordinataYEpicentro, LivelloDiGravita, AreaGeografica) values ('Incendio', '2011-09-04', 53, 2, 10, 0, 695937);
insert into EventoCalamitoso (NomeEventoCalamitoso, Data, Raggio, CoordinataXEpicentro, CoordinataYEpicentro, LivelloDiGravita, AreaGeografica) values ('Inondazione', '2010-09-10', 49, 6, 8, 0, 837047);
insert into EventoCalamitoso (NomeEventoCalamitoso, Data, Raggio, CoordinataXEpicentro, CoordinataYEpicentro, LivelloDiGravita, AreaGeografica) values ('Terremoto', '2009-11-13', 97, 9, 8, 0, 847804);
insert into EventoCalamitoso (NomeEventoCalamitoso, Data, Raggio, CoordinataXEpicentro, CoordinataYEpicentro, LivelloDiGravita, AreaGeografica) values ('Uragano', '2015-10-11', 97, 3, 8, 0, 932272);
insert into EventoCalamitoso (NomeEventoCalamitoso, Data, Raggio, CoordinataXEpicentro, CoordinataYEpicentro, LivelloDiGravita, AreaGeografica) values ('Valanga', '2013-10-24', 36, 7, 1, 0, 980821);

INSERT INTO Divisionelavoro (StadioDiAvanzamento, Lavoro) VALUES ('9890', 'PreparazioneDelTerritorio');
insert into DivisioneLavoro (StadioDiAvanzamento, Lavoro) values (821, 'CostruzioneMurature');
insert into DivisioneLavoro (StadioDiAvanzamento, Lavoro) values (1316, 'DelineazionePiani');
insert into DivisioneLavoro (StadioDiAvanzamento, Lavoro) values (1578, 'DettagliEsterni');
insert into DivisioneLavoro (StadioDiAvanzamento, Lavoro) values (1951, 'DettagliInterni');
insert into DivisioneLavoro (StadioDiAvanzamento, Lavoro) values (3722, 'Fondamenta');
insert into DivisioneLavoro (StadioDiAvanzamento, Lavoro) values (3964, 'Imbiancatura');
insert into DivisioneLavoro (StadioDiAvanzamento, Lavoro) values (4314, 'InstallazioneInfissi');
insert into DivisioneLavoro (StadioDiAvanzamento, Lavoro) values (4627, 'InstallazioneSensori');
insert into DivisioneLavoro (StadioDiAvanzamento, Lavoro) values (4975, 'MessaInSicurezza');
insert into DivisioneLavoro (StadioDiAvanzamento, Lavoro) values (5022, 'PreparazioneDelTerritorio');
insert into DivisioneLavoro (StadioDiAvanzamento, Lavoro) values (5421, 'CostruzioneMurature');
insert into DivisioneLavoro (StadioDiAvanzamento, Lavoro) values (5793, 'DelineazionePiani');
insert into DivisioneLavoro (StadioDiAvanzamento, Lavoro) values (7235, 'DettagliEsterni');
insert into DivisioneLavoro (StadioDiAvanzamento, Lavoro) values (7459, 'DettagliInterni');
insert into DivisioneLavoro (StadioDiAvanzamento, Lavoro) values (7600, 'Fondamenta');
insert into DivisioneLavoro (StadioDiAvanzamento, Lavoro) values (8882, 'Imbiancatura');
insert into DivisioneLavoro (StadioDiAvanzamento, Lavoro) values (9059, 'InstallazioneInfissi');
insert into DivisioneLavoro (StadioDiAvanzamento, Lavoro) values (9241, 'InstallazioneSensori');
insert into DivisioneLavoro (StadioDiAvanzamento, Lavoro) values (821, 'MessaInSicurezza');
insert into DivisioneLavoro (StadioDiAvanzamento, Lavoro) values (1316, 'PreparazioneDelTerritorio');
insert into DivisioneLavoro (StadioDiAvanzamento, Lavoro) values (1578, 'CostruzioneMurature');
insert into DivisioneLavoro (StadioDiAvanzamento, Lavoro) values (1951, 'DelineazionePiani');
insert into DivisioneLavoro (StadioDiAvanzamento, Lavoro) values (3722, 'DettagliEsterni');
insert into DivisioneLavoro (StadioDiAvanzamento, Lavoro) values (3964, 'DettagliInterni');
insert into DivisioneLavoro (StadioDiAvanzamento, Lavoro) values (4314, 'Fondamenta');
insert into DivisioneLavoro (StadioDiAvanzamento, Lavoro) values (4627, 'Imbiancatura');
insert into DivisioneLavoro (StadioDiAvanzamento, Lavoro) values (4975, 'InstallazioneInfissi');
insert into DivisioneLavoro (StadioDiAvanzamento, Lavoro) values (5022, 'InstallazioneSensori');
insert into DivisioneLavoro (StadioDiAvanzamento, Lavoro) values (5421, 'MessaInSicurezza');
insert into DivisioneLavoro (StadioDiAvanzamento, Lavoro) values (5793, 'PreparazioneDelTerritorio');
insert into DivisioneLavoro (StadioDiAvanzamento, Lavoro) values (7235, 'CostruzioneMurature');
insert into DivisioneLavoro (StadioDiAvanzamento, Lavoro) values (7459, 'DelineazionePiani');
insert into DivisioneLavoro (StadioDiAvanzamento, Lavoro) values (7600, 'DettagliEsterni');
insert into DivisioneLavoro (StadioDiAvanzamento, Lavoro) values (8882, 'DettagliInterni');
insert into DivisioneLavoro (StadioDiAvanzamento, Lavoro) values (9059, 'Fondamenta');
insert into DivisioneLavoro (StadioDiAvanzamento, Lavoro) values (9241, 'Imbiancatura');
insert into DivisioneLavoro (StadioDiAvanzamento, Lavoro) values (821, 'InstallazioneInfissi');
insert into DivisioneLavoro (StadioDiAvanzamento, Lavoro) values (1316, 'InstallazioneSensori');
insert into DivisioneLavoro (StadioDiAvanzamento, Lavoro) values (1578, 'MessaInSicurezza');
insert into DivisioneLavoro (StadioDiAvanzamento, Lavoro) values (1951, 'PreparazioneDelTerritorio');
insert into DivisioneLavoro (StadioDiAvanzamento, Lavoro) values (3722, 'CostruzioneMurature');
insert into DivisioneLavoro (StadioDiAvanzamento, Lavoro) values (3964, 'DelineazionePiani');
insert into DivisioneLavoro (StadioDiAvanzamento, Lavoro) values (4314, 'DettagliEsterni');
insert into DivisioneLavoro (StadioDiAvanzamento, Lavoro) values (4627, 'DettagliInterni');
insert into DivisioneLavoro (StadioDiAvanzamento, Lavoro) values (4975, 'Fondamenta');
insert into DivisioneLavoro (StadioDiAvanzamento, Lavoro) values (5022, 'Imbiancatura');
insert into DivisioneLavoro (StadioDiAvanzamento, Lavoro) values (5421, 'InstallazioneInfissi');
insert into DivisioneLavoro (StadioDiAvanzamento, Lavoro) values (5793, 'InstallazioneSensori');
insert into DivisioneLavoro (StadioDiAvanzamento, Lavoro) values (7235, 'MessaInSicurezza');
insert into DivisioneLavoro (StadioDiAvanzamento, Lavoro) values (7459, 'PreparazioneDelTerritorio');
insert into DivisioneLavoro (StadioDiAvanzamento, Lavoro) values (7600, 'CostruzioneMurature');
insert into DivisioneLavoro (StadioDiAvanzamento, Lavoro) values (8882, 'DelineazionePiani');
insert into DivisioneLavoro (StadioDiAvanzamento, Lavoro) values (9059, 'DettagliEsterni');
insert into DivisioneLavoro (StadioDiAvanzamento, Lavoro) values (9241, 'DettagliInterni');
insert into DivisioneLavoro (StadioDiAvanzamento, Lavoro) values (821, 'Fondamenta');
insert into DivisioneLavoro (StadioDiAvanzamento, Lavoro) values (1316, 'Imbiancatura');
insert into DivisioneLavoro (StadioDiAvanzamento, Lavoro) values (1578, 'InstallazioneInfissi');
insert into DivisioneLavoro (StadioDiAvanzamento, Lavoro) values (1951, 'InstallazioneSensori');
insert into DivisioneLavoro (StadioDiAvanzamento, Lavoro) values (3722, 'MessaInSicurezza');
insert into DivisioneLavoro (StadioDiAvanzamento, Lavoro) values (3964, 'PreparazioneDelTerritorio');
insert into DivisioneLavoro (StadioDiAvanzamento, Lavoro) values (4314, 'CostruzioneMurature');
insert into DivisioneLavoro (StadioDiAvanzamento, Lavoro) values (4627, 'DelineazionePiani');
insert into DivisioneLavoro (StadioDiAvanzamento, Lavoro) values (4975, 'DettagliEsterni');
insert into DivisioneLavoro (StadioDiAvanzamento, Lavoro) values (5022, 'DettagliInterni');
insert into DivisioneLavoro (StadioDiAvanzamento, Lavoro) values (5421, 'Fondamenta');
insert into DivisioneLavoro (StadioDiAvanzamento, Lavoro) values (5793, 'Imbiancatura');
insert into DivisioneLavoro (StadioDiAvanzamento, Lavoro) values (7235, 'InstallazioneInfissi');
insert into DivisioneLavoro (StadioDiAvanzamento, Lavoro) values (7459, 'InstallazioneSensori');
insert into DivisioneLavoro (StadioDiAvanzamento, Lavoro) values (7600, 'MessaInSicurezza');
insert into DivisioneLavoro (StadioDiAvanzamento, Lavoro) values (8882, 'PreparazioneDelTerritorio');
insert into DivisioneLavoro (StadioDiAvanzamento, Lavoro) values (9059, 'CostruzioneMurature');
insert into DivisioneLavoro (StadioDiAvanzamento, Lavoro) values (9241, 'DelineazionePiani');
insert into DivisioneLavoro (StadioDiAvanzamento, Lavoro) values (821, 'DettagliEsterni');
insert into DivisioneLavoro (StadioDiAvanzamento, Lavoro) values (1316, 'DettagliInterni');
insert into DivisioneLavoro (StadioDiAvanzamento, Lavoro) values (1578, 'Fondamenta');
insert into DivisioneLavoro (StadioDiAvanzamento, Lavoro) values (1951, 'Imbiancatura');
insert into DivisioneLavoro (StadioDiAvanzamento, Lavoro) values (3722, 'InstallazioneInfissi');
insert into DivisioneLavoro (StadioDiAvanzamento, Lavoro) values (3964, 'InstallazioneSensori');
insert into DivisioneLavoro (StadioDiAvanzamento, Lavoro) values (4314, 'MessaInSicurezza');
insert into DivisioneLavoro (StadioDiAvanzamento, Lavoro) values (4627, 'PreparazioneDelTerritorio');
insert into DivisioneLavoro (StadioDiAvanzamento, Lavoro) values (4975, 'CostruzioneMurature');
insert into DivisioneLavoro (StadioDiAvanzamento, Lavoro) values (5022, 'DelineazionePiani');
insert into DivisioneLavoro (StadioDiAvanzamento, Lavoro) values (5421, 'DettagliEsterni');
insert into DivisioneLavoro (StadioDiAvanzamento, Lavoro) values (5793, 'DettagliInterni');
insert into DivisioneLavoro (StadioDiAvanzamento, Lavoro) values (7235, 'Fondamenta');
insert into DivisioneLavoro (StadioDiAvanzamento, Lavoro) values (7459, 'Imbiancatura');
insert into DivisioneLavoro (StadioDiAvanzamento, Lavoro) values (7600, 'InstallazioneInfissi');
insert into DivisioneLavoro (StadioDiAvanzamento, Lavoro) values (8882, 'InstallazioneSensori');
insert into DivisioneLavoro (StadioDiAvanzamento, Lavoro) values (9059, 'MessaInSicurezza');
insert into DivisioneLavoro (StadioDiAvanzamento, Lavoro) values (9241, 'PreparazioneDelTerritorio');

insert into TurnoLavoratore (StadioDiAvanzamento, Lavoratore, Giorno, OraInizio, OraFine, DataIncaricoTurno) values (4975, 'RTRXTQ63A00Q452B', '2009-09-06', '8:44', '18:39', '2009-09-07');
insert into TurnoLavoratore (StadioDiAvanzamento, Lavoratore, Giorno, OraInizio, OraFine, DataIncaricoTurno) values (4975, 'UHTQBK23U77C570D', '2005-08-07', '8:57', '18:44', '2005-08-08');
insert into TurnoLavoratore (StadioDiAvanzamento, Lavoratore, Giorno, OraInizio, OraFine, DataIncaricoTurno) values (3722, 'WJRTCC86V58G048O', '1992-09-29', '8:31', '17:19', '1992-09-30');
insert into TurnoLavoratore (StadioDiAvanzamento, Lavoratore, Giorno, OraInizio, OraFine, DataIncaricoTurno) values (7600, 'NKUTXZ55R31C472O', '2011-03-27', '9:30', '18:58', '2011-03-28');
insert into TurnoLavoratore (StadioDiAvanzamento, Lavoratore, Giorno, OraInizio, OraFine, DataIncaricoTurno) values (3722, 'ZLITPW75F11G965Z', '1995-11-06', '8:47', '17:59', '1995-11-07');
insert into TurnoLavoratore (StadioDiAvanzamento, Lavoratore, Giorno, OraInizio, OraFine, DataIncaricoTurno) values (7459, 'WJRTCC86V58G048O', '2013-01-31', '9:16', '17:49', '2013-02-01');
insert into TurnoLavoratore (StadioDiAvanzamento, Lavoratore, Giorno, OraInizio, OraFine, DataIncaricoTurno) values (4314, 'GMHIJS33D78P821B', '1987-06-26', '9:11', '18:26', '1987-06-27');
insert into TurnoLavoratore (StadioDiAvanzamento, Lavoratore, Giorno, OraInizio, OraFine, DataIncaricoTurno) values (9059, 'WJRTCC86V58G048O', '2023-06-17', '9:23', '17:13', '2023-06-18');
insert into TurnoLavoratore (StadioDiAvanzamento, Lavoratore, Giorno, OraInizio, OraFine, DataIncaricoTurno) values (3964, 'YSGAXE92J92X014M', '1991-10-25', '9:36', '17:26', '1991-10-26');
insert into TurnoLavoratore (StadioDiAvanzamento, Lavoratore, Giorno, OraInizio, OraFine, DataIncaricoTurno) values (5022, 'TEVGDD15W76D112T', '1983-06-24', '8:41', '17:11', '1983-06-25');
insert into TurnoLavoratore (StadioDiAvanzamento, Lavoratore, Giorno, OraInizio, OraFine, DataIncaricoTurno) values (3964, 'RTRXTQ63A00Q452B', '2023-03-28', '8:00', '17:22', '2023-03-29');
insert into TurnoLavoratore (StadioDiAvanzamento, Lavoratore, Giorno, OraInizio, OraFine, DataIncaricoTurno) values (1316, 'UHTQBK23U77C570D', '1982-01-18', '9:11', '18:08', '1982-01-19');
insert into TurnoLavoratore (StadioDiAvanzamento, Lavoratore, Giorno, OraInizio, OraFine, DataIncaricoTurno) values (9241, 'CBXBGZ61A45D864Z', '2015-09-13', '9:34', '18:37', '2015-09-14');
insert into TurnoLavoratore (StadioDiAvanzamento, Lavoratore, Giorno, OraInizio, OraFine, DataIncaricoTurno) values (9241, 'GMHIJS33D78P821B', '1996-11-06', '8:30', '18:42', '1996-11-07');
insert into TurnoLavoratore (StadioDiAvanzamento, Lavoratore, Giorno, OraInizio, OraFine, DataIncaricoTurno) values (1951, 'CBXBGZ61A45D864Z', '1996-11-12', '9:20', '17:29', '1996-11-13');
insert into TurnoLavoratore (StadioDiAvanzamento, Lavoratore, Giorno, OraInizio, OraFine, DataIncaricoTurno) values (8882, 'RTRXTQ63A00Q452B', '1975-10-01', '9:10', '18:28', '1975-10-02');
insert into TurnoLavoratore (StadioDiAvanzamento, Lavoratore, Giorno, OraInizio, OraFine, DataIncaricoTurno) values (3964, 'TEVGDD15W76D112T', '2007-05-08', '8:35', '18:05', '2007-05-09');
insert into TurnoLavoratore (StadioDiAvanzamento, Lavoratore, Giorno, OraInizio, OraFine, DataIncaricoTurno) values (9890, 'CBXBGZ61A45D864Z', '1974-10-05', '9:12', '17:59', '1974-10-06');
insert into TurnoLavoratore (StadioDiAvanzamento, Lavoratore, Giorno, OraInizio, OraFine, DataIncaricoTurno) values (1951, 'TEVGDD15W76D112T', '1994-03-17', '8:42', '18:55', '1994-03-18');
insert into TurnoLavoratore (StadioDiAvanzamento, Lavoratore, Giorno, OraInizio, OraFine, DataIncaricoTurno) values (9241, 'ZLITPW75F11G965Z', '2021-09-11', '8:36', '17:54', '2021-09-12');
insert into TurnoLavoratore (StadioDiAvanzamento, Lavoratore, Giorno, OraInizio, OraFine, DataIncaricoTurno) values (3964, 'GMHIJS33D78P821B', '2021-02-02', '8:36', '18:53', '2021-02-03');
insert into TurnoLavoratore (StadioDiAvanzamento, Lavoratore, Giorno, OraInizio, OraFine, DataIncaricoTurno) values (5421, 'TEVGDD15W76D112T', '2015-07-24', '9:49', '18:48', '2015-07-25');
insert into TurnoLavoratore (StadioDiAvanzamento, Lavoratore, Giorno, OraInizio, OraFine, DataIncaricoTurno) values (7600, 'SSBLCW57S76E825W', '2000-06-08', '9:35', '17:21', '2000-06-09');
insert into TurnoLavoratore (StadioDiAvanzamento, Lavoratore, Giorno, OraInizio, OraFine, DataIncaricoTurno) values (821, 'CBXBGZ61A45D864Z', '2013-01-07', '9:17', '17:12', '2013-01-08');
insert into TurnoLavoratore (StadioDiAvanzamento, Lavoratore, Giorno, OraInizio, OraFine, DataIncaricoTurno) values (3964, 'RTRXTQ63A00Q452B', '2004-07-11', '9:27', '17:44', '2004-07-12');
insert into TurnoLavoratore (StadioDiAvanzamento, Lavoratore, Giorno, OraInizio, OraFine, DataIncaricoTurno) values (4627, 'WJRTCC86V58G048O', '2020-10-28', '8:47', '18:37', '2020-10-29');
insert into TurnoLavoratore (StadioDiAvanzamento, Lavoratore, Giorno, OraInizio, OraFine, DataIncaricoTurno) values (8882, 'UHTQBK23U77C570D', '2013-01-08', '9:08', '17:34', '2013-01-09');
insert into TurnoLavoratore (StadioDiAvanzamento, Lavoratore, Giorno, OraInizio, OraFine, DataIncaricoTurno) values (3722, 'GMHIJS33D78P821B', '1974-03-02', '8:02', '18:48', '1974-03-03');
insert into TurnoLavoratore (StadioDiAvanzamento, Lavoratore, Giorno, OraInizio, OraFine, DataIncaricoTurno) values (7459, 'QFSWDM90K28V299P', '1991-11-28', '8:51', '17:34', '1991-11-29');
insert into TurnoLavoratore (StadioDiAvanzamento, Lavoratore, Giorno, OraInizio, OraFine, DataIncaricoTurno) values (1316, 'UHTQBK23U77C570D', '1972-03-31', '9:44', '17:27', '1972-04-01');
insert into TurnoLavoratore (StadioDiAvanzamento, Lavoratore, Giorno, OraInizio, OraFine, DataIncaricoTurno) values (8882, 'CBXBGZ61A45D864Z', '1992-11-14', '9:23', '18:53', '1992-11-15');
insert into TurnoLavoratore (StadioDiAvanzamento, Lavoratore, Giorno, OraInizio, OraFine, DataIncaricoTurno) values (8882, 'ZLITPW75F11G965Z', '2021-09-05', '9:50', '17:41', '2021-09-06');
insert into TurnoLavoratore (StadioDiAvanzamento, Lavoratore, Giorno, OraInizio, OraFine, DataIncaricoTurno) values (5421, 'TEVGDD15W76D112T', '1989-09-08', '8:33', '18:48', '1989-09-09');
insert into TurnoLavoratore (StadioDiAvanzamento, Lavoratore, Giorno, OraInizio, OraFine, DataIncaricoTurno) values (4627, 'QFSWDM90K28V299P', '1984-12-03', '9:16', '17:36', '1984-12-04');
insert into TurnoLavoratore (StadioDiAvanzamento, Lavoratore, Giorno, OraInizio, OraFine, DataIncaricoTurno) values (821, 'TEVGDD15W76D112T', '2005-01-31', '9:36', '17:29', '2005-02-01');
insert into TurnoLavoratore (StadioDiAvanzamento, Lavoratore, Giorno, OraInizio, OraFine, DataIncaricoTurno) values (1951, 'GMHIJS33D78P821B', '1989-02-24', '8:37', '17:33', '1989-02-25');
insert into TurnoLavoratore (StadioDiAvanzamento, Lavoratore, Giorno, OraInizio, OraFine, DataIncaricoTurno) values (9241, 'NKUTXZ55R31C472O', '2017-03-03', '8:26', '17:51', '2017-03-04');
insert into TurnoLavoratore (StadioDiAvanzamento, Lavoratore, Giorno, OraInizio, OraFine, DataIncaricoTurno) values (1951, 'RTRXTQ63A00Q452B', '2002-07-22', '8:54', '18:27', '2002-07-23');
insert into TurnoLavoratore (StadioDiAvanzamento, Lavoratore, Giorno, OraInizio, OraFine, DataIncaricoTurno) values (4975, 'ZLITPW75F11G965Z', '1992-06-01', '8:21', '18:02', '1992-06-02');
insert into TurnoLavoratore (StadioDiAvanzamento, Lavoratore, Giorno, OraInizio, OraFine, DataIncaricoTurno) values (1578, 'SSBLCW57S76E825W', '1990-06-18', '8:32', '18:05', '1990-06-19');
insert into TurnoLavoratore (StadioDiAvanzamento, Lavoratore, Giorno, OraInizio, OraFine, DataIncaricoTurno) values (5421, 'RTRXTQ63A00Q452B', '1991-03-22', '8:21', '17:58', '1991-03-23');
insert into TurnoLavoratore (StadioDiAvanzamento, Lavoratore, Giorno, OraInizio, OraFine, DataIncaricoTurno) values (3964, 'RTRXTQ63A00Q452B', '2013-05-14', '8:50', '18:06', '2013-05-15');
insert into TurnoLavoratore (StadioDiAvanzamento, Lavoratore, Giorno, OraInizio, OraFine, DataIncaricoTurno) values (7459, 'YSGAXE92J92X014M', '1975-12-07', '9:46', '18:22', '1975-12-08');
insert into TurnoLavoratore (StadioDiAvanzamento, Lavoratore, Giorno, OraInizio, OraFine, DataIncaricoTurno) values (1316, 'UHTQBK23U77C570D', '2004-01-12', '8:21', '17:14', '2004-01-13');
insert into TurnoLavoratore (StadioDiAvanzamento, Lavoratore, Giorno, OraInizio, OraFine, DataIncaricoTurno) values (3722, 'SSBLCW57S76E825W', '1981-08-11', '8:07', '18:11', '1981-08-12');
insert into TurnoLavoratore (StadioDiAvanzamento, Lavoratore, Giorno, OraInizio, OraFine, DataIncaricoTurno) values (5421, 'UHTQBK23U77C570D', '2011-07-30', '9:58', '17:45', '2011-07-31');
insert into TurnoLavoratore (StadioDiAvanzamento, Lavoratore, Giorno, OraInizio, OraFine, DataIncaricoTurno) values (4627, 'ZLITPW75F11G965Z', '1981-05-20', '8:06', '18:50', '1981-05-21');
insert into TurnoLavoratore (StadioDiAvanzamento, Lavoratore, Giorno, OraInizio, OraFine, DataIncaricoTurno) values (9241, 'NKUTXZ55R31C472O', '2008-11-18', '8:19', '18:49', '2008-11-19');
insert into TurnoLavoratore (StadioDiAvanzamento, Lavoratore, Giorno, OraInizio, OraFine, DataIncaricoTurno) values (1316, 'ZLITPW75F11G965Z', '1991-06-12', '8:10', '17:48', '1991-06-13');
insert into TurnoLavoratore (StadioDiAvanzamento, Lavoratore, Giorno, OraInizio, OraFine, DataIncaricoTurno) values (5022, 'GMHIJS33D78P821B', '2002-04-11', '9:21', '18:47', '2002-04-12');
insert into TurnoLavoratore (StadioDiAvanzamento, Lavoratore, Giorno, OraInizio, OraFine, DataIncaricoTurno) values (3722, 'ZLITPW75F11G965Z', '1972-03-22', '8:22', '17:36', '1972-03-23');
insert into TurnoLavoratore (StadioDiAvanzamento, Lavoratore, Giorno, OraInizio, OraFine, DataIncaricoTurno) values (821, 'TEVGDD15W76D112T', '1971-01-06', '8:19', '17:49', '1971-01-07');
insert into TurnoLavoratore (StadioDiAvanzamento, Lavoratore, Giorno, OraInizio, OraFine, DataIncaricoTurno) values (5793, 'RTRXTQ63A00Q452B', '2015-04-21', '8:17', '17:41', '2015-04-22');
insert into TurnoLavoratore (StadioDiAvanzamento, Lavoratore, Giorno, OraInizio, OraFine, DataIncaricoTurno) values (4627, 'TEVGDD15W76D112T', '2021-04-19', '9:13', '18:41', '2021-04-20');
insert into TurnoLavoratore (StadioDiAvanzamento, Lavoratore, Giorno, OraInizio, OraFine, DataIncaricoTurno) values (4627, 'SSBLCW57S76E825W', '1994-11-16', '9:49', '18:09', '1994-11-17');
insert into TurnoLavoratore (StadioDiAvanzamento, Lavoratore, Giorno, OraInizio, OraFine, DataIncaricoTurno) values (9241, 'YSGAXE92J92X014M', '1989-10-11', '9:47', '17:10', '1989-10-12');
insert into TurnoLavoratore (StadioDiAvanzamento, Lavoratore, Giorno, OraInizio, OraFine, DataIncaricoTurno) values (3964, 'ZLITPW75F11G965Z', '1996-09-17', '9:54', '17:26', '1996-09-18');
insert into TurnoLavoratore (StadioDiAvanzamento, Lavoratore, Giorno, OraInizio, OraFine, DataIncaricoTurno) values (7459, 'ZLITPW75F11G965Z', '2003-05-12', '8:48', '17:00', '2003-05-13');
insert into TurnoLavoratore (StadioDiAvanzamento, Lavoratore, Giorno, OraInizio, OraFine, DataIncaricoTurno) values (821, 'NKUTXZ55R31C472O', '2015-04-15', '9:41', '18:58', '2015-04-16');
insert into TurnoLavoratore (StadioDiAvanzamento, Lavoratore, Giorno, OraInizio, OraFine, DataIncaricoTurno) values (4975, 'GMHIJS33D78P821B', '1986-11-06', '9:47', '17:25', '1986-11-07');
insert into TurnoLavoratore (StadioDiAvanzamento, Lavoratore, Giorno, OraInizio, OraFine, DataIncaricoTurno) values (9241, 'YSGAXE92J92X014M', '2001-07-20', '8:27', '18:01', '2001-07-21');
insert into TurnoLavoratore (StadioDiAvanzamento, Lavoratore, Giorno, OraInizio, OraFine, DataIncaricoTurno) values (7235, 'RTRXTQ63A00Q452B', '1987-11-06', '8:11', '17:54', '1987-11-07');
insert into TurnoLavoratore (StadioDiAvanzamento, Lavoratore, Giorno, OraInizio, OraFine, DataIncaricoTurno) values (5421, 'TEVGDD15W76D112T', '1988-03-09', '9:01', '18:08', '1988-03-10');
insert into TurnoLavoratore (StadioDiAvanzamento, Lavoratore, Giorno, OraInizio, OraFine, DataIncaricoTurno) values (7235, 'QFSWDM90K28V299P', '1975-06-16', '8:50', '18:39', '1975-06-17');
insert into TurnoLavoratore (StadioDiAvanzamento, Lavoratore, Giorno, OraInizio, OraFine, DataIncaricoTurno) values (1951, 'WJRTCC86V58G048O', '2023-07-15', '9:46', '18:52', '2023-07-16');
insert into TurnoLavoratore (StadioDiAvanzamento, Lavoratore, Giorno, OraInizio, OraFine, DataIncaricoTurno) values (4314, 'IZKRTR56E30S572I', '1989-02-14', '8:09', '18:10', '1989-02-15');
insert into TurnoLavoratore (StadioDiAvanzamento, Lavoratore, Giorno, OraInizio, OraFine, DataIncaricoTurno) values (4975, 'ZLITPW75F11G965Z', '1979-01-23', '8:21', '17:29', '1979-01-24');
insert into TurnoLavoratore (StadioDiAvanzamento, Lavoratore, Giorno, OraInizio, OraFine, DataIncaricoTurno) values (821, 'CBXBGZ61A45D864Z', '1972-01-07', '9:58', '17:50', '1972-01-08');
insert into TurnoLavoratore (StadioDiAvanzamento, Lavoratore, Giorno, OraInizio, OraFine, DataIncaricoTurno) values (3964, 'WJRTCC86V58G048O', '2013-03-04', '9:35', '17:55', '2013-03-05');
insert into TurnoLavoratore (StadioDiAvanzamento, Lavoratore, Giorno, OraInizio, OraFine, DataIncaricoTurno) values (1316, 'IZKRTR56E30S572I', '2022-03-13', '9:38', '17:47', '2022-03-14');
insert into TurnoLavoratore (StadioDiAvanzamento, Lavoratore, Giorno, OraInizio, OraFine, DataIncaricoTurno) values (8882, 'TEVGDD15W76D112T', '1978-06-19', '8:39', '18:40', '1978-06-20');
insert into TurnoLavoratore (StadioDiAvanzamento, Lavoratore, Giorno, OraInizio, OraFine, DataIncaricoTurno) values (7459, 'TEVGDD15W76D112T', '2023-05-14', '9:53', '17:38', '2023-05-15');
insert into TurnoLavoratore (StadioDiAvanzamento, Lavoratore, Giorno, OraInizio, OraFine, DataIncaricoTurno) values (8882, 'GMHIJS33D78P821B', '2018-05-17', '8:18', '17:47', '2018-05-18');
insert into TurnoLavoratore (StadioDiAvanzamento, Lavoratore, Giorno, OraInizio, OraFine, DataIncaricoTurno) values (9890, 'YSGAXE92J92X014M', '1975-02-07', '9:08', '18:43', '1975-02-08');
insert into TurnoLavoratore (StadioDiAvanzamento, Lavoratore, Giorno, OraInizio, OraFine, DataIncaricoTurno) values (4975, 'YSGAXE92J92X014M', '2007-04-06', '8:24', '18:41', '2007-04-07');
insert into TurnoLavoratore (StadioDiAvanzamento, Lavoratore, Giorno, OraInizio, OraFine, DataIncaricoTurno) values (4314, 'CBXBGZ61A45D864Z', '2017-08-30', '9:52', '17:17', '2017-08-31');
insert into TurnoLavoratore (StadioDiAvanzamento, Lavoratore, Giorno, OraInizio, OraFine, DataIncaricoTurno) values (9241, 'IZKRTR56E30S572I', '2007-06-27', '8:45', '18:22', '2007-06-28');
insert into TurnoLavoratore (StadioDiAvanzamento, Lavoratore, Giorno, OraInizio, OraFine, DataIncaricoTurno) values (7235, 'QFSWDM90K28V299P', '1985-05-13', '9:21', '17:40', '1985-05-14');
insert into TurnoLavoratore (StadioDiAvanzamento, Lavoratore, Giorno, OraInizio, OraFine, DataIncaricoTurno) values (3964, 'RTRXTQ63A00Q452B', '1994-11-07', '9:45', '17:51', '1994-11-08');
insert into TurnoLavoratore (StadioDiAvanzamento, Lavoratore, Giorno, OraInizio, OraFine, DataIncaricoTurno) values (5421, 'NKUTXZ55R31C472O', '1977-10-06', '8:04', '17:02', '1977-10-07');
insert into TurnoLavoratore (StadioDiAvanzamento, Lavoratore, Giorno, OraInizio, OraFine, DataIncaricoTurno) values (7600, 'ZLITPW75F11G965Z', '2007-03-24', '9:14', '18:37', '2007-03-25');
insert into TurnoLavoratore (StadioDiAvanzamento, Lavoratore, Giorno, OraInizio, OraFine, DataIncaricoTurno) values (4627, 'WJRTCC86V58G048O', '1994-11-25', '8:51', '18:12', '1994-11-26');
insert into TurnoLavoratore (StadioDiAvanzamento, Lavoratore, Giorno, OraInizio, OraFine, DataIncaricoTurno) values (5022, 'IZKRTR56E30S572I', '2010-07-24', '9:58', '18:50', '2010-07-25');
insert into TurnoLavoratore (StadioDiAvanzamento, Lavoratore, Giorno, OraInizio, OraFine, DataIncaricoTurno) values (9241, 'CBXBGZ61A45D864Z', '2006-10-05', '9:14', '17:33', '2006-10-06');
insert into TurnoLavoratore (StadioDiAvanzamento, Lavoratore, Giorno, OraInizio, OraFine, DataIncaricoTurno) values (1578, 'UHTQBK23U77C570D', '2009-08-31', '9:01', '17:07', '2009-09-01');
insert into TurnoLavoratore (StadioDiAvanzamento, Lavoratore, Giorno, OraInizio, OraFine, DataIncaricoTurno) values (7459, 'CBXBGZ61A45D864Z', '1998-07-11', '9:31', '17:37', '1998-07-12');
insert into TurnoLavoratore (StadioDiAvanzamento, Lavoratore, Giorno, OraInizio, OraFine, DataIncaricoTurno) values (7235, 'QFSWDM90K28V299P', '1984-08-10', '8:00', '17:04', '1984-08-11');
insert into TurnoLavoratore (StadioDiAvanzamento, Lavoratore, Giorno, OraInizio, OraFine, DataIncaricoTurno) values (5421, 'NKUTXZ55R31C472O', '1982-08-28', '8:11', '18:32', '1982-08-29');
insert into TurnoLavoratore (StadioDiAvanzamento, Lavoratore, Giorno, OraInizio, OraFine, DataIncaricoTurno) values (7235, 'TEVGDD15W76D112T', '1984-12-09', '8:14', '18:20', '1984-12-10');
insert into TurnoLavoratore (StadioDiAvanzamento, Lavoratore, Giorno, OraInizio, OraFine, DataIncaricoTurno) values (4627, 'CBXBGZ61A45D864Z', '1992-05-16', '8:42', '17:27', '1992-05-17');
insert into TurnoLavoratore (StadioDiAvanzamento, Lavoratore, Giorno, OraInizio, OraFine, DataIncaricoTurno) values (7235, 'SSBLCW57S76E825W', '2023-01-10', '8:03', '18:13', '2023-01-11');
insert into TurnoLavoratore (StadioDiAvanzamento, Lavoratore, Giorno, OraInizio, OraFine, DataIncaricoTurno) values (7235, 'SSBLCW57S76E825W', '2002-05-20', '8:23', '18:27', '2002-05-21');
insert into TurnoLavoratore (StadioDiAvanzamento, Lavoratore, Giorno, OraInizio, OraFine, DataIncaricoTurno) values (9059, 'GMHIJS33D78P821B', '1997-11-28', '9:03', '17:10', '1997-11-29');
insert into TurnoLavoratore (StadioDiAvanzamento, Lavoratore, Giorno, OraInizio, OraFine, DataIncaricoTurno) values (3964, 'TEVGDD15W76D112T', '2007-03-20', '9:57', '18:41', '2007-03-21');
insert into TurnoLavoratore (StadioDiAvanzamento, Lavoratore, Giorno, OraInizio, OraFine, DataIncaricoTurno) values (7235, 'TEVGDD15W76D112T', '2000-12-13', '9:14', '18:35', '2000-12-14');
insert into TurnoLavoratore (StadioDiAvanzamento, Lavoratore, Giorno, OraInizio, OraFine, DataIncaricoTurno) values (5421, 'GMHIJS33D78P821B', '1979-07-25', '9:15', '18:43', '1979-07-26');
insert into TurnoLavoratore (StadioDiAvanzamento, Lavoratore, Giorno, OraInizio, OraFine, DataIncaricoTurno) values (4627, 'IZKRTR56E30S572I', '1975-10-15', '9:25', '17:04', '1975-10-16');
insert into TurnoLavoratore (StadioDiAvanzamento, Lavoratore, Giorno, OraInizio, OraFine, DataIncaricoTurno) values (9059, 'RTRXTQ63A00Q452B', '2001-07-10', '8:40', '18:03', '2001-07-11');
insert into TurnoLavoratore (StadioDiAvanzamento, Lavoratore, Giorno, OraInizio, OraFine, DataIncaricoTurno) values (4314, 'WJRTCC86V58G048O', '2001-11-01', '9:27', '18:34', '2001-11-02');
insert into TurnoLavoratore (StadioDiAvanzamento, Lavoratore, Giorno, OraInizio, OraFine, DataIncaricoTurno) values (4627, 'UHTQBK23U77C570D', '2014-07-07', '8:45', '18:06', '2014-07-08');
insert into TurnoLavoratore (StadioDiAvanzamento, Lavoratore, Giorno, OraInizio, OraFine, DataIncaricoTurno) values (9890, 'IZKRTR56E30S572I', '1976-08-14', '9:38', '18:11', '1976-08-15');
insert into TurnoLavoratore (StadioDiAvanzamento, Lavoratore, Giorno, OraInizio, OraFine, DataIncaricoTurno) values (4975, 'WJRTCC86V58G048O', '1975-02-24', '8:28', '18:48', '1975-02-25');
insert into TurnoLavoratore (StadioDiAvanzamento, Lavoratore, Giorno, OraInizio, OraFine, DataIncaricoTurno) values (4627, 'YSGAXE92J92X014M', '2015-11-27', '9:45', '17:10', '2015-11-28');
insert into TurnoLavoratore (StadioDiAvanzamento, Lavoratore, Giorno, OraInizio, OraFine, DataIncaricoTurno) values (821, 'TEVGDD15W76D112T', '1981-04-09', '9:08', '18:37', '1981-04-10');
insert into TurnoLavoratore (StadioDiAvanzamento, Lavoratore, Giorno, OraInizio, OraFine, DataIncaricoTurno) values (5421, 'GMHIJS33D78P821B', '1975-01-17', '9:33', '18:10', '1975-01-18');
insert into TurnoLavoratore (StadioDiAvanzamento, Lavoratore, Giorno, OraInizio, OraFine, DataIncaricoTurno) values (5022, 'YSGAXE92J92X014M', '1988-01-02', '8:47', '18:10', '1988-01-03');
insert into TurnoLavoratore (StadioDiAvanzamento, Lavoratore, Giorno, OraInizio, OraFine, DataIncaricoTurno) values (9890, 'UHTQBK23U77C570D', '1998-06-24', '8:01', '18:09', '1998-06-25');
insert into TurnoLavoratore (StadioDiAvanzamento, Lavoratore, Giorno, OraInizio, OraFine, DataIncaricoTurno) values (1951, 'RTRXTQ63A00Q452B', '1998-12-13', '8:59', '17:50', '1998-12-14');
insert into TurnoLavoratore (StadioDiAvanzamento, Lavoratore, Giorno, OraInizio, OraFine, DataIncaricoTurno) values (9241, 'SSBLCW57S76E825W', '1999-05-23', '8:02', '18:24', '1999-05-24');
insert into TurnoLavoratore (StadioDiAvanzamento, Lavoratore, Giorno, OraInizio, OraFine, DataIncaricoTurno) values (4975, 'QFSWDM90K28V299P', '1987-07-20', '9:24', '17:48', '1987-07-21');
insert into TurnoLavoratore (StadioDiAvanzamento, Lavoratore, Giorno, OraInizio, OraFine, DataIncaricoTurno) values (9059, 'ZLITPW75F11G965Z', '2006-03-16', '9:28', '17:01', '2006-03-17');
insert into TurnoLavoratore (StadioDiAvanzamento, Lavoratore, Giorno, OraInizio, OraFine, DataIncaricoTurno) values (4975, 'RTRXTQ63A00Q452B', '2016-05-27', '9:18', '17:51', '2016-05-28');
insert into TurnoLavoratore (StadioDiAvanzamento, Lavoratore, Giorno, OraInizio, OraFine, DataIncaricoTurno) values (5793, 'IZKRTR56E30S572I', '1972-04-25', '9:32', '18:43', '1972-04-26');
insert into TurnoLavoratore (StadioDiAvanzamento, Lavoratore, Giorno, OraInizio, OraFine, DataIncaricoTurno) values (1951, 'NKUTXZ55R31C472O', '1979-04-09', '9:13', '17:58', '1979-04-10');
insert into TurnoLavoratore (StadioDiAvanzamento, Lavoratore, Giorno, OraInizio, OraFine, DataIncaricoTurno) values (3964, 'RTRXTQ63A00Q452B', '1978-10-23', '8:26', '17:46', '1978-10-24');
insert into TurnoLavoratore (StadioDiAvanzamento, Lavoratore, Giorno, OraInizio, OraFine, DataIncaricoTurno) values (821, 'RTRXTQ63A00Q452B', '2021-04-03', '9:27', '17:44', '2021-04-04');
insert into TurnoLavoratore (StadioDiAvanzamento, Lavoratore, Giorno, OraInizio, OraFine, DataIncaricoTurno) values (4627, 'YSGAXE92J92X014M', '1988-02-15', '9:14', '18:17', '1988-02-16');
insert into TurnoLavoratore (StadioDiAvanzamento, Lavoratore, Giorno, OraInizio, OraFine, DataIncaricoTurno) values (1951, 'CBXBGZ61A45D864Z', '1979-11-05', '9:04', '17:53', '1979-11-06');
insert into TurnoLavoratore (StadioDiAvanzamento, Lavoratore, Giorno, OraInizio, OraFine, DataIncaricoTurno) values (4975, 'UHTQBK23U77C570D', '2016-08-19', '9:39', '17:39', '2016-08-20');
insert into TurnoLavoratore (StadioDiAvanzamento, Lavoratore, Giorno, OraInizio, OraFine, DataIncaricoTurno) values (7235, 'CBXBGZ61A45D864Z', '2002-05-28', '9:32', '17:48', '2002-05-29');
insert into TurnoLavoratore (StadioDiAvanzamento, Lavoratore, Giorno, OraInizio, OraFine, DataIncaricoTurno) values (1316, 'YSGAXE92J92X014M', '2001-04-27', '9:45', '18:20', '2001-04-28');
insert into TurnoLavoratore (StadioDiAvanzamento, Lavoratore, Giorno, OraInizio, OraFine, DataIncaricoTurno) values (4314, 'NKUTXZ55R31C472O', '2019-05-25', '9:39', '17:35', '2019-05-26');
insert into TurnoLavoratore (StadioDiAvanzamento, Lavoratore, Giorno, OraInizio, OraFine, DataIncaricoTurno) values (9241, 'WJRTCC86V58G048O', '2014-10-09', '8:57', '18:47', '2014-10-10');
insert into TurnoLavoratore (StadioDiAvanzamento, Lavoratore, Giorno, OraInizio, OraFine, DataIncaricoTurno) values (9890, 'IZKRTR56E30S572I', '2016-06-29', '8:39', '18:33', '2016-06-30');
insert into TurnoLavoratore (StadioDiAvanzamento, Lavoratore, Giorno, OraInizio, OraFine, DataIncaricoTurno) values (7235, 'CBXBGZ61A45D864Z', '1978-05-20', '9:59', '17:43', '1978-05-21');
insert into TurnoLavoratore (StadioDiAvanzamento, Lavoratore, Giorno, OraInizio, OraFine, DataIncaricoTurno) values (7600, 'ZLITPW75F11G965Z', '1984-03-04', '8:17', '18:15', '1984-03-05');
insert into TurnoLavoratore (StadioDiAvanzamento, Lavoratore, Giorno, OraInizio, OraFine, DataIncaricoTurno) values (9890, 'QFSWDM90K28V299P', '2002-07-31', '9:39', '18:58', '2002-08-01');
insert into TurnoLavoratore (StadioDiAvanzamento, Lavoratore, Giorno, OraInizio, OraFine, DataIncaricoTurno) values (5421, 'IZKRTR56E30S572I', '1982-06-29', '8:17', '18:35', '1982-06-30');
insert into TurnoLavoratore (StadioDiAvanzamento, Lavoratore, Giorno, OraInizio, OraFine, DataIncaricoTurno) values (9890, 'YSGAXE92J92X014M', '2011-06-24', '9:05', '18:26', '2011-06-25');
insert into TurnoLavoratore (StadioDiAvanzamento, Lavoratore, Giorno, OraInizio, OraFine, DataIncaricoTurno) values (4627, 'YSGAXE92J92X014M', '1990-08-03', '9:23', '18:47', '1990-08-04');
insert into TurnoLavoratore (StadioDiAvanzamento, Lavoratore, Giorno, OraInizio, OraFine, DataIncaricoTurno) values (8882, 'NKUTXZ55R31C472O', '1986-02-02', '9:55', '17:18', '1986-02-03');
insert into TurnoLavoratore (StadioDiAvanzamento, Lavoratore, Giorno, OraInizio, OraFine, DataIncaricoTurno) values (5421, 'GMHIJS33D78P821B', '1980-10-23', '8:31', '17:34', '1980-10-24');
insert into TurnoLavoratore (StadioDiAvanzamento, Lavoratore, Giorno, OraInizio, OraFine, DataIncaricoTurno) values (1316, 'GMHIJS33D78P821B', '1984-03-11', '9:05', '17:58', '1984-03-12');
insert into TurnoLavoratore (StadioDiAvanzamento, Lavoratore, Giorno, OraInizio, OraFine, DataIncaricoTurno) values (7459, 'TEVGDD15W76D112T', '2023-02-11', '8:26', '17:06', '2023-02-12');
insert into TurnoLavoratore (StadioDiAvanzamento, Lavoratore, Giorno, OraInizio, OraFine, DataIncaricoTurno) values (821, 'IZKRTR56E30S572I', '1999-12-19', '9:17', '17:36', '1999-12-20');
insert into TurnoLavoratore (StadioDiAvanzamento, Lavoratore, Giorno, OraInizio, OraFine, DataIncaricoTurno) values (5421, 'YSGAXE92J92X014M', '2010-08-04', '8:54', '17:04', '2010-08-05');
insert into TurnoLavoratore (StadioDiAvanzamento, Lavoratore, Giorno, OraInizio, OraFine, DataIncaricoTurno) values (9890, 'GMHIJS33D78P821B', '2000-08-07', '8:38', '18:25', '2000-08-08');
insert into TurnoLavoratore (StadioDiAvanzamento, Lavoratore, Giorno, OraInizio, OraFine, DataIncaricoTurno) values (1316, 'ZLITPW75F11G965Z', '1981-08-15', '8:12', '18:11', '1981-08-16');
insert into TurnoLavoratore (StadioDiAvanzamento, Lavoratore, Giorno, OraInizio, OraFine, DataIncaricoTurno) values (5793, 'CBXBGZ61A45D864Z', '1991-10-24', '8:52', '17:03', '1991-10-25');
insert into TurnoLavoratore (StadioDiAvanzamento, Lavoratore, Giorno, OraInizio, OraFine, DataIncaricoTurno) values (1316, 'TEVGDD15W76D112T', '2014-01-02', '9:35', '18:50', '2014-01-03');
insert into TurnoLavoratore (StadioDiAvanzamento, Lavoratore, Giorno, OraInizio, OraFine, DataIncaricoTurno) values (1578, 'ZLITPW75F11G965Z', '2013-12-15', '9:36', '17:32', '2013-12-16');
insert into TurnoLavoratore (StadioDiAvanzamento, Lavoratore, Giorno, OraInizio, OraFine, DataIncaricoTurno) values (5793, 'YSGAXE92J92X014M', '2012-07-31', '9:34', '17:57', '2012-08-01');
insert into TurnoLavoratore (StadioDiAvanzamento, Lavoratore, Giorno, OraInizio, OraFine, DataIncaricoTurno) values (1316, 'CBXBGZ61A45D864Z', '1987-08-10', '9:24', '18:00', '1987-08-11');
insert into TurnoLavoratore (StadioDiAvanzamento, Lavoratore, Giorno, OraInizio, OraFine, DataIncaricoTurno) values (1316, 'NKUTXZ55R31C472O', '1999-07-03', '9:22', '17:12', '1999-07-04');
insert into TurnoLavoratore (StadioDiAvanzamento, Lavoratore, Giorno, OraInizio, OraFine, DataIncaricoTurno) values (8882, 'YSGAXE92J92X014M', '1987-11-29', '9:19', '17:42', '1987-11-30');
insert into TurnoLavoratore (StadioDiAvanzamento, Lavoratore, Giorno, OraInizio, OraFine, DataIncaricoTurno) values (5421, 'WJRTCC86V58G048O', '1996-03-07', '9:40', '18:32', '1996-03-08');
insert into TurnoLavoratore (StadioDiAvanzamento, Lavoratore, Giorno, OraInizio, OraFine, DataIncaricoTurno) values (3964, 'UHTQBK23U77C570D', '1998-03-03', '8:43', '17:18', '1998-03-04');
insert into TurnoLavoratore (StadioDiAvanzamento, Lavoratore, Giorno, OraInizio, OraFine, DataIncaricoTurno) values (7600, 'TEVGDD15W76D112T', '1990-05-17', '8:56', '17:11', '1990-05-18');
insert into TurnoLavoratore (StadioDiAvanzamento, Lavoratore, Giorno, OraInizio, OraFine, DataIncaricoTurno) values (1316, 'GMHIJS33D78P821B', '1982-05-21', '8:57', '17:08', '1982-05-22');
insert into TurnoLavoratore (StadioDiAvanzamento, Lavoratore, Giorno, OraInizio, OraFine, DataIncaricoTurno) values (7459, 'IZKRTR56E30S572I', '1974-02-19', '8:13', '17:22', '1974-02-20');
insert into TurnoLavoratore (StadioDiAvanzamento, Lavoratore, Giorno, OraInizio, OraFine, DataIncaricoTurno) values (4627, 'QFSWDM90K28V299P', '2011-04-18', '8:37', '17:46', '2011-04-19');
insert into TurnoLavoratore (StadioDiAvanzamento, Lavoratore, Giorno, OraInizio, OraFine, DataIncaricoTurno) values (9241, 'ZLITPW75F11G965Z', '1988-11-03', '9:25', '17:46', '1988-11-04');
insert into TurnoLavoratore (StadioDiAvanzamento, Lavoratore, Giorno, OraInizio, OraFine, DataIncaricoTurno) values (821, 'NKUTXZ55R31C472O', '2005-05-31', '9:30', '17:53', '2005-06-01');
insert into TurnoLavoratore (StadioDiAvanzamento, Lavoratore, Giorno, OraInizio, OraFine, DataIncaricoTurno) values (8882, 'GMHIJS33D78P821B', '2012-01-02', '9:53', '18:31', '2012-01-03');
insert into TurnoLavoratore (StadioDiAvanzamento, Lavoratore, Giorno, OraInizio, OraFine, DataIncaricoTurno) values (7235, 'SSBLCW57S76E825W', '2009-04-30', '8:17', '17:59', '2009-05-01');
insert into TurnoLavoratore (StadioDiAvanzamento, Lavoratore, Giorno, OraInizio, OraFine, DataIncaricoTurno) values (1578, 'CBXBGZ61A45D864Z', '1990-11-12', '8:44', '17:59', '1990-11-13');
insert into TurnoLavoratore (StadioDiAvanzamento, Lavoratore, Giorno, OraInizio, OraFine, DataIncaricoTurno) values (7459, 'IZKRTR56E30S572I', '1983-03-05', '8:36', '17:50', '1983-03-06');
insert into TurnoLavoratore (StadioDiAvanzamento, Lavoratore, Giorno, OraInizio, OraFine, DataIncaricoTurno) values (8882, 'SSBLCW57S76E825W', '1971-09-29', '8:35', '17:22', '1971-09-30');
insert into TurnoLavoratore (StadioDiAvanzamento, Lavoratore, Giorno, OraInizio, OraFine, DataIncaricoTurno) values (5793, 'UHTQBK23U77C570D', '1974-12-13', '9:58', '17:49', '1974-12-14');
insert into TurnoLavoratore (StadioDiAvanzamento, Lavoratore, Giorno, OraInizio, OraFine, DataIncaricoTurno) values (7600, 'YSGAXE92J92X014M', '1990-05-09', '8:05', '17:07', '1990-05-10');
insert into TurnoLavoratore (StadioDiAvanzamento, Lavoratore, Giorno, OraInizio, OraFine, DataIncaricoTurno) values (4314, 'RTRXTQ63A00Q452B', '2014-04-30', '8:00', '18:14', '2014-05-01');
insert into TurnoLavoratore (StadioDiAvanzamento, Lavoratore, Giorno, OraInizio, OraFine, DataIncaricoTurno) values (4314, 'UHTQBK23U77C570D', '1986-04-27', '9:12', '17:05', '1986-04-28');
insert into TurnoLavoratore (StadioDiAvanzamento, Lavoratore, Giorno, OraInizio, OraFine, DataIncaricoTurno) values (5022, 'CBXBGZ61A45D864Z', '1981-06-13', '8:27', '18:30', '1981-06-14');
insert into TurnoLavoratore (StadioDiAvanzamento, Lavoratore, Giorno, OraInizio, OraFine, DataIncaricoTurno) values (821, 'WJRTCC86V58G048O', '2003-07-05', '8:44', '17:05', '2003-07-06');
insert into TurnoLavoratore (StadioDiAvanzamento, Lavoratore, Giorno, OraInizio, OraFine, DataIncaricoTurno) values (8882, 'QFSWDM90K28V299P', '2002-08-07', '8:51', '18:45', '2002-08-08');
insert into TurnoLavoratore (StadioDiAvanzamento, Lavoratore, Giorno, OraInizio, OraFine, DataIncaricoTurno) values (5793, 'NKUTXZ55R31C472O', '1989-11-23', '8:59', '18:43', '1989-11-24');
insert into TurnoLavoratore (StadioDiAvanzamento, Lavoratore, Giorno, OraInizio, OraFine, DataIncaricoTurno) values (4314, 'NKUTXZ55R31C472O', '1977-09-26', '9:42', '17:35', '1977-09-27');
insert into TurnoLavoratore (StadioDiAvanzamento, Lavoratore, Giorno, OraInizio, OraFine, DataIncaricoTurno) values (8882, 'UHTQBK23U77C570D', '1982-03-25', '9:51', '17:15', '1982-03-26');
insert into TurnoLavoratore (StadioDiAvanzamento, Lavoratore, Giorno, OraInizio, OraFine, DataIncaricoTurno) values (7459, 'CBXBGZ61A45D864Z', '1990-08-15', '8:32', '18:48', '1990-08-16');
insert into TurnoLavoratore (StadioDiAvanzamento, Lavoratore, Giorno, OraInizio, OraFine, DataIncaricoTurno) values (7459, 'SSBLCW57S76E825W', '1984-09-18', '8:04', '17:52', '1984-09-19');
insert into TurnoLavoratore (StadioDiAvanzamento, Lavoratore, Giorno, OraInizio, OraFine, DataIncaricoTurno) values (4627, 'RTRXTQ63A00Q452B', '2001-05-07', '9:35', '18:27', '2001-05-08');
insert into TurnoLavoratore (StadioDiAvanzamento, Lavoratore, Giorno, OraInizio, OraFine, DataIncaricoTurno) values (7235, 'TEVGDD15W76D112T', '2019-02-04', '9:30', '18:38', '2019-02-05');
insert into TurnoLavoratore (StadioDiAvanzamento, Lavoratore, Giorno, OraInizio, OraFine, DataIncaricoTurno) values (4627, 'QFSWDM90K28V299P', '1980-09-10', '9:47', '17:03', '1980-09-11');
insert into TurnoLavoratore (StadioDiAvanzamento, Lavoratore, Giorno, OraInizio, OraFine, DataIncaricoTurno) values (5022, 'CBXBGZ61A45D864Z', '1980-05-22', '9:25', '17:24', '1980-05-23');
insert into TurnoLavoratore (StadioDiAvanzamento, Lavoratore, Giorno, OraInizio, OraFine, DataIncaricoTurno) values (5022, 'IZKRTR56E30S572I', '1992-10-16', '9:33', '18:45', '1992-10-17');
insert into TurnoLavoratore (StadioDiAvanzamento, Lavoratore, Giorno, OraInizio, OraFine, DataIncaricoTurno) values (8882, 'WJRTCC86V58G048O', '2013-03-10', '9:23', '17:03', '2013-03-11');
insert into TurnoLavoratore (StadioDiAvanzamento, Lavoratore, Giorno, OraInizio, OraFine, DataIncaricoTurno) values (5793, 'WJRTCC86V58G048O', '1976-04-07', '9:33', '17:53', '1976-04-08');
insert into TurnoLavoratore (StadioDiAvanzamento, Lavoratore, Giorno, OraInizio, OraFine, DataIncaricoTurno) values (7459, 'YSGAXE92J92X014M', '2003-02-27', '9:56', '17:20', '2003-02-28');
insert into TurnoLavoratore (StadioDiAvanzamento, Lavoratore, Giorno, OraInizio, OraFine, DataIncaricoTurno) values (4975, 'UHTQBK23U77C570D', '1997-09-27', '9:26', '18:26', '1997-09-28');
insert into TurnoLavoratore (StadioDiAvanzamento, Lavoratore, Giorno, OraInizio, OraFine, DataIncaricoTurno) values (1578, 'SSBLCW57S76E825W', '2010-09-18', '8:29', '17:56', '2010-09-19');
insert into TurnoLavoratore (StadioDiAvanzamento, Lavoratore, Giorno, OraInizio, OraFine, DataIncaricoTurno) values (7600, 'GMHIJS33D78P821B', '1972-02-12', '8:49', '18:02', '1972-02-13');
insert into TurnoLavoratore (StadioDiAvanzamento, Lavoratore, Giorno, OraInizio, OraFine, DataIncaricoTurno) values (4627, 'ZLITPW75F11G965Z', '1973-08-20', '8:15', '17:27', '1973-08-21');
insert into TurnoLavoratore (StadioDiAvanzamento, Lavoratore, Giorno, OraInizio, OraFine, DataIncaricoTurno) values (4975, 'RTRXTQ63A00Q452B', '2011-10-05', '9:22', '17:42', '2011-10-06');
insert into TurnoLavoratore (StadioDiAvanzamento, Lavoratore, Giorno, OraInizio, OraFine, DataIncaricoTurno) values (821, 'NKUTXZ55R31C472O', '2002-02-28', '8:31', '17:32', '2002-03-01');
insert into TurnoLavoratore (StadioDiAvanzamento, Lavoratore, Giorno, OraInizio, OraFine, DataIncaricoTurno) values (821, 'ZLITPW75F11G965Z', '1991-08-15', '9:01', '18:58', '1991-08-16');
insert into TurnoLavoratore (StadioDiAvanzamento, Lavoratore, Giorno, OraInizio, OraFine, DataIncaricoTurno) values (5421, 'ZLITPW75F11G965Z', '2018-04-27', '9:55', '17:55', '2018-04-28');
insert into TurnoLavoratore (StadioDiAvanzamento, Lavoratore, Giorno, OraInizio, OraFine, DataIncaricoTurno) values (7600, 'SSBLCW57S76E825W', '2021-08-31', '8:23', '18:39', '2021-09-01');
insert into TurnoLavoratore (StadioDiAvanzamento, Lavoratore, Giorno, OraInizio, OraFine, DataIncaricoTurno) values (1578, 'SSBLCW57S76E825W', '1978-08-05', '9:51', '17:19', '1978-08-06');
insert into TurnoLavoratore (StadioDiAvanzamento, Lavoratore, Giorno, OraInizio, OraFine, DataIncaricoTurno) values (7235, 'SSBLCW57S76E825W', '1972-05-23', '9:45', '17:33', '1972-05-24');
insert into TurnoLavoratore (StadioDiAvanzamento, Lavoratore, Giorno, OraInizio, OraFine, DataIncaricoTurno) values (4314, 'WJRTCC86V58G048O', '2013-07-23', '9:35', '18:24', '2013-07-24');
insert into TurnoLavoratore (StadioDiAvanzamento, Lavoratore, Giorno, OraInizio, OraFine, DataIncaricoTurno) values (821, 'WJRTCC86V58G048O', '1986-05-20', '9:13', '17:41', '1986-05-21');
insert into TurnoLavoratore (StadioDiAvanzamento, Lavoratore, Giorno, OraInizio, OraFine, DataIncaricoTurno) values (7600, 'YSGAXE92J92X014M', '1980-01-27', '8:39', '17:57', '1980-01-28');
insert into TurnoLavoratore (StadioDiAvanzamento, Lavoratore, Giorno, OraInizio, OraFine, DataIncaricoTurno) values (7600, 'ZLITPW75F11G965Z', '1971-05-04', '9:55', '17:45', '1971-05-05');
insert into TurnoLavoratore (StadioDiAvanzamento, Lavoratore, Giorno, OraInizio, OraFine, DataIncaricoTurno) values (5421, 'ZLITPW75F11G965Z', '1994-11-12', '9:18', '17:29', '1994-11-13');
insert into TurnoLavoratore (StadioDiAvanzamento, Lavoratore, Giorno, OraInizio, OraFine, DataIncaricoTurno) values (7459, 'UHTQBK23U77C570D', '1987-10-30', '9:06', '18:07', '1987-10-31');
insert into TurnoLavoratore (StadioDiAvanzamento, Lavoratore, Giorno, OraInizio, OraFine, DataIncaricoTurno) values (4314, 'QFSWDM90K28V299P', '2007-06-23', '8:05', '17:27', '2007-06-24');
insert into TurnoLavoratore (StadioDiAvanzamento, Lavoratore, Giorno, OraInizio, OraFine, DataIncaricoTurno) values (9890, 'IZKRTR56E30S572I', '2009-03-19', '9:20', '17:37', '2009-03-20');
insert into TurnoLavoratore (StadioDiAvanzamento, Lavoratore, Giorno, OraInizio, OraFine, DataIncaricoTurno) values (7235, 'GMHIJS33D78P821B', '1998-08-15', '9:52', '18:32', '1998-08-16');
insert into TurnoLavoratore (StadioDiAvanzamento, Lavoratore, Giorno, OraInizio, OraFine, DataIncaricoTurno) values (1316, 'CBXBGZ61A45D864Z', '2020-08-21', '8:07', '18:29', '2020-08-22');
insert into TurnoLavoratore (StadioDiAvanzamento, Lavoratore, Giorno, OraInizio, OraFine, DataIncaricoTurno) values (4314, 'ZLITPW75F11G965Z', '1978-05-14', '8:22', '17:10', '1978-05-15');
insert into TurnoLavoratore (StadioDiAvanzamento, Lavoratore, Giorno, OraInizio, OraFine, DataIncaricoTurno) values (4975, 'TEVGDD15W76D112T', '1972-11-09', '9:05', '17:39', '1972-11-10');
insert into TurnoLavoratore (StadioDiAvanzamento, Lavoratore, Giorno, OraInizio, OraFine, DataIncaricoTurno) values (4627, 'CBXBGZ61A45D864Z', '2021-11-26', '9:31', '18:18', '2021-11-27');
insert into TurnoLavoratore (StadioDiAvanzamento, Lavoratore, Giorno, OraInizio, OraFine, DataIncaricoTurno) values (9059, 'YSGAXE92J92X014M', '2002-07-20', '8:24', '17:21', '2002-07-21');
insert into TurnoLavoratore (StadioDiAvanzamento, Lavoratore, Giorno, OraInizio, OraFine, DataIncaricoTurno) values (1578, 'NKUTXZ55R31C472O', '1992-12-14', '8:16', '17:13', '1992-12-15');
insert into TurnoLavoratore (StadioDiAvanzamento, Lavoratore, Giorno, OraInizio, OraFine, DataIncaricoTurno) values (4975, 'ZLITPW75F11G965Z', '1996-04-19', '9:50', '17:00', '1996-04-20');
insert into TurnoLavoratore (StadioDiAvanzamento, Lavoratore, Giorno, OraInizio, OraFine, DataIncaricoTurno) values (9241, 'WJRTCC86V58G048O', '1994-09-06', '9:32', '17:39', '1994-09-07');
insert into TurnoLavoratore (StadioDiAvanzamento, Lavoratore, Giorno, OraInizio, OraFine, DataIncaricoTurno) values (9890, 'ZLITPW75F11G965Z', '1972-01-14', '8:51', '18:40', '1972-01-15');
insert into TurnoLavoratore (StadioDiAvanzamento, Lavoratore, Giorno, OraInizio, OraFine, DataIncaricoTurno) values (7600, 'SSBLCW57S76E825W', '2017-01-22', '8:48', '17:48', '2017-01-23');
insert into TurnoLavoratore (StadioDiAvanzamento, Lavoratore, Giorno, OraInizio, OraFine, DataIncaricoTurno) values (9241, 'TEVGDD15W76D112T', '1973-02-21', '9:35', '17:15', '1973-02-22');
insert into TurnoLavoratore (StadioDiAvanzamento, Lavoratore, Giorno, OraInizio, OraFine, DataIncaricoTurno) values (4975, 'UHTQBK23U77C570D', '2006-08-15', '8:44', '17:36', '2006-08-16');
insert into TurnoLavoratore (StadioDiAvanzamento, Lavoratore, Giorno, OraInizio, OraFine, DataIncaricoTurno) values (9241, 'QFSWDM90K28V299P', '1994-04-09', '9:21', '18:00', '1994-04-10');
insert into TurnoLavoratore (StadioDiAvanzamento, Lavoratore, Giorno, OraInizio, OraFine, DataIncaricoTurno) values (3722, 'NKUTXZ55R31C472O', '1996-02-08', '8:20', '17:29', '1996-02-09');
insert into TurnoLavoratore (StadioDiAvanzamento, Lavoratore, Giorno, OraInizio, OraFine, DataIncaricoTurno) values (7459, 'RTRXTQ63A00Q452B', '1986-01-08', '8:43', '17:31', '1986-01-09');
insert into TurnoLavoratore (StadioDiAvanzamento, Lavoratore, Giorno, OraInizio, OraFine, DataIncaricoTurno) values (3722, 'NKUTXZ55R31C472O', '1974-08-18', '8:51', '18:23', '1974-08-19');
insert into TurnoLavoratore (StadioDiAvanzamento, Lavoratore, Giorno, OraInizio, OraFine, DataIncaricoTurno) values (4627, 'WJRTCC86V58G048O', '2023-04-13', '8:18', '17:27', '2023-04-14');
insert into TurnoLavoratore (StadioDiAvanzamento, Lavoratore, Giorno, OraInizio, OraFine, DataIncaricoTurno) values (1316, 'RTRXTQ63A00Q452B', '1994-08-05', '9:30', '17:43', '1994-08-06');
insert into TurnoLavoratore (StadioDiAvanzamento, Lavoratore, Giorno, OraInizio, OraFine, DataIncaricoTurno) values (8882, 'SSBLCW57S76E825W', '1981-03-02', '8:24', '17:23', '1981-03-03');
insert into TurnoLavoratore (StadioDiAvanzamento, Lavoratore, Giorno, OraInizio, OraFine, DataIncaricoTurno) values (1951, 'CBXBGZ61A45D864Z', '2008-09-03', '8:13', '17:28', '2008-09-04');
insert into TurnoLavoratore (StadioDiAvanzamento, Lavoratore, Giorno, OraInizio, OraFine, DataIncaricoTurno) values (1316, 'CBXBGZ61A45D864Z', '1994-11-17', '9:11', '18:44', '1994-11-18');
insert into TurnoLavoratore (StadioDiAvanzamento, Lavoratore, Giorno, OraInizio, OraFine, DataIncaricoTurno) values (9059, 'RTRXTQ63A00Q452B', '2019-01-19', '8:54', '17:49', '2019-01-20');
insert into TurnoLavoratore (StadioDiAvanzamento, Lavoratore, Giorno, OraInizio, OraFine, DataIncaricoTurno) values (5022, 'ZLITPW75F11G965Z', '2007-08-30', '9:39', '17:16', '2007-08-31');
insert into TurnoLavoratore (StadioDiAvanzamento, Lavoratore, Giorno, OraInizio, OraFine, DataIncaricoTurno) values (1578, 'SSBLCW57S76E825W', '1985-10-22', '8:22', '18:27', '1985-10-23');
insert into TurnoLavoratore (StadioDiAvanzamento, Lavoratore, Giorno, OraInizio, OraFine, DataIncaricoTurno) values (9890, 'IZKRTR56E30S572I', '1985-09-01', '9:53', '18:19', '1985-09-02');
insert into TurnoLavoratore (StadioDiAvanzamento, Lavoratore, Giorno, OraInizio, OraFine, DataIncaricoTurno) values (9890, 'UHTQBK23U77C570D', '1997-03-28', '9:19', '18:13', '1997-03-29');
insert into TurnoLavoratore (StadioDiAvanzamento, Lavoratore, Giorno, OraInizio, OraFine, DataIncaricoTurno) values (4627, 'QFSWDM90K28V299P', '2013-02-11', '9:06', '17:08', '2013-02-12');
insert into TurnoLavoratore (StadioDiAvanzamento, Lavoratore, Giorno, OraInizio, OraFine, DataIncaricoTurno) values (7235, 'CBXBGZ61A45D864Z', '2019-01-23', '9:09', '17:34', '2019-01-24');
insert into TurnoLavoratore (StadioDiAvanzamento, Lavoratore, Giorno, OraInizio, OraFine, DataIncaricoTurno) values (1578, 'IZKRTR56E30S572I', '1990-11-17', '9:15', '17:43', '1990-11-18');
insert into TurnoLavoratore (StadioDiAvanzamento, Lavoratore, Giorno, OraInizio, OraFine, DataIncaricoTurno) values (9059, 'ZLITPW75F11G965Z', '2006-09-15', '9:18', '17:12', '2006-09-16');
insert into TurnoLavoratore (StadioDiAvanzamento, Lavoratore, Giorno, OraInizio, OraFine, DataIncaricoTurno) values (1316, 'QFSWDM90K28V299P', '1990-12-29', '9:03', '18:00', '1990-12-30');
insert into TurnoLavoratore (StadioDiAvanzamento, Lavoratore, Giorno, OraInizio, OraFine, DataIncaricoTurno) values (9890, 'CBXBGZ61A45D864Z', '1975-12-14', '9:40', '17:08', '1975-12-15');
insert into TurnoLavoratore (StadioDiAvanzamento, Lavoratore, Giorno, OraInizio, OraFine, DataIncaricoTurno) values (9241, 'QFSWDM90K28V299P', '1993-08-10', '8:06', '17:14', '1993-08-11');
insert into TurnoLavoratore (StadioDiAvanzamento, Lavoratore, Giorno, OraInizio, OraFine, DataIncaricoTurno) values (5022, 'QFSWDM90K28V299P', '1995-05-09', '9:50', '17:55', '1995-05-10');
insert into TurnoLavoratore (StadioDiAvanzamento, Lavoratore, Giorno, OraInizio, OraFine, DataIncaricoTurno) values (4314, 'NKUTXZ55R31C472O', '1991-07-25', '9:37', '18:51', '1991-07-26');
insert into TurnoLavoratore (StadioDiAvanzamento, Lavoratore, Giorno, OraInizio, OraFine, DataIncaricoTurno) values (5793, 'QFSWDM90K28V299P', '1979-07-02', '8:35', '18:06', '1979-07-03');
insert into TurnoLavoratore (StadioDiAvanzamento, Lavoratore, Giorno, OraInizio, OraFine, DataIncaricoTurno) values (5022, 'WJRTCC86V58G048O', '1975-04-29', '8:12', '17:35', '1975-04-30');
insert into TurnoLavoratore (StadioDiAvanzamento, Lavoratore, Giorno, OraInizio, OraFine, DataIncaricoTurno) values (3964, 'SSBLCW57S76E825W', '1998-02-15', '9:24', '18:12', '1998-02-16');
insert into TurnoLavoratore (StadioDiAvanzamento, Lavoratore, Giorno, OraInizio, OraFine, DataIncaricoTurno) values (8882, 'UHTQBK23U77C570D', '2008-07-12', '8:23', '17:09', '2008-07-13');
insert into TurnoLavoratore (StadioDiAvanzamento, Lavoratore, Giorno, OraInizio, OraFine, DataIncaricoTurno) values (9890, 'IZKRTR56E30S572I', '1988-05-06', '9:30', '18:35', '1988-05-07');
insert into TurnoLavoratore (StadioDiAvanzamento, Lavoratore, Giorno, OraInizio, OraFine, DataIncaricoTurno) values (4627, 'CBXBGZ61A45D864Z', '2007-12-10', '8:23', '17:47', '2007-12-11');
insert into TurnoLavoratore (StadioDiAvanzamento, Lavoratore, Giorno, OraInizio, OraFine, DataIncaricoTurno) values (9059, 'RTRXTQ63A00Q452B', '1997-01-27', '8:52', '18:37', '1997-01-28');
insert into TurnoLavoratore (StadioDiAvanzamento, Lavoratore, Giorno, OraInizio, OraFine, DataIncaricoTurno) values (8882, 'QFSWDM90K28V299P', '2009-12-20', '9:39', '18:01', '2009-12-21');
insert into TurnoLavoratore (StadioDiAvanzamento, Lavoratore, Giorno, OraInizio, OraFine, DataIncaricoTurno) values (1578, 'WJRTCC86V58G048O', '1994-08-14', '9:01', '17:16', '1994-08-15');
insert into TurnoLavoratore (StadioDiAvanzamento, Lavoratore, Giorno, OraInizio, OraFine, DataIncaricoTurno) values (9890, 'CBXBGZ61A45D864Z', '1975-12-29', '9:00', '17:28', '1975-12-30');
insert into TurnoLavoratore (StadioDiAvanzamento, Lavoratore, Giorno, OraInizio, OraFine, DataIncaricoTurno) values (9890, 'UHTQBK23U77C570D', '1997-12-20', '8:54', '18:36', '1997-12-21');
insert into TurnoLavoratore (StadioDiAvanzamento, Lavoratore, Giorno, OraInizio, OraFine, DataIncaricoTurno) values (821, 'ZLITPW75F11G965Z', '1986-08-17', '8:54', '17:15', '1986-08-18');
insert into TurnoLavoratore (StadioDiAvanzamento, Lavoratore, Giorno, OraInizio, OraFine, DataIncaricoTurno) values (4314, 'RTRXTQ63A00Q452B', '1976-11-25', '8:03', '18:13', '1976-11-26');
insert into TurnoLavoratore (StadioDiAvanzamento, Lavoratore, Giorno, OraInizio, OraFine, DataIncaricoTurno) values (5793, 'RTRXTQ63A00Q452B', '1987-05-06', '8:55', '17:19', '1987-05-07');
insert into TurnoLavoratore (StadioDiAvanzamento, Lavoratore, Giorno, OraInizio, OraFine, DataIncaricoTurno) values (9890, 'YSGAXE92J92X014M', '1996-05-10', '9:15', '17:04', '1996-05-11');
insert into TurnoLavoratore (StadioDiAvanzamento, Lavoratore, Giorno, OraInizio, OraFine, DataIncaricoTurno) values (9890, 'SSBLCW57S76E825W', '1978-05-20', '8:12', '18:56', '1978-05-21');
insert into TurnoLavoratore (StadioDiAvanzamento, Lavoratore, Giorno, OraInizio, OraFine, DataIncaricoTurno) values (4975, 'UHTQBK23U77C570D', '1995-07-21', '9:10', '17:01', '1995-07-22');
insert into TurnoLavoratore (StadioDiAvanzamento, Lavoratore, Giorno, OraInizio, OraFine, DataIncaricoTurno) values (9241, 'QFSWDM90K28V299P', '1976-02-02', '9:25', '17:13', '1976-02-03');
insert into TurnoLavoratore (StadioDiAvanzamento, Lavoratore, Giorno, OraInizio, OraFine, DataIncaricoTurno) values (1951, 'YSGAXE92J92X014M', '1978-12-25', '9:28', '18:08', '1978-12-26');
insert into TurnoLavoratore (StadioDiAvanzamento, Lavoratore, Giorno, OraInizio, OraFine, DataIncaricoTurno) values (5022, 'QFSWDM90K28V299P', '2017-11-10', '8:15', '18:35', '2017-11-11');
insert into TurnoLavoratore (StadioDiAvanzamento, Lavoratore, Giorno, OraInizio, OraFine, DataIncaricoTurno) values (4627, 'IZKRTR56E30S572I', '1987-01-06', '9:44', '18:55', '1987-01-07');
insert into TurnoLavoratore (StadioDiAvanzamento, Lavoratore, Giorno, OraInizio, OraFine, DataIncaricoTurno) values (4314, 'IZKRTR56E30S572I', '1972-10-04', '9:39', '17:55', '1972-10-05');
insert into TurnoLavoratore (StadioDiAvanzamento, Lavoratore, Giorno, OraInizio, OraFine, DataIncaricoTurno) values (4627, 'GMHIJS33D78P821B', '1983-11-28', '8:46', '18:54', '1983-11-29');
insert into TurnoLavoratore (StadioDiAvanzamento, Lavoratore, Giorno, OraInizio, OraFine, DataIncaricoTurno) values (7235, 'NKUTXZ55R31C472O', '1993-04-25', '8:25', '18:47', '1993-04-26');
insert into TurnoLavoratore (StadioDiAvanzamento, Lavoratore, Giorno, OraInizio, OraFine, DataIncaricoTurno) values (3722, 'CBXBGZ61A45D864Z', '2016-07-28', '8:40', '17:40', '2016-07-29');
insert into TurnoLavoratore (StadioDiAvanzamento, Lavoratore, Giorno, OraInizio, OraFine, DataIncaricoTurno) values (4627, 'NKUTXZ55R31C472O', '2001-01-30', '8:26', '17:46', '2001-01-31');
insert into TurnoLavoratore (StadioDiAvanzamento, Lavoratore, Giorno, OraInizio, OraFine, DataIncaricoTurno) values (8882, 'GMHIJS33D78P821B', '2016-04-11', '9:31', '18:46', '2016-04-12');
insert into TurnoLavoratore (StadioDiAvanzamento, Lavoratore, Giorno, OraInizio, OraFine, DataIncaricoTurno) values (5793, 'YSGAXE92J92X014M', '1977-04-29', '8:43', '18:32', '1977-04-30');
insert into TurnoLavoratore (StadioDiAvanzamento, Lavoratore, Giorno, OraInizio, OraFine, DataIncaricoTurno) values (4314, 'TEVGDD15W76D112T', '1990-11-21', '8:14', '18:10', '1990-11-22');
insert into TurnoLavoratore (StadioDiAvanzamento, Lavoratore, Giorno, OraInizio, OraFine, DataIncaricoTurno) values (5022, 'RTRXTQ63A00Q452B', '1991-11-26', '8:27', '17:57', '1991-11-27');
insert into TurnoLavoratore (StadioDiAvanzamento, Lavoratore, Giorno, OraInizio, OraFine, DataIncaricoTurno) values (8882, 'UHTQBK23U77C570D', '1992-03-02', '9:25', '18:10', '1992-03-03');
insert into TurnoLavoratore (StadioDiAvanzamento, Lavoratore, Giorno, OraInizio, OraFine, DataIncaricoTurno) values (5022, 'CBXBGZ61A45D864Z', '1983-10-30', '8:41', '17:02', '1983-10-31');
insert into TurnoLavoratore (StadioDiAvanzamento, Lavoratore, Giorno, OraInizio, OraFine, DataIncaricoTurno) values (4314, 'ZLITPW75F11G965Z', '1993-08-31', '8:00', '18:21', '1993-09-01');
insert into TurnoLavoratore (StadioDiAvanzamento, Lavoratore, Giorno, OraInizio, OraFine, DataIncaricoTurno) values (4627, 'GMHIJS33D78P821B', '2010-06-23', '9:10', '17:17', '2010-06-24');
insert into TurnoLavoratore (StadioDiAvanzamento, Lavoratore, Giorno, OraInizio, OraFine, DataIncaricoTurno) values (4314, 'SSBLCW57S76E825W', '1977-11-01', '9:32', '17:46', '1977-11-02');
insert into TurnoLavoratore (StadioDiAvanzamento, Lavoratore, Giorno, OraInizio, OraFine, DataIncaricoTurno) values (7600, 'RTRXTQ63A00Q452B', '1991-03-08', '8:48', '18:11', '1991-03-09');
insert into TurnoLavoratore (StadioDiAvanzamento, Lavoratore, Giorno, OraInizio, OraFine, DataIncaricoTurno) values (7235, 'GMHIJS33D78P821B', '2017-02-22', '8:53', '17:25', '2017-02-23');
insert into TurnoLavoratore (StadioDiAvanzamento, Lavoratore, Giorno, OraInizio, OraFine, DataIncaricoTurno) values (9890, 'GMHIJS33D78P821B', '2013-02-12', '8:44', '18:47', '2013-02-13');
insert into TurnoLavoratore (StadioDiAvanzamento, Lavoratore, Giorno, OraInizio, OraFine, DataIncaricoTurno) values (1578, 'IZKRTR56E30S572I', '1977-11-12', '9:01', '18:12', '1977-11-13');
insert into TurnoLavoratore (StadioDiAvanzamento, Lavoratore, Giorno, OraInizio, OraFine, DataIncaricoTurno) values (3722, 'YSGAXE92J92X014M', '1976-06-25', '9:32', '17:02', '1976-06-26');
insert into TurnoLavoratore (StadioDiAvanzamento, Lavoratore, Giorno, OraInizio, OraFine, DataIncaricoTurno) values (821, 'YSGAXE92J92X014M', '1995-01-13', '8:29', '17:43', '1995-01-14');
insert into TurnoLavoratore (StadioDiAvanzamento, Lavoratore, Giorno, OraInizio, OraFine, DataIncaricoTurno) values (7459, 'YSGAXE92J92X014M', '2004-05-24', '8:04', '17:50', '2004-05-25');
insert into TurnoLavoratore (StadioDiAvanzamento, Lavoratore, Giorno, OraInizio, OraFine, DataIncaricoTurno) values (9059, 'ZLITPW75F11G965Z', '2017-07-20', '10:00', '17:26', '2017-07-21');
insert into TurnoLavoratore (StadioDiAvanzamento, Lavoratore, Giorno, OraInizio, OraFine, DataIncaricoTurno) values (5421, 'WJRTCC86V58G048O', '1992-07-17', '9:10', '18:32', '1992-07-18');
insert into TurnoLavoratore (StadioDiAvanzamento, Lavoratore, Giorno, OraInizio, OraFine, DataIncaricoTurno) values (1951, 'ZLITPW75F11G965Z', '2023-08-01', '8:00', '18:22', '2023-08-02');
insert into TurnoLavoratore (StadioDiAvanzamento, Lavoratore, Giorno, OraInizio, OraFine, DataIncaricoTurno) values (8882, 'UHTQBK23U77C570D', '2016-06-03', '9:32', '18:18', '2016-06-04');
insert into TurnoLavoratore (StadioDiAvanzamento, Lavoratore, Giorno, OraInizio, OraFine, DataIncaricoTurno) values (4975, 'RTRXTQ63A00Q452B', '1980-05-23', '8:29', '17:31', '1980-05-24');
insert into TurnoLavoratore (StadioDiAvanzamento, Lavoratore, Giorno, OraInizio, OraFine, DataIncaricoTurno) values (4314, 'YSGAXE92J92X014M', '1975-09-01', '9:10', '18:08', '1975-09-02');
insert into TurnoLavoratore (StadioDiAvanzamento, Lavoratore, Giorno, OraInizio, OraFine, DataIncaricoTurno) values (9890, 'IZKRTR56E30S572I', '1994-02-24', '8:30', '18:41', '1994-02-25');
insert into TurnoLavoratore (StadioDiAvanzamento, Lavoratore, Giorno, OraInizio, OraFine, DataIncaricoTurno) values (7459, 'CBXBGZ61A45D864Z', '1972-09-06', '8:30', '18:05', '1972-09-07');
insert into TurnoLavoratore (StadioDiAvanzamento, Lavoratore, Giorno, OraInizio, OraFine, DataIncaricoTurno) values (9890, 'RTRXTQ63A00Q452B', '2010-01-12', '8:29', '17:39', '2010-01-13');
insert into TurnoLavoratore (StadioDiAvanzamento, Lavoratore, Giorno, OraInizio, OraFine, DataIncaricoTurno) values (9890, 'YSGAXE92J92X014M', '2010-12-23', '8:05', '18:34', '2010-12-24');
insert into TurnoLavoratore (StadioDiAvanzamento, Lavoratore, Giorno, OraInizio, OraFine, DataIncaricoTurno) values (8882, 'UHTQBK23U77C570D', '1990-09-16', '9:23', '18:04', '1990-09-17');
insert into TurnoLavoratore (StadioDiAvanzamento, Lavoratore, Giorno, OraInizio, OraFine, DataIncaricoTurno) values (4627, 'UHTQBK23U77C570D', '2016-03-14', '9:49', '18:06', '2016-03-15');
insert into TurnoLavoratore (StadioDiAvanzamento, Lavoratore, Giorno, OraInizio, OraFine, DataIncaricoTurno) values (7459, 'GMHIJS33D78P821B', '1973-03-18', '8:37', '17:25', '1973-03-19');
insert into TurnoLavoratore (StadioDiAvanzamento, Lavoratore, Giorno, OraInizio, OraFine, DataIncaricoTurno) values (821, 'UHTQBK23U77C570D', '1980-06-21', '9:44', '18:50', '1980-06-22');
insert into TurnoLavoratore (StadioDiAvanzamento, Lavoratore, Giorno, OraInizio, OraFine, DataIncaricoTurno) values (4314, 'IZKRTR56E30S572I', '1975-11-04', '8:05', '18:54', '1975-11-05');
insert into TurnoLavoratore (StadioDiAvanzamento, Lavoratore, Giorno, OraInizio, OraFine, DataIncaricoTurno) values (1951, 'UHTQBK23U77C570D', '1990-03-19', '9:37', '18:20', '1990-03-20');
insert into TurnoLavoratore (StadioDiAvanzamento, Lavoratore, Giorno, OraInizio, OraFine, DataIncaricoTurno) values (5022, 'IZKRTR56E30S572I', '2021-01-31', '8:28', '17:05', '2021-02-01');
insert into TurnoLavoratore (StadioDiAvanzamento, Lavoratore, Giorno, OraInizio, OraFine, DataIncaricoTurno) values (1316, 'RTRXTQ63A00Q452B', '1990-04-16', '9:13', '18:22', '1990-04-17');
insert into TurnoLavoratore (StadioDiAvanzamento, Lavoratore, Giorno, OraInizio, OraFine, DataIncaricoTurno) values (3964, 'SSBLCW57S76E825W', '1995-10-23', '9:11', '17:55', '1995-10-24');
insert into TurnoLavoratore (StadioDiAvanzamento, Lavoratore, Giorno, OraInizio, OraFine, DataIncaricoTurno) values (4975, 'WJRTCC86V58G048O', '1980-12-27', '9:52', '17:37', '1980-12-28');
insert into TurnoLavoratore (StadioDiAvanzamento, Lavoratore, Giorno, OraInizio, OraFine, DataIncaricoTurno) values (9241, 'GMHIJS33D78P821B', '1971-08-09', '8:32', '18:42', '1971-08-10');
insert into TurnoLavoratore (StadioDiAvanzamento, Lavoratore, Giorno, OraInizio, OraFine, DataIncaricoTurno) values (3722, 'SSBLCW57S76E825W', '1970-11-28', '9:54', '18:21', '1970-11-29');
insert into TurnoLavoratore (StadioDiAvanzamento, Lavoratore, Giorno, OraInizio, OraFine, DataIncaricoTurno) values (7600, 'NKUTXZ55R31C472O', '2007-02-02', '9:51', '17:19', '2007-02-03');
insert into TurnoLavoratore (StadioDiAvanzamento, Lavoratore, Giorno, OraInizio, OraFine, DataIncaricoTurno) values (821, 'RTRXTQ63A00Q452B', '1978-08-09', '9:41', '18:07', '1978-08-10');
insert into TurnoLavoratore (StadioDiAvanzamento, Lavoratore, Giorno, OraInizio, OraFine, DataIncaricoTurno) values (1951, 'CBXBGZ61A45D864Z', '1973-05-19', '8:10', '18:09', '1973-05-20');
insert into TurnoLavoratore (StadioDiAvanzamento, Lavoratore, Giorno, OraInizio, OraFine, DataIncaricoTurno) values (7459, 'ZLITPW75F11G965Z', '1991-11-13', '9:46', '17:16', '1991-11-14');
insert into TurnoLavoratore (StadioDiAvanzamento, Lavoratore, Giorno, OraInizio, OraFine, DataIncaricoTurno) values (7459, 'SSBLCW57S76E825W', '1995-09-19', '9:40', '17:08', '1995-09-20');
insert into TurnoLavoratore (StadioDiAvanzamento, Lavoratore, Giorno, OraInizio, OraFine, DataIncaricoTurno) values (7235, 'IZKRTR56E30S572I', '2013-01-19', '9:06', '17:51', '2013-01-20');
insert into TurnoLavoratore (StadioDiAvanzamento, Lavoratore, Giorno, OraInizio, OraFine, DataIncaricoTurno) values (4975, 'NKUTXZ55R31C472O', '2015-04-20', '9:34', '18:27', '2015-04-21');
insert into TurnoLavoratore (StadioDiAvanzamento, Lavoratore, Giorno, OraInizio, OraFine, DataIncaricoTurno) values (3964, 'CBXBGZ61A45D864Z', '1975-12-16', '8:06', '18:13', '1975-12-17');
insert into TurnoLavoratore (StadioDiAvanzamento, Lavoratore, Giorno, OraInizio, OraFine, DataIncaricoTurno) values (7600, 'YSGAXE92J92X014M', '2019-03-07', '9:03', '18:02', '2019-03-08');
insert into TurnoLavoratore (StadioDiAvanzamento, Lavoratore, Giorno, OraInizio, OraFine, DataIncaricoTurno) values (3722, 'SSBLCW57S76E825W', '2014-07-19', '8:55', '18:58', '2014-07-20');
insert into TurnoLavoratore (StadioDiAvanzamento, Lavoratore, Giorno, OraInizio, OraFine, DataIncaricoTurno) values (821, 'UHTQBK23U77C570D', '2011-07-20', '9:59', '17:38', '2011-07-21');
insert into TurnoLavoratore (StadioDiAvanzamento, Lavoratore, Giorno, OraInizio, OraFine, DataIncaricoTurno) values (5022, 'SSBLCW57S76E825W', '2011-05-26', '9:27', '18:03', '2011-05-27');
insert into TurnoLavoratore (StadioDiAvanzamento, Lavoratore, Giorno, OraInizio, OraFine, DataIncaricoTurno) values (4975, 'GMHIJS33D78P821B', '2001-07-28', '8:47', '17:34', '2001-07-29');
insert into TurnoLavoratore (StadioDiAvanzamento, Lavoratore, Giorno, OraInizio, OraFine, DataIncaricoTurno) values (9241, 'UHTQBK23U77C570D', '1976-08-07', '8:09', '17:08', '1976-08-08');
insert into TurnoLavoratore (StadioDiAvanzamento, Lavoratore, Giorno, OraInizio, OraFine, DataIncaricoTurno) values (3964, 'CBXBGZ61A45D864Z', '1987-12-02', '8:59', '18:13', '1987-12-03');
insert into TurnoLavoratore (StadioDiAvanzamento, Lavoratore, Giorno, OraInizio, OraFine, DataIncaricoTurno) values (4627, 'GMHIJS33D78P821B', '2002-11-30', '8:47', '17:43', '2002-12-01');
insert into TurnoLavoratore (StadioDiAvanzamento, Lavoratore, Giorno, OraInizio, OraFine, DataIncaricoTurno) values (5793, 'SSBLCW57S76E825W', '1998-08-17', '8:54', '18:28', '1998-08-18');
insert into TurnoLavoratore (StadioDiAvanzamento, Lavoratore, Giorno, OraInizio, OraFine, DataIncaricoTurno) values (3964, 'SSBLCW57S76E825W', '1972-11-27', '9:49', '17:42', '1972-11-28');
insert into TurnoLavoratore (StadioDiAvanzamento, Lavoratore, Giorno, OraInizio, OraFine, DataIncaricoTurno) values (9241, 'IZKRTR56E30S572I', '2018-08-04', '9:51', '18:30', '2018-08-05');
insert into TurnoLavoratore (StadioDiAvanzamento, Lavoratore, Giorno, OraInizio, OraFine, DataIncaricoTurno) values (4314, 'ZLITPW75F11G965Z', '1995-12-02', '9:19', '18:41', '1995-12-03');
insert into TurnoLavoratore (StadioDiAvanzamento, Lavoratore, Giorno, OraInizio, OraFine, DataIncaricoTurno) values (3722, 'WJRTCC86V58G048O', '2019-08-24', '9:58', '18:59', '2019-08-25');
insert into TurnoLavoratore (StadioDiAvanzamento, Lavoratore, Giorno, OraInizio, OraFine, DataIncaricoTurno) values (1578, 'NKUTXZ55R31C472O', '2004-12-09', '8:00', '18:42', '2004-12-10');
insert into TurnoLavoratore (StadioDiAvanzamento, Lavoratore, Giorno, OraInizio, OraFine, DataIncaricoTurno) values (9241, 'QFSWDM90K28V299P', '2014-04-04', '8:53', '17:50', '2014-04-05');
insert into TurnoLavoratore (StadioDiAvanzamento, Lavoratore, Giorno, OraInizio, OraFine, DataIncaricoTurno) values (9241, 'RTRXTQ63A00Q452B', '1974-06-09', '8:27', '18:09', '1974-06-10');
insert into TurnoLavoratore (StadioDiAvanzamento, Lavoratore, Giorno, OraInizio, OraFine, DataIncaricoTurno) values (3964, 'UHTQBK23U77C570D', '1979-11-27', '9:21', '18:26', '1979-11-28');
insert into TurnoLavoratore (StadioDiAvanzamento, Lavoratore, Giorno, OraInizio, OraFine, DataIncaricoTurno) values (5793, 'TEVGDD15W76D112T', '2021-08-24', '8:00', '18:37', '2021-08-25');
insert into TurnoLavoratore (StadioDiAvanzamento, Lavoratore, Giorno, OraInizio, OraFine, DataIncaricoTurno) values (8882, 'TEVGDD15W76D112T', '1979-12-13', '9:23', '17:54', '1979-12-14');
insert into TurnoLavoratore (StadioDiAvanzamento, Lavoratore, Giorno, OraInizio, OraFine, DataIncaricoTurno) values (7459, 'RTRXTQ63A00Q452B', '2007-02-17', '8:12', '18:45', '2007-02-18');
insert into TurnoLavoratore (StadioDiAvanzamento, Lavoratore, Giorno, OraInizio, OraFine, DataIncaricoTurno) values (7235, 'YSGAXE92J92X014M', '1975-10-02', '8:39', '17:44', '1975-10-03');
insert into TurnoLavoratore (StadioDiAvanzamento, Lavoratore, Giorno, OraInizio, OraFine, DataIncaricoTurno) values (7600, 'WJRTCC86V58G048O', '1974-01-10', '9:33', '17:30', '1974-01-11');
insert into TurnoLavoratore (StadioDiAvanzamento, Lavoratore, Giorno, OraInizio, OraFine, DataIncaricoTurno) values (9890, 'TEVGDD15W76D112T', '2022-08-13', '9:08', '17:59', '2022-08-14');
insert into TurnoLavoratore (StadioDiAvanzamento, Lavoratore, Giorno, OraInizio, OraFine, DataIncaricoTurno) values (7235, 'UHTQBK23U77C570D', '2019-05-09', '9:17', '17:29', '2019-05-10');
insert into TurnoLavoratore (StadioDiAvanzamento, Lavoratore, Giorno, OraInizio, OraFine, DataIncaricoTurno) values (3964, 'RTRXTQ63A00Q452B', '1983-05-20', '9:02', '18:43', '1983-05-21');
insert into TurnoLavoratore (StadioDiAvanzamento, Lavoratore, Giorno, OraInizio, OraFine, DataIncaricoTurno) values (5022, 'NKUTXZ55R31C472O', '2021-10-03', '8:15', '18:15', '2021-10-04');
insert into TurnoLavoratore (StadioDiAvanzamento, Lavoratore, Giorno, OraInizio, OraFine, DataIncaricoTurno) values (5793, 'IZKRTR56E30S572I', '1990-09-05', '8:37', '18:24', '1990-09-06');
insert into TurnoLavoratore (StadioDiAvanzamento, Lavoratore, Giorno, OraInizio, OraFine, DataIncaricoTurno) values (5793, 'RTRXTQ63A00Q452B', '1992-01-11', '8:57', '18:51', '1992-01-12');
insert into TurnoLavoratore (StadioDiAvanzamento, Lavoratore, Giorno, OraInizio, OraFine, DataIncaricoTurno) values (1578, 'IZKRTR56E30S572I', '1987-07-05', '9:35', '17:29', '1987-07-06');
insert into TurnoLavoratore (StadioDiAvanzamento, Lavoratore, Giorno, OraInizio, OraFine, DataIncaricoTurno) values (7459, 'RTRXTQ63A00Q452B', '2014-10-30', '9:39', '18:52', '2014-10-31');
insert into TurnoLavoratore (StadioDiAvanzamento, Lavoratore, Giorno, OraInizio, OraFine, DataIncaricoTurno) values (7235, 'SSBLCW57S76E825W', '2022-06-17', '8:13', '18:31', '2022-06-18');
insert into TurnoLavoratore (StadioDiAvanzamento, Lavoratore, Giorno, OraInizio, OraFine, DataIncaricoTurno) values (9059, 'TEVGDD15W76D112T', '2023-02-25', '9:41', '17:36', '2023-02-26');
insert into TurnoLavoratore (StadioDiAvanzamento, Lavoratore, Giorno, OraInizio, OraFine, DataIncaricoTurno) values (1578, 'TEVGDD15W76D112T', '1994-05-19', '8:02', '17:13', '1994-05-20');
insert into TurnoLavoratore (StadioDiAvanzamento, Lavoratore, Giorno, OraInizio, OraFine, DataIncaricoTurno) values (7459, 'IZKRTR56E30S572I', '2009-01-05', '8:47', '17:18', '2009-01-06');
insert into TurnoLavoratore (StadioDiAvanzamento, Lavoratore, Giorno, OraInizio, OraFine, DataIncaricoTurno) values (1951, 'RTRXTQ63A00Q452B', '1990-08-19', '9:35', '18:27', '1990-08-20');
insert into TurnoLavoratore (StadioDiAvanzamento, Lavoratore, Giorno, OraInizio, OraFine, DataIncaricoTurno) values (1578, 'RTRXTQ63A00Q452B', '1996-06-15', '9:32', '17:07', '1996-06-16');
insert into TurnoLavoratore (StadioDiAvanzamento, Lavoratore, Giorno, OraInizio, OraFine, DataIncaricoTurno) values (3722, 'ZLITPW75F11G965Z', '1974-03-19', '9:02', '17:03', '1974-03-20');
insert into TurnoLavoratore (StadioDiAvanzamento, Lavoratore, Giorno, OraInizio, OraFine, DataIncaricoTurno) values (9059, 'CBXBGZ61A45D864Z', '1980-02-01', '8:04', '17:43', '1980-02-02');
insert into TurnoLavoratore (StadioDiAvanzamento, Lavoratore, Giorno, OraInizio, OraFine, DataIncaricoTurno) values (1951, 'YSGAXE92J92X014M', '2014-01-26', '9:20', '17:00', '2014-01-27');
insert into TurnoLavoratore (StadioDiAvanzamento, Lavoratore, Giorno, OraInizio, OraFine, DataIncaricoTurno) values (7459, 'TEVGDD15W76D112T', '1996-12-05', '8:52', '17:54', '1996-12-06');
insert into TurnoLavoratore (StadioDiAvanzamento, Lavoratore, Giorno, OraInizio, OraFine, DataIncaricoTurno) values (9890, 'YSGAXE92J92X014M', '1974-11-08', '9:42', '17:04', '1974-11-09');
insert into TurnoLavoratore (StadioDiAvanzamento, Lavoratore, Giorno, OraInizio, OraFine, DataIncaricoTurno) values (7600, 'NKUTXZ55R31C472O', '2000-01-19', '8:03', '18:08', '2000-01-20');
insert into TurnoLavoratore (StadioDiAvanzamento, Lavoratore, Giorno, OraInizio, OraFine, DataIncaricoTurno) values (5793, 'WJRTCC86V58G048O', '1990-01-04', '9:49', '18:59', '1990-01-05');
insert into TurnoLavoratore (StadioDiAvanzamento, Lavoratore, Giorno, OraInizio, OraFine, DataIncaricoTurno) values (7235, 'TEVGDD15W76D112T', '1981-04-11', '8:16', '17:17', '1981-04-12');
insert into TurnoLavoratore (StadioDiAvanzamento, Lavoratore, Giorno, OraInizio, OraFine, DataIncaricoTurno) values (1951, 'SSBLCW57S76E825W', '2009-02-06', '9:00', '18:44', '2009-02-07');
insert into TurnoLavoratore (StadioDiAvanzamento, Lavoratore, Giorno, OraInizio, OraFine, DataIncaricoTurno) values (4627, 'TEVGDD15W76D112T', '2023-10-08', '8:14', '17:24', '2023-10-09');
insert into TurnoLavoratore (StadioDiAvanzamento, Lavoratore, Giorno, OraInizio, OraFine, DataIncaricoTurno) values (7600, 'NKUTXZ55R31C472O', '2021-10-10', '8:30', '17:30', '2021-10-11');
insert into TurnoLavoratore (StadioDiAvanzamento, Lavoratore, Giorno, OraInizio, OraFine, DataIncaricoTurno) values (9241, 'QFSWDM90K28V299P', '1989-06-28', '8:26', '17:21', '1989-06-29');
insert into TurnoLavoratore (StadioDiAvanzamento, Lavoratore, Giorno, OraInizio, OraFine, DataIncaricoTurno) values (9059, 'GMHIJS33D78P821B', '1984-02-12', '9:54', '17:56', '1984-02-13');
insert into TurnoLavoratore (StadioDiAvanzamento, Lavoratore, Giorno, OraInizio, OraFine, DataIncaricoTurno) values (1316, 'GMHIJS33D78P821B', '2022-09-18', '8:34', '18:36', '2022-09-19');
insert into TurnoLavoratore (StadioDiAvanzamento, Lavoratore, Giorno, OraInizio, OraFine, DataIncaricoTurno) values (9241, 'TEVGDD15W76D112T', '2009-09-12', '8:34', '17:54', '2009-09-13');
insert into TurnoLavoratore (StadioDiAvanzamento, Lavoratore, Giorno, OraInizio, OraFine, DataIncaricoTurno) values (3964, 'CBXBGZ61A45D864Z', '1998-08-22', '9:12', '18:14', '1998-08-23');
insert into TurnoLavoratore (StadioDiAvanzamento, Lavoratore, Giorno, OraInizio, OraFine, DataIncaricoTurno) values (5022, 'RTRXTQ63A00Q452B', '2021-03-31', '9:15', '18:23', '2021-04-01');
insert into TurnoLavoratore (StadioDiAvanzamento, Lavoratore, Giorno, OraInizio, OraFine, DataIncaricoTurno) values (7600, 'WJRTCC86V58G048O', '2014-03-17', '9:22', '17:19', '2014-03-18');
insert into TurnoLavoratore (StadioDiAvanzamento, Lavoratore, Giorno, OraInizio, OraFine, DataIncaricoTurno) values (4627, 'SSBLCW57S76E825W', '1988-10-08', '8:06', '18:25', '1988-10-09');
insert into TurnoLavoratore (StadioDiAvanzamento, Lavoratore, Giorno, OraInizio, OraFine, DataIncaricoTurno) values (8882, 'SSBLCW57S76E825W', '1991-01-31', '8:38', '17:39', '1991-02-01');
insert into TurnoLavoratore (StadioDiAvanzamento, Lavoratore, Giorno, OraInizio, OraFine, DataIncaricoTurno) values (1951, 'YSGAXE92J92X014M', '2001-09-12', '8:47', '18:40', '2001-09-13');
insert into TurnoLavoratore (StadioDiAvanzamento, Lavoratore, Giorno, OraInizio, OraFine, DataIncaricoTurno) values (4975, 'NKUTXZ55R31C472O', '1997-05-30', '9:35', '18:57', '1997-05-31');
insert into TurnoLavoratore (StadioDiAvanzamento, Lavoratore, Giorno, OraInizio, OraFine, DataIncaricoTurno) values (5421, 'SSBLCW57S76E825W', '2011-12-02', '9:38', '18:31', '2011-12-03');
insert into TurnoLavoratore (StadioDiAvanzamento, Lavoratore, Giorno, OraInizio, OraFine, DataIncaricoTurno) values (9890, 'UHTQBK23U77C570D', '2006-11-15', '9:48', '17:49', '2006-11-16');
insert into TurnoLavoratore (StadioDiAvanzamento, Lavoratore, Giorno, OraInizio, OraFine, DataIncaricoTurno) values (4975, 'RTRXTQ63A00Q452B', '2008-11-11', '9:13', '17:08', '2008-11-12');
insert into TurnoLavoratore (StadioDiAvanzamento, Lavoratore, Giorno, OraInizio, OraFine, DataIncaricoTurno) values (5793, 'CBXBGZ61A45D864Z', '2010-09-24', '8:16', '18:36', '2010-09-25');
insert into TurnoLavoratore (StadioDiAvanzamento, Lavoratore, Giorno, OraInizio, OraFine, DataIncaricoTurno) values (9241, 'RTRXTQ63A00Q452B', '2011-09-25', '8:29', '18:58', '2011-09-26');
insert into TurnoLavoratore (StadioDiAvanzamento, Lavoratore, Giorno, OraInizio, OraFine, DataIncaricoTurno) values (9890, 'NKUTXZ55R31C472O', '2011-12-21', '9:45', '17:09', '2011-12-22');
insert into TurnoLavoratore (StadioDiAvanzamento, Lavoratore, Giorno, OraInizio, OraFine, DataIncaricoTurno) values (4314, 'ZLITPW75F11G965Z', '1980-05-07', '8:50', '17:11', '1980-05-08');
insert into TurnoLavoratore (StadioDiAvanzamento, Lavoratore, Giorno, OraInizio, OraFine, DataIncaricoTurno) values (4975, 'NKUTXZ55R31C472O', '2001-08-04', '9:32', '18:46', '2001-08-05');
insert into TurnoLavoratore (StadioDiAvanzamento, Lavoratore, Giorno, OraInizio, OraFine, DataIncaricoTurno) values (4627, 'IZKRTR56E30S572I', '1982-05-23', '8:37', '17:33', '1982-05-24');
insert into TurnoLavoratore (StadioDiAvanzamento, Lavoratore, Giorno, OraInizio, OraFine, DataIncaricoTurno) values (4314, 'IZKRTR56E30S572I', '2020-07-22', '9:02', '18:46', '2020-07-23');
insert into TurnoLavoratore (StadioDiAvanzamento, Lavoratore, Giorno, OraInizio, OraFine, DataIncaricoTurno) values (821, 'IZKRTR56E30S572I', '2000-08-30', '8:05', '18:42', '2000-08-31');
insert into TurnoLavoratore (StadioDiAvanzamento, Lavoratore, Giorno, OraInizio, OraFine, DataIncaricoTurno) values (3964, 'QFSWDM90K28V299P', '1992-12-23', '8:12', '17:32', '1992-12-24');
insert into TurnoLavoratore (StadioDiAvanzamento, Lavoratore, Giorno, OraInizio, OraFine, DataIncaricoTurno) values (3722, 'NKUTXZ55R31C472O', '1991-02-07', '9:49', '18:14', '1991-02-08');
insert into TurnoLavoratore (StadioDiAvanzamento, Lavoratore, Giorno, OraInizio, OraFine, DataIncaricoTurno) values (5022, 'YSGAXE92J92X014M', '2008-11-15', '9:12', '17:13', '2008-11-16');
insert into TurnoLavoratore (StadioDiAvanzamento, Lavoratore, Giorno, OraInizio, OraFine, DataIncaricoTurno) values (9241, 'GMHIJS33D78P821B', '2014-04-21', '9:27', '17:00', '2014-04-22');
insert into TurnoLavoratore (StadioDiAvanzamento, Lavoratore, Giorno, OraInizio, OraFine, DataIncaricoTurno) values (4975, 'RTRXTQ63A00Q452B', '1996-06-10', '9:25', '17:57', '1996-06-11');
insert into TurnoLavoratore (StadioDiAvanzamento, Lavoratore, Giorno, OraInizio, OraFine, DataIncaricoTurno) values (4975, 'WJRTCC86V58G048O', '2018-02-20', '9:31', '17:28', '2018-02-21');
insert into TurnoLavoratore (StadioDiAvanzamento, Lavoratore, Giorno, OraInizio, OraFine, DataIncaricoTurno) values (5022, 'IZKRTR56E30S572I', '2022-01-20', '9:01', '17:23', '2022-01-21');
insert into TurnoLavoratore (StadioDiAvanzamento, Lavoratore, Giorno, OraInizio, OraFine, DataIncaricoTurno) values (7600, 'QFSWDM90K28V299P', '2022-09-06', '8:26', '18:48', '2022-09-07');
insert into TurnoLavoratore (StadioDiAvanzamento, Lavoratore, Giorno, OraInizio, OraFine, DataIncaricoTurno) values (7459, 'NKUTXZ55R31C472O', '1972-10-19', '8:32', '17:18', '1972-10-20');
insert into TurnoLavoratore (StadioDiAvanzamento, Lavoratore, Giorno, OraInizio, OraFine, DataIncaricoTurno) values (3964, 'NKUTXZ55R31C472O', '1975-02-01', '8:14', '18:18', '1975-02-02');
insert into TurnoLavoratore (StadioDiAvanzamento, Lavoratore, Giorno, OraInizio, OraFine, DataIncaricoTurno) values (1578, 'QFSWDM90K28V299P', '1978-03-14', '8:05', '17:38', '1978-03-15');
insert into TurnoLavoratore (StadioDiAvanzamento, Lavoratore, Giorno, OraInizio, OraFine, DataIncaricoTurno) values (4975, 'RTRXTQ63A00Q452B', '2015-04-08', '8:32', '18:37', '2015-04-09');
insert into TurnoLavoratore (StadioDiAvanzamento, Lavoratore, Giorno, OraInizio, OraFine, DataIncaricoTurno) values (1578, 'WJRTCC86V58G048O', '1970-10-19', '9:49', '18:20', '1970-10-20');
insert into TurnoLavoratore (StadioDiAvanzamento, Lavoratore, Giorno, OraInizio, OraFine, DataIncaricoTurno) values (4975, 'CBXBGZ61A45D864Z', '2001-10-22', '9:36', '17:51', '2001-10-23');
insert into TurnoLavoratore (StadioDiAvanzamento, Lavoratore, Giorno, OraInizio, OraFine, DataIncaricoTurno) values (5793, 'WJRTCC86V58G048O', '2003-07-27', '9:15', '17:20', '2003-07-28');
insert into TurnoLavoratore (StadioDiAvanzamento, Lavoratore, Giorno, OraInizio, OraFine, DataIncaricoTurno) values (9241, 'YSGAXE92J92X014M', '1978-06-22', '8:11', '18:27', '1978-06-23');
insert into TurnoLavoratore (StadioDiAvanzamento, Lavoratore, Giorno, OraInizio, OraFine, DataIncaricoTurno) values (7600, 'NKUTXZ55R31C472O', '1987-02-15', '9:31', '18:06', '1987-02-16');
insert into TurnoLavoratore (StadioDiAvanzamento, Lavoratore, Giorno, OraInizio, OraFine, DataIncaricoTurno) values (5793, 'QFSWDM90K28V299P', '1982-08-10', '9:19', '17:05', '1982-08-11');
insert into TurnoLavoratore (StadioDiAvanzamento, Lavoratore, Giorno, OraInizio, OraFine, DataIncaricoTurno) values (5421, 'IZKRTR56E30S572I', '2017-06-17', '9:31', '17:35', '2017-06-18');
insert into TurnoLavoratore (StadioDiAvanzamento, Lavoratore, Giorno, OraInizio, OraFine, DataIncaricoTurno) values (9059, 'WJRTCC86V58G048O', '1991-02-20', '8:41', '17:18', '1991-02-21');
insert into TurnoLavoratore (StadioDiAvanzamento, Lavoratore, Giorno, OraInizio, OraFine, DataIncaricoTurno) values (3964, 'NKUTXZ55R31C472O', '2021-05-09', '8:25', '17:28', '2021-05-10');
insert into TurnoLavoratore (StadioDiAvanzamento, Lavoratore, Giorno, OraInizio, OraFine, DataIncaricoTurno) values (1951, 'CBXBGZ61A45D864Z', '1976-02-02', '9:01', '17:22', '1976-02-03');
insert into TurnoLavoratore (StadioDiAvanzamento, Lavoratore, Giorno, OraInizio, OraFine, DataIncaricoTurno) values (4975, 'QFSWDM90K28V299P', '1974-09-10', '8:13', '18:17', '1974-09-11');
insert into TurnoLavoratore (StadioDiAvanzamento, Lavoratore, Giorno, OraInizio, OraFine, DataIncaricoTurno) values (4975, 'SSBLCW57S76E825W', '2022-07-26', '8:59', '18:34', '2022-07-27');
insert into TurnoLavoratore (StadioDiAvanzamento, Lavoratore, Giorno, OraInizio, OraFine, DataIncaricoTurno) values (4975, 'TEVGDD15W76D112T', '2005-02-03', '8:38', '18:27', '2005-02-04');
insert into TurnoLavoratore (StadioDiAvanzamento, Lavoratore, Giorno, OraInizio, OraFine, DataIncaricoTurno) values (9890, 'GMHIJS33D78P821B', '1979-11-16', '9:31', '18:50', '1979-11-17');
insert into TurnoLavoratore (StadioDiAvanzamento, Lavoratore, Giorno, OraInizio, OraFine, DataIncaricoTurno) values (4975, 'UHTQBK23U77C570D', '2003-10-16', '9:56', '18:29', '2003-10-17');
insert into TurnoLavoratore (StadioDiAvanzamento, Lavoratore, Giorno, OraInizio, OraFine, DataIncaricoTurno) values (7600, 'NKUTXZ55R31C472O', '1983-09-27', '9:46', '18:30', '1983-09-28');
insert into TurnoLavoratore (StadioDiAvanzamento, Lavoratore, Giorno, OraInizio, OraFine, DataIncaricoTurno) values (9890, 'IZKRTR56E30S572I', '2012-03-13', '8:44', '18:30', '2012-03-14');
insert into TurnoLavoratore (StadioDiAvanzamento, Lavoratore, Giorno, OraInizio, OraFine, DataIncaricoTurno) values (1951, 'QFSWDM90K28V299P', '2017-02-15', '9:09', '18:16', '2017-02-16');
insert into TurnoLavoratore (StadioDiAvanzamento, Lavoratore, Giorno, OraInizio, OraFine, DataIncaricoTurno) values (9890, 'GMHIJS33D78P821B', '1985-05-02', '9:05', '17:52', '1985-05-03');
insert into TurnoLavoratore (StadioDiAvanzamento, Lavoratore, Giorno, OraInizio, OraFine, DataIncaricoTurno) values (8882, 'TEVGDD15W76D112T', '1977-07-13', '9:12', '18:58', '1977-07-14');
insert into TurnoLavoratore (StadioDiAvanzamento, Lavoratore, Giorno, OraInizio, OraFine, DataIncaricoTurno) values (821, 'NKUTXZ55R31C472O', '2003-10-04', '8:15', '17:01', '2003-10-05');
insert into TurnoLavoratore (StadioDiAvanzamento, Lavoratore, Giorno, OraInizio, OraFine, DataIncaricoTurno) values (1316, 'WJRTCC86V58G048O', '1984-05-29', '9:55', '17:18', '1984-05-30');
insert into TurnoLavoratore (StadioDiAvanzamento, Lavoratore, Giorno, OraInizio, OraFine, DataIncaricoTurno) values (5022, 'WJRTCC86V58G048O', '2021-03-16', '8:36', '17:45', '2021-03-17');
insert into TurnoLavoratore (StadioDiAvanzamento, Lavoratore, Giorno, OraInizio, OraFine, DataIncaricoTurno) values (9241, 'IZKRTR56E30S572I', '2018-08-16', '9:41', '17:58', '2018-08-17');
insert into TurnoLavoratore (StadioDiAvanzamento, Lavoratore, Giorno, OraInizio, OraFine, DataIncaricoTurno) values (4627, 'QFSWDM90K28V299P', '1997-07-06', '9:11', '18:40', '1997-07-07');
insert into TurnoLavoratore (StadioDiAvanzamento, Lavoratore, Giorno, OraInizio, OraFine, DataIncaricoTurno) values (7235, 'QFSWDM90K28V299P', '2007-12-19', '9:29', '18:04', '2007-12-20');
insert into TurnoLavoratore (StadioDiAvanzamento, Lavoratore, Giorno, OraInizio, OraFine, DataIncaricoTurno) values (8882, 'RTRXTQ63A00Q452B', '1973-08-17', '9:16', '18:40', '1973-08-18');
insert into TurnoLavoratore (StadioDiAvanzamento, Lavoratore, Giorno, OraInizio, OraFine, DataIncaricoTurno) values (4627, 'TEVGDD15W76D112T', '2013-08-11', '9:31', '17:31', '2013-08-12');
insert into TurnoLavoratore (StadioDiAvanzamento, Lavoratore, Giorno, OraInizio, OraFine, DataIncaricoTurno) values (1951, 'QFSWDM90K28V299P', '2020-11-11', '8:01', '18:54', '2020-11-12');
insert into TurnoLavoratore (StadioDiAvanzamento, Lavoratore, Giorno, OraInizio, OraFine, DataIncaricoTurno) values (9890, 'CBXBGZ61A45D864Z', '1979-08-19', '9:03', '17:01', '1979-08-20');
insert into TurnoLavoratore (StadioDiAvanzamento, Lavoratore, Giorno, OraInizio, OraFine, DataIncaricoTurno) values (4627, 'UHTQBK23U77C570D', '2006-08-24', '8:11', '17:00', '2006-08-25');
insert into TurnoLavoratore (StadioDiAvanzamento, Lavoratore, Giorno, OraInizio, OraFine, DataIncaricoTurno) values (7235, 'YSGAXE92J92X014M', '1974-12-08', '8:13', '18:05', '1974-12-09');
insert into TurnoLavoratore (StadioDiAvanzamento, Lavoratore, Giorno, OraInizio, OraFine, DataIncaricoTurno) values (4314, 'RTRXTQ63A00Q452B', '1993-09-05', '8:45', '18:26', '1993-09-06');
insert into TurnoLavoratore (StadioDiAvanzamento, Lavoratore, Giorno, OraInizio, OraFine, DataIncaricoTurno) values (9241, 'CBXBGZ61A45D864Z', '2023-04-17', '9:48', '17:19', '2023-04-18');

insert into TurnoCapocantiere (StadioDiAvanzamento, Capocantiere, Giorno, OraInizio, OraFine, DataIncaricoTurno) values (3964, 'ZXHBRL80U28W229O', '1987-01-12', '8:26', '18:21', '1987-01-13');
insert into TurnoCapocantiere (StadioDiAvanzamento, Capocantiere, Giorno, OraInizio, OraFine, DataIncaricoTurno) values (8882, 'ZXHBRL80U28W229O', '1999-12-30', '8:48', '17:41', '1999-12-31');
insert into TurnoCapocantiere (StadioDiAvanzamento, Capocantiere, Giorno, OraInizio, OraFine, DataIncaricoTurno) values (1951, 'VWPBOB71D57H396Q', '1983-06-30', '8:29', '18:29', '1983-07-01');
insert into TurnoCapocantiere (StadioDiAvanzamento, Capocantiere, Giorno, OraInizio, OraFine, DataIncaricoTurno) values (3722, 'VWPBOB71D57H396Q', '2007-12-12', '9:10', '18:27', '2007-12-13');
insert into TurnoCapocantiere (StadioDiAvanzamento, Capocantiere, Giorno, OraInizio, OraFine, DataIncaricoTurno) values (821, 'ZXHBRL80U28W229O', '2021-02-13', '8:22', '17:46', '2021-02-14');
insert into TurnoCapocantiere (StadioDiAvanzamento, Capocantiere, Giorno, OraInizio, OraFine, DataIncaricoTurno) values (7459, 'VWPBOB71D57H396Q', '2022-10-16', '8:17', '17:46', '2022-10-17');
insert into TurnoCapocantiere (StadioDiAvanzamento, Capocantiere, Giorno, OraInizio, OraFine, DataIncaricoTurno) values (5421, 'VWPBOB71D57H396Q', '1999-03-11', '9:13', '18:56', '1999-03-12');
insert into TurnoCapocantiere (StadioDiAvanzamento, Capocantiere, Giorno, OraInizio, OraFine, DataIncaricoTurno) values (9241, 'VWPBOB71D57H396Q', '1984-01-21', '8:39', '18:33', '1984-01-22');
insert into TurnoCapocantiere (StadioDiAvanzamento, Capocantiere, Giorno, OraInizio, OraFine, DataIncaricoTurno) values (1316, 'ZXHBRL80U28W229O', '1975-06-05', '8:54', '17:46', '1975-06-06');
insert into TurnoCapocantiere (StadioDiAvanzamento, Capocantiere, Giorno, OraInizio, OraFine, DataIncaricoTurno) values (1578, 'VWPBOB71D57H396Q', '1999-08-27', '9:53', '17:42', '1999-08-28');
insert into TurnoCapocantiere (StadioDiAvanzamento, Capocantiere, Giorno, OraInizio, OraFine, DataIncaricoTurno) values (5793, 'VWPBOB71D57H396Q', '2021-03-17', '9:32', '17:51', '2021-03-18');
insert into TurnoCapocantiere (StadioDiAvanzamento, Capocantiere, Giorno, OraInizio, OraFine, DataIncaricoTurno) values (5421, 'ZXHBRL80U28W229O', '1985-06-18', '9:44', '17:04', '1985-06-19');
insert into TurnoCapocantiere (StadioDiAvanzamento, Capocantiere, Giorno, OraInizio, OraFine, DataIncaricoTurno) values (9241, 'ZXHBRL80U28W229O', '2010-03-18', '9:14', '17:02', '2010-03-19');
insert into TurnoCapocantiere (StadioDiAvanzamento, Capocantiere, Giorno, OraInizio, OraFine, DataIncaricoTurno) values (4314, 'VWPBOB71D57H396Q', '1987-04-01', '8:26', '17:39', '1987-04-02');
insert into TurnoCapocantiere (StadioDiAvanzamento, Capocantiere, Giorno, OraInizio, OraFine, DataIncaricoTurno) values (7600, 'VWPBOB71D57H396Q', '2008-09-04', '8:04', '17:09', '2008-09-05');
insert into TurnoCapocantiere (StadioDiAvanzamento, Capocantiere, Giorno, OraInizio, OraFine, DataIncaricoTurno) values (3722, 'ZXHBRL80U28W229O', '1980-02-17', '9:34', '18:30', '1980-02-18');
insert into TurnoCapocantiere (StadioDiAvanzamento, Capocantiere, Giorno, OraInizio, OraFine, DataIncaricoTurno) values (1578, 'VWPBOB71D57H396Q', '2010-07-09', '8:43', '18:43', '2010-07-10');
insert into TurnoCapocantiere (StadioDiAvanzamento, Capocantiere, Giorno, OraInizio, OraFine, DataIncaricoTurno) values (1578, 'VWPBOB71D57H396Q', '2002-03-12', '8:16', '18:33', '2002-03-13');
insert into TurnoCapocantiere (StadioDiAvanzamento, Capocantiere, Giorno, OraInizio, OraFine, DataIncaricoTurno) values (5421, 'ZXHBRL80U28W229O', '1992-11-04', '8:25', '18:39', '1992-11-05');
insert into TurnoCapocantiere (StadioDiAvanzamento, Capocantiere, Giorno, OraInizio, OraFine, DataIncaricoTurno) values (7235, 'VWPBOB71D57H396Q', '2000-12-23', '8:16', '18:56', '2000-12-24');
insert into TurnoCapocantiere (StadioDiAvanzamento, Capocantiere, Giorno, OraInizio, OraFine, DataIncaricoTurno) values (8882, 'ZXHBRL80U28W229O', '1975-02-11', '9:32', '18:31', '1975-02-12');
insert into TurnoCapocantiere (StadioDiAvanzamento, Capocantiere, Giorno, OraInizio, OraFine, DataIncaricoTurno) values (821, 'ZXHBRL80U28W229O', '1985-06-17', '8:54', '18:06', '1985-06-18');
insert into TurnoCapocantiere (StadioDiAvanzamento, Capocantiere, Giorno, OraInizio, OraFine, DataIncaricoTurno) values (7459, 'VWPBOB71D57H396Q', '1980-03-02', '9:21', '17:34', '1980-03-03');
insert into TurnoCapocantiere (StadioDiAvanzamento, Capocantiere, Giorno, OraInizio, OraFine, DataIncaricoTurno) values (3722, 'VWPBOB71D57H396Q', '2015-09-01', '9:56', '17:53', '2015-09-02');
insert into TurnoCapocantiere (StadioDiAvanzamento, Capocantiere, Giorno, OraInizio, OraFine, DataIncaricoTurno) values (3964, 'ZXHBRL80U28W229O', '2004-09-18', '8:48', '17:27', '2004-09-19');
insert into TurnoCapocantiere (StadioDiAvanzamento, Capocantiere, Giorno, OraInizio, OraFine, DataIncaricoTurno) values (5022, 'VWPBOB71D57H396Q', '2021-12-18', '8:00', '17:01', '2021-12-19');
insert into TurnoCapocantiere (StadioDiAvanzamento, Capocantiere, Giorno, OraInizio, OraFine, DataIncaricoTurno) values (1578, 'ZXHBRL80U28W229O', '2003-01-08', '8:58', '18:27', '2003-01-09');
insert into TurnoCapocantiere (StadioDiAvanzamento, Capocantiere, Giorno, OraInizio, OraFine, DataIncaricoTurno) values (8882, 'VWPBOB71D57H396Q', '2003-04-10', '9:14', '18:32', '2003-04-11');
insert into TurnoCapocantiere (StadioDiAvanzamento, Capocantiere, Giorno, OraInizio, OraFine, DataIncaricoTurno) values (7459, 'ZXHBRL80U28W229O', '2018-02-09', '9:57', '17:51', '2018-02-10');
insert into TurnoCapocantiere (StadioDiAvanzamento, Capocantiere, Giorno, OraInizio, OraFine, DataIncaricoTurno) values (9059, 'ZXHBRL80U28W229O', '1987-08-24', '8:35', '17:25', '1987-08-25');
insert into TurnoCapocantiere (StadioDiAvanzamento, Capocantiere, Giorno, OraInizio, OraFine, DataIncaricoTurno) values (9890, 'VWPBOB71D57H396Q', '1996-02-07', '9:05', '18:37', '1996-02-08');
insert into TurnoCapocantiere (StadioDiAvanzamento, Capocantiere, Giorno, OraInizio, OraFine, DataIncaricoTurno) values (7600, 'ZXHBRL80U28W229O', '2017-11-18', '8:32', '18:51', '2017-11-19');
insert into TurnoCapocantiere (StadioDiAvanzamento, Capocantiere, Giorno, OraInizio, OraFine, DataIncaricoTurno) values (4314, 'VWPBOB71D57H396Q', '2010-08-07', '9:19', '17:58', '2010-08-08');
insert into TurnoCapocantiere (StadioDiAvanzamento, Capocantiere, Giorno, OraInizio, OraFine, DataIncaricoTurno) values (1578, 'ZXHBRL80U28W229O', '2012-04-26', '9:53', '17:15', '2012-04-27');
insert into TurnoCapocantiere (StadioDiAvanzamento, Capocantiere, Giorno, OraInizio, OraFine, DataIncaricoTurno) values (9059, 'VWPBOB71D57H396Q', '2010-08-23', '8:26', '17:07', '2010-08-24');
insert into TurnoCapocantiere (StadioDiAvanzamento, Capocantiere, Giorno, OraInizio, OraFine, DataIncaricoTurno) values (1951, 'VWPBOB71D57H396Q', '2006-04-27', '8:10', '18:56', '2006-04-28');
insert into TurnoCapocantiere (StadioDiAvanzamento, Capocantiere, Giorno, OraInizio, OraFine, DataIncaricoTurno) values (5793, 'VWPBOB71D57H396Q', '2001-03-09', '8:03', '17:58', '2001-03-10');
insert into TurnoCapocantiere (StadioDiAvanzamento, Capocantiere, Giorno, OraInizio, OraFine, DataIncaricoTurno) values (5793, 'ZXHBRL80U28W229O', '2014-12-22', '8:02', '18:20', '2014-12-23');
insert into TurnoCapocantiere (StadioDiAvanzamento, Capocantiere, Giorno, OraInizio, OraFine, DataIncaricoTurno) values (4627, 'VWPBOB71D57H396Q', '2001-06-20', '9:08', '17:35', '2001-06-21');
insert into TurnoCapocantiere (StadioDiAvanzamento, Capocantiere, Giorno, OraInizio, OraFine, DataIncaricoTurno) values (7235, 'ZXHBRL80U28W229O', '1981-12-26', '9:29', '17:16', '1981-12-27');
insert into TurnoCapocantiere (StadioDiAvanzamento, Capocantiere, Giorno, OraInizio, OraFine, DataIncaricoTurno) values (821, 'VWPBOB71D57H396Q', '1984-02-11', '9:22', '18:00', '1984-02-12');
insert into TurnoCapocantiere (StadioDiAvanzamento, Capocantiere, Giorno, OraInizio, OraFine, DataIncaricoTurno) values (1316, 'VWPBOB71D57H396Q', '2020-11-30', '9:11', '18:46', '2020-12-01');
insert into TurnoCapocantiere (StadioDiAvanzamento, Capocantiere, Giorno, OraInizio, OraFine, DataIncaricoTurno) values (9890, 'VWPBOB71D57H396Q', '2002-08-29', '8:58', '17:26', '2002-08-30');
insert into TurnoCapocantiere (StadioDiAvanzamento, Capocantiere, Giorno, OraInizio, OraFine, DataIncaricoTurno) values (4627, 'VWPBOB71D57H396Q', '1988-11-08', '8:08', '17:15', '1988-11-09');
insert into TurnoCapocantiere (StadioDiAvanzamento, Capocantiere, Giorno, OraInizio, OraFine, DataIncaricoTurno) values (7235, 'VWPBOB71D57H396Q', '1995-11-13', '8:27', '18:41', '1995-11-14');
insert into TurnoCapocantiere (StadioDiAvanzamento, Capocantiere, Giorno, OraInizio, OraFine, DataIncaricoTurno) values (8882, 'VWPBOB71D57H396Q', '2012-02-25', '9:49', '18:29', '2012-02-26');
insert into TurnoCapocantiere (StadioDiAvanzamento, Capocantiere, Giorno, OraInizio, OraFine, DataIncaricoTurno) values (7459, 'ZXHBRL80U28W229O', '2005-07-22', '8:45', '17:56', '2005-07-23');
insert into TurnoCapocantiere (StadioDiAvanzamento, Capocantiere, Giorno, OraInizio, OraFine, DataIncaricoTurno) values (9241, 'VWPBOB71D57H396Q', '1984-05-29', '8:23', '18:51', '1984-05-30');
insert into TurnoCapocantiere (StadioDiAvanzamento, Capocantiere, Giorno, OraInizio, OraFine, DataIncaricoTurno) values (9059, 'ZXHBRL80U28W229O', '2015-09-28', '8:47', '18:49', '2015-09-29');
insert into TurnoCapocantiere (StadioDiAvanzamento, Capocantiere, Giorno, OraInizio, OraFine, DataIncaricoTurno) values (9059, 'VWPBOB71D57H396Q', '2014-05-23', '9:14', '17:08', '2014-05-24');
insert into TurnoCapocantiere (StadioDiAvanzamento, Capocantiere, Giorno, OraInizio, OraFine, DataIncaricoTurno) values (1578, 'ZXHBRL80U28W229O', '2003-11-28', '8:14', '18:58', '2003-11-29');
insert into TurnoCapocantiere (StadioDiAvanzamento, Capocantiere, Giorno, OraInizio, OraFine, DataIncaricoTurno) values (1578, 'VWPBOB71D57H396Q', '1989-01-15', '8:54', '17:12', '1989-01-16');
insert into TurnoCapocantiere (StadioDiAvanzamento, Capocantiere, Giorno, OraInizio, OraFine, DataIncaricoTurno) values (4627, 'ZXHBRL80U28W229O', '2012-01-09', '8:19', '17:51', '2012-01-10');
insert into TurnoCapocantiere (StadioDiAvanzamento, Capocantiere, Giorno, OraInizio, OraFine, DataIncaricoTurno) values (3964, 'ZXHBRL80U28W229O', '2000-04-17', '9:14', '18:45', '2000-04-18');
insert into TurnoCapocantiere (StadioDiAvanzamento, Capocantiere, Giorno, OraInizio, OraFine, DataIncaricoTurno) values (3964, 'VWPBOB71D57H396Q', '1996-03-04', '8:57', '17:18', '1996-03-05');
insert into TurnoCapocantiere (StadioDiAvanzamento, Capocantiere, Giorno, OraInizio, OraFine, DataIncaricoTurno) values (7235, 'ZXHBRL80U28W229O', '1971-01-17', '9:59', '18:59', '1971-01-18');
insert into TurnoCapocantiere (StadioDiAvanzamento, Capocantiere, Giorno, OraInizio, OraFine, DataIncaricoTurno) values (5421, 'VWPBOB71D57H396Q', '2006-01-12', '9:37', '17:37', '2006-01-13');
insert into TurnoCapocantiere (StadioDiAvanzamento, Capocantiere, Giorno, OraInizio, OraFine, DataIncaricoTurno) values (1951, 'ZXHBRL80U28W229O', '1978-03-18', '8:20', '18:19', '1978-03-19');
insert into TurnoCapocantiere (StadioDiAvanzamento, Capocantiere, Giorno, OraInizio, OraFine, DataIncaricoTurno) values (4975, 'VWPBOB71D57H396Q', '2021-05-19', '8:22', '17:06', '2021-05-20');
insert into TurnoCapocantiere (StadioDiAvanzamento, Capocantiere, Giorno, OraInizio, OraFine, DataIncaricoTurno) values (4975, 'VWPBOB71D57H396Q', '2008-09-27', '8:35', '17:34', '2008-09-28');
insert into TurnoCapocantiere (StadioDiAvanzamento, Capocantiere, Giorno, OraInizio, OraFine, DataIncaricoTurno) values (3722, 'ZXHBRL80U28W229O', '2020-06-12', '9:37', '18:45', '2020-06-13');
insert into TurnoCapocantiere (StadioDiAvanzamento, Capocantiere, Giorno, OraInizio, OraFine, DataIncaricoTurno) values (5421, 'ZXHBRL80U28W229O', '1977-05-22', '9:07', '18:39', '1977-05-23');
insert into TurnoCapocantiere (StadioDiAvanzamento, Capocantiere, Giorno, OraInizio, OraFine, DataIncaricoTurno) values (1951, 'VWPBOB71D57H396Q', '1970-10-04', '8:14', '18:17', '1970-10-05');
insert into TurnoCapocantiere (StadioDiAvanzamento, Capocantiere, Giorno, OraInizio, OraFine, DataIncaricoTurno) values (1316, 'ZXHBRL80U28W229O', '2011-07-10', '8:45', '18:06', '2011-07-11');
insert into TurnoCapocantiere (StadioDiAvanzamento, Capocantiere, Giorno, OraInizio, OraFine, DataIncaricoTurno) values (3722, 'VWPBOB71D57H396Q', '2001-03-26', '8:06', '17:59', '2001-03-27');
insert into TurnoCapocantiere (StadioDiAvanzamento, Capocantiere, Giorno, OraInizio, OraFine, DataIncaricoTurno) values (8882, 'ZXHBRL80U28W229O', '1994-11-14', '8:06', '17:09', '1994-11-15');
insert into TurnoCapocantiere (StadioDiAvanzamento, Capocantiere, Giorno, OraInizio, OraFine, DataIncaricoTurno) values (8882, 'ZXHBRL80U28W229O', '1978-05-27', '9:23', '17:59', '1978-05-28');
insert into TurnoCapocantiere (StadioDiAvanzamento, Capocantiere, Giorno, OraInizio, OraFine, DataIncaricoTurno) values (5421, 'ZXHBRL80U28W229O', '1991-07-02', '8:40', '17:57', '1991-07-03');
insert into TurnoCapocantiere (StadioDiAvanzamento, Capocantiere, Giorno, OraInizio, OraFine, DataIncaricoTurno) values (3722, 'VWPBOB71D57H396Q', '1998-09-13', '8:02', '18:21', '1998-09-14');
insert into TurnoCapocantiere (StadioDiAvanzamento, Capocantiere, Giorno, OraInizio, OraFine, DataIncaricoTurno) values (9890, 'ZXHBRL80U28W229O', '1974-01-08', '9:31', '17:45', '1974-01-09');
insert into TurnoCapocantiere (StadioDiAvanzamento, Capocantiere, Giorno, OraInizio, OraFine, DataIncaricoTurno) values (5421, 'ZXHBRL80U28W229O', '1980-02-16', '8:30', '18:09', '1980-02-17');
insert into TurnoCapocantiere (StadioDiAvanzamento, Capocantiere, Giorno, OraInizio, OraFine, DataIncaricoTurno) values (1316, 'ZXHBRL80U28W229O', '2018-07-09', '9:12', '17:19', '2018-07-10');
insert into TurnoCapocantiere (StadioDiAvanzamento, Capocantiere, Giorno, OraInizio, OraFine, DataIncaricoTurno) values (8882, 'VWPBOB71D57H396Q', '1994-03-04', '8:50', '17:59', '1994-03-05');
insert into TurnoCapocantiere (StadioDiAvanzamento, Capocantiere, Giorno, OraInizio, OraFine, DataIncaricoTurno) values (1578, 'VWPBOB71D57H396Q', '2007-07-16', '9:16', '18:07', '2007-07-17');
insert into TurnoCapocantiere (StadioDiAvanzamento, Capocantiere, Giorno, OraInizio, OraFine, DataIncaricoTurno) values (3722, 'VWPBOB71D57H396Q', '1971-06-24', '9:07', '17:20', '1971-06-25');
insert into TurnoCapocantiere (StadioDiAvanzamento, Capocantiere, Giorno, OraInizio, OraFine, DataIncaricoTurno) values (3722, 'ZXHBRL80U28W229O', '1992-02-23', '9:20', '17:53', '1992-02-24');
insert into TurnoCapocantiere (StadioDiAvanzamento, Capocantiere, Giorno, OraInizio, OraFine, DataIncaricoTurno) values (7459, 'VWPBOB71D57H396Q', '2015-10-09', '9:54', '18:45', '2015-10-10');
insert into TurnoCapocantiere (StadioDiAvanzamento, Capocantiere, Giorno, OraInizio, OraFine, DataIncaricoTurno) values (1578, 'ZXHBRL80U28W229O', '1975-06-07', '8:38', '18:31', '1975-06-08');
insert into TurnoCapocantiere (StadioDiAvanzamento, Capocantiere, Giorno, OraInizio, OraFine, DataIncaricoTurno) values (3722, 'ZXHBRL80U28W229O', '1972-06-15', '9:11', '18:52', '1972-06-16');
insert into TurnoCapocantiere (StadioDiAvanzamento, Capocantiere, Giorno, OraInizio, OraFine, DataIncaricoTurno) values (5421, 'VWPBOB71D57H396Q', '1977-09-29', '8:17', '18:51', '1977-09-30');
insert into TurnoCapocantiere (StadioDiAvanzamento, Capocantiere, Giorno, OraInizio, OraFine, DataIncaricoTurno) values (9059, 'VWPBOB71D57H396Q', '1990-04-09', '8:47', '17:01', '1990-04-10');
insert into TurnoCapocantiere (StadioDiAvanzamento, Capocantiere, Giorno, OraInizio, OraFine, DataIncaricoTurno) values (821, 'ZXHBRL80U28W229O', '1982-11-18', '9:50', '18:55', '1982-11-19');
insert into TurnoCapocantiere (StadioDiAvanzamento, Capocantiere, Giorno, OraInizio, OraFine, DataIncaricoTurno) values (1316, 'VWPBOB71D57H396Q', '1987-09-22', '8:44', '17:57', '1987-09-23');
insert into TurnoCapocantiere (StadioDiAvanzamento, Capocantiere, Giorno, OraInizio, OraFine, DataIncaricoTurno) values (4975, 'VWPBOB71D57H396Q', '2017-01-20', '9:12', '17:31', '2017-01-21');
insert into TurnoCapocantiere (StadioDiAvanzamento, Capocantiere, Giorno, OraInizio, OraFine, DataIncaricoTurno) values (1951, 'ZXHBRL80U28W229O', '2023-04-27', '9:55', '17:35', '2023-04-28');
insert into TurnoCapocantiere (StadioDiAvanzamento, Capocantiere, Giorno, OraInizio, OraFine, DataIncaricoTurno) values (8882, 'ZXHBRL80U28W229O', '2003-12-22', '9:30', '17:36', '2003-12-23');
insert into TurnoCapocantiere (StadioDiAvanzamento, Capocantiere, Giorno, OraInizio, OraFine, DataIncaricoTurno) values (5793, 'VWPBOB71D57H396Q', '1983-03-04', '9:10', '17:11', '1983-03-05');
insert into TurnoCapocantiere (StadioDiAvanzamento, Capocantiere, Giorno, OraInizio, OraFine, DataIncaricoTurno) values (5793, 'VWPBOB71D57H396Q', '1997-09-22', '9:27', '17:21', '1997-09-23');
insert into TurnoCapocantiere (StadioDiAvanzamento, Capocantiere, Giorno, OraInizio, OraFine, DataIncaricoTurno) values (9241, 'VWPBOB71D57H396Q', '2022-01-19', '9:35', '17:39', '2022-01-20');
insert into TurnoCapocantiere (StadioDiAvanzamento, Capocantiere, Giorno, OraInizio, OraFine, DataIncaricoTurno) values (5421, 'VWPBOB71D57H396Q', '1977-07-10', '8:04', '18:35', '1977-07-11');
insert into TurnoCapocantiere (StadioDiAvanzamento, Capocantiere, Giorno, OraInizio, OraFine, DataIncaricoTurno) values (4314, 'ZXHBRL80U28W229O', '1975-03-08', '9:50', '17:32', '1975-03-09');
insert into TurnoCapocantiere (StadioDiAvanzamento, Capocantiere, Giorno, OraInizio, OraFine, DataIncaricoTurno) values (821, 'VWPBOB71D57H396Q', '2020-07-09', '9:50', '17:36', '2020-07-10');
insert into TurnoCapocantiere (StadioDiAvanzamento, Capocantiere, Giorno, OraInizio, OraFine, DataIncaricoTurno) values (821, 'VWPBOB71D57H396Q', '2004-05-02', '8:18', '18:17', '2004-05-03');
insert into TurnoCapocantiere (StadioDiAvanzamento, Capocantiere, Giorno, OraInizio, OraFine, DataIncaricoTurno) values (1316, 'VWPBOB71D57H396Q', '1986-09-26', '9:17', '17:49', '1986-09-27');
insert into TurnoCapocantiere (StadioDiAvanzamento, Capocantiere, Giorno, OraInizio, OraFine, DataIncaricoTurno) values (9241, 'VWPBOB71D57H396Q', '2016-09-30', '8:38', '18:02', '2016-10-01');
insert into TurnoCapocantiere (StadioDiAvanzamento, Capocantiere, Giorno, OraInizio, OraFine, DataIncaricoTurno) values (7235, 'ZXHBRL80U28W229O', '2005-09-11', '8:13', '17:04', '2005-09-12');
insert into TurnoCapocantiere (StadioDiAvanzamento, Capocantiere, Giorno, OraInizio, OraFine, DataIncaricoTurno) values (4314, 'ZXHBRL80U28W229O', '1988-01-24', '9:32', '18:29', '1988-01-25');
insert into TurnoCapocantiere (StadioDiAvanzamento, Capocantiere, Giorno, OraInizio, OraFine, DataIncaricoTurno) values (9059, 'ZXHBRL80U28W229O', '1980-02-25', '9:52', '17:51', '1980-02-26');
insert into TurnoCapocantiere (StadioDiAvanzamento, Capocantiere, Giorno, OraInizio, OraFine, DataIncaricoTurno) values (4314, 'ZXHBRL80U28W229O', '1987-05-07', '8:08', '18:05', '1987-05-08');
insert into TurnoCapocantiere (StadioDiAvanzamento, Capocantiere, Giorno, OraInizio, OraFine, DataIncaricoTurno) values (3722, 'ZXHBRL80U28W229O', '1985-07-06', '9:43', '18:17', '1985-07-07');
insert into TurnoCapocantiere (StadioDiAvanzamento, Capocantiere, Giorno, OraInizio, OraFine, DataIncaricoTurno) values (1316, 'VWPBOB71D57H396Q', '1987-05-16', '9:34', '18:43', '1987-05-17');
insert into TurnoCapocantiere (StadioDiAvanzamento, Capocantiere, Giorno, OraInizio, OraFine, DataIncaricoTurno) values (3722, 'ZXHBRL80U28W229O', '2016-09-02', '9:50', '18:30', '2016-09-03');
insert into TurnoCapocantiere (StadioDiAvanzamento, Capocantiere, Giorno, OraInizio, OraFine, DataIncaricoTurno) values (4975, 'ZXHBRL80U28W229O', '2010-05-06', '9:46', '18:37', '2010-05-07');
insert into TurnoCapocantiere (StadioDiAvanzamento, Capocantiere, Giorno, OraInizio, OraFine, DataIncaricoTurno) values (3964, 'ZXHBRL80U28W229O', '1990-01-22', '8:14', '17:39', '1990-01-23');
insert into TurnoCapocantiere (StadioDiAvanzamento, Capocantiere, Giorno, OraInizio, OraFine, DataIncaricoTurno) values (8882, 'VWPBOB71D57H396Q', '1995-02-23', '9:03', '18:43', '1995-02-24');
insert into TurnoCapocantiere (StadioDiAvanzamento, Capocantiere, Giorno, OraInizio, OraFine, DataIncaricoTurno) values (3722, 'VWPBOB71D57H396Q', '1982-10-26', '9:54', '17:13', '1982-10-27');
insert into TurnoCapocantiere (StadioDiAvanzamento, Capocantiere, Giorno, OraInizio, OraFine, DataIncaricoTurno) values (7600, 'VWPBOB71D57H396Q', '2006-06-30', '9:17', '17:55', '2006-07-01');
insert into TurnoCapocantiere (StadioDiAvanzamento, Capocantiere, Giorno, OraInizio, OraFine, DataIncaricoTurno) values (9241, 'ZXHBRL80U28W229O', '1975-11-27', '9:05', '17:05', '1975-11-28');
insert into TurnoCapocantiere (StadioDiAvanzamento, Capocantiere, Giorno, OraInizio, OraFine, DataIncaricoTurno) values (7459, 'VWPBOB71D57H396Q', '2013-07-13', '8:12', '17:52', '2013-07-14');
insert into TurnoCapocantiere (StadioDiAvanzamento, Capocantiere, Giorno, OraInizio, OraFine, DataIncaricoTurno) values (7600, 'ZXHBRL80U28W229O', '2015-08-26', '8:08', '18:47', '2015-08-27');
insert into TurnoCapocantiere (StadioDiAvanzamento, Capocantiere, Giorno, OraInizio, OraFine, DataIncaricoTurno) values (9059, 'ZXHBRL80U28W229O', '2020-07-24', '9:45', '18:46', '2020-07-25');
insert into TurnoCapocantiere (StadioDiAvanzamento, Capocantiere, Giorno, OraInizio, OraFine, DataIncaricoTurno) values (4975, 'VWPBOB71D57H396Q', '1998-10-30', '9:56', '17:21', '1998-10-31');
insert into TurnoCapocantiere (StadioDiAvanzamento, Capocantiere, Giorno, OraInizio, OraFine, DataIncaricoTurno) values (7600, 'VWPBOB71D57H396Q', '1994-10-16', '9:16', '18:45', '1994-10-17');
insert into TurnoCapocantiere (StadioDiAvanzamento, Capocantiere, Giorno, OraInizio, OraFine, DataIncaricoTurno) values (9890, 'VWPBOB71D57H396Q', '2011-06-06', '8:34', '18:00', '2011-06-07');
insert into TurnoCapocantiere (StadioDiAvanzamento, Capocantiere, Giorno, OraInizio, OraFine, DataIncaricoTurno) values (821, 'ZXHBRL80U28W229O', '2002-09-19', '9:58', '17:50', '2002-09-20');
insert into TurnoCapocantiere (StadioDiAvanzamento, Capocantiere, Giorno, OraInizio, OraFine, DataIncaricoTurno) values (5022, 'VWPBOB71D57H396Q', '1973-06-03', '9:28', '18:00', '1973-06-04');
insert into TurnoCapocantiere (StadioDiAvanzamento, Capocantiere, Giorno, OraInizio, OraFine, DataIncaricoTurno) values (7459, 'ZXHBRL80U28W229O', '2004-08-05', '8:36', '17:30', '2004-08-06');
insert into TurnoCapocantiere (StadioDiAvanzamento, Capocantiere, Giorno, OraInizio, OraFine, DataIncaricoTurno) values (1951, 'VWPBOB71D57H396Q', '2018-03-13', '9:43', '18:51', '2018-03-14');
insert into TurnoCapocantiere (StadioDiAvanzamento, Capocantiere, Giorno, OraInizio, OraFine, DataIncaricoTurno) values (3964, 'ZXHBRL80U28W229O', '2015-01-10', '8:45', '17:32', '2015-01-11');
insert into TurnoCapocantiere (StadioDiAvanzamento, Capocantiere, Giorno, OraInizio, OraFine, DataIncaricoTurno) values (4314, 'ZXHBRL80U28W229O', '1995-07-23', '9:10', '18:09', '1995-07-24');
insert into TurnoCapocantiere (StadioDiAvanzamento, Capocantiere, Giorno, OraInizio, OraFine, DataIncaricoTurno) values (8882, 'VWPBOB71D57H396Q', '1978-01-01', '8:16', '18:25', '1978-01-02');
insert into TurnoCapocantiere (StadioDiAvanzamento, Capocantiere, Giorno, OraInizio, OraFine, DataIncaricoTurno) values (5793, 'VWPBOB71D57H396Q', '1979-10-02', '9:13', '17:20', '1979-10-03');
insert into TurnoCapocantiere (StadioDiAvanzamento, Capocantiere, Giorno, OraInizio, OraFine, DataIncaricoTurno) values (1316, 'VWPBOB71D57H396Q', '2014-01-03', '8:45', '18:54', '2014-01-04');
insert into TurnoCapocantiere (StadioDiAvanzamento, Capocantiere, Giorno, OraInizio, OraFine, DataIncaricoTurno) values (5793, 'VWPBOB71D57H396Q', '2003-03-19', '8:28', '18:48', '2003-03-20');
insert into TurnoCapocantiere (StadioDiAvanzamento, Capocantiere, Giorno, OraInizio, OraFine, DataIncaricoTurno) values (1316, 'VWPBOB71D57H396Q', '1982-08-29', '8:02', '18:36', '1982-08-30');
insert into TurnoCapocantiere (StadioDiAvanzamento, Capocantiere, Giorno, OraInizio, OraFine, DataIncaricoTurno) values (8882, 'VWPBOB71D57H396Q', '1971-05-01', '8:14', '18:18', '1971-05-02');
insert into TurnoCapocantiere (StadioDiAvanzamento, Capocantiere, Giorno, OraInizio, OraFine, DataIncaricoTurno) values (3722, 'VWPBOB71D57H396Q', '1995-10-22', '8:34', '17:29', '1995-10-23');
insert into TurnoCapocantiere (StadioDiAvanzamento, Capocantiere, Giorno, OraInizio, OraFine, DataIncaricoTurno) values (9241, 'ZXHBRL80U28W229O', '1980-12-12', '9:56', '18:26', '1980-12-13');
insert into TurnoCapocantiere (StadioDiAvanzamento, Capocantiere, Giorno, OraInizio, OraFine, DataIncaricoTurno) values (1578, 'VWPBOB71D57H396Q', '2012-07-06', '9:20', '17:00', '2012-07-07');
insert into TurnoCapocantiere (StadioDiAvanzamento, Capocantiere, Giorno, OraInizio, OraFine, DataIncaricoTurno) values (7459, 'ZXHBRL80U28W229O', '1985-07-13', '9:35', '17:17', '1985-07-14');
insert into TurnoCapocantiere (StadioDiAvanzamento, Capocantiere, Giorno, OraInizio, OraFine, DataIncaricoTurno) values (4627, 'ZXHBRL80U28W229O', '1983-09-27', '8:15', '18:46', '1983-09-28');
insert into TurnoCapocantiere (StadioDiAvanzamento, Capocantiere, Giorno, OraInizio, OraFine, DataIncaricoTurno) values (5022, 'VWPBOB71D57H396Q', '1992-06-25', '9:07', '18:39', '1992-06-26');
insert into TurnoCapocantiere (StadioDiAvanzamento, Capocantiere, Giorno, OraInizio, OraFine, DataIncaricoTurno) values (5793, 'ZXHBRL80U28W229O', '1997-07-31', '8:03', '17:35', '1997-08-01');
insert into TurnoCapocantiere (StadioDiAvanzamento, Capocantiere, Giorno, OraInizio, OraFine, DataIncaricoTurno) values (4314, 'VWPBOB71D57H396Q', '1994-02-14', '8:52', '17:35', '1994-02-15');
insert into TurnoCapocantiere (StadioDiAvanzamento, Capocantiere, Giorno, OraInizio, OraFine, DataIncaricoTurno) values (3964, 'VWPBOB71D57H396Q', '1998-12-02', '9:10', '18:28', '1998-12-03');
insert into TurnoCapocantiere (StadioDiAvanzamento, Capocantiere, Giorno, OraInizio, OraFine, DataIncaricoTurno) values (9890, 'ZXHBRL80U28W229O', '2005-11-07', '9:39', '18:27', '2005-11-08');
insert into TurnoCapocantiere (StadioDiAvanzamento, Capocantiere, Giorno, OraInizio, OraFine, DataIncaricoTurno) values (821, 'VWPBOB71D57H396Q', '2021-07-20', '9:31', '18:06', '2021-07-21');
insert into TurnoCapocantiere (StadioDiAvanzamento, Capocantiere, Giorno, OraInizio, OraFine, DataIncaricoTurno) values (7459, 'ZXHBRL80U28W229O', '2022-08-08', '9:49', '17:41', '2022-08-09');
insert into TurnoCapocantiere (StadioDiAvanzamento, Capocantiere, Giorno, OraInizio, OraFine, DataIncaricoTurno) values (4314, 'ZXHBRL80U28W229O', '1993-04-14', '8:40', '18:34', '1993-04-15');
insert into TurnoCapocantiere (StadioDiAvanzamento, Capocantiere, Giorno, OraInizio, OraFine, DataIncaricoTurno) values (9890, 'VWPBOB71D57H396Q', '1978-05-05', '8:56', '17:02', '1978-05-06');
insert into TurnoCapocantiere (StadioDiAvanzamento, Capocantiere, Giorno, OraInizio, OraFine, DataIncaricoTurno) values (3964, 'VWPBOB71D57H396Q', '1981-12-12', '8:57', '17:29', '1981-12-13');
insert into TurnoCapocantiere (StadioDiAvanzamento, Capocantiere, Giorno, OraInizio, OraFine, DataIncaricoTurno) values (9890, 'ZXHBRL80U28W229O', '1975-12-15', '8:10', '17:37', '1975-12-16');
insert into TurnoCapocantiere (StadioDiAvanzamento, Capocantiere, Giorno, OraInizio, OraFine, DataIncaricoTurno) values (1951, 'VWPBOB71D57H396Q', '1985-05-01', '9:10', '17:58', '1985-05-02');
insert into TurnoCapocantiere (StadioDiAvanzamento, Capocantiere, Giorno, OraInizio, OraFine, DataIncaricoTurno) values (7459, 'VWPBOB71D57H396Q', '1985-07-16', '8:21', '17:50', '1985-07-17');
insert into TurnoCapocantiere (StadioDiAvanzamento, Capocantiere, Giorno, OraInizio, OraFine, DataIncaricoTurno) values (7600, 'VWPBOB71D57H396Q', '2003-09-06', '8:16', '17:53', '2003-09-07');
insert into TurnoCapocantiere (StadioDiAvanzamento, Capocantiere, Giorno, OraInizio, OraFine, DataIncaricoTurno) values (4627, 'VWPBOB71D57H396Q', '1998-01-15', '8:28', '18:16', '1998-01-16');
insert into TurnoCapocantiere (StadioDiAvanzamento, Capocantiere, Giorno, OraInizio, OraFine, DataIncaricoTurno) values (1316, 'ZXHBRL80U28W229O', '1995-04-05', '8:59', '17:33', '1995-04-06');
insert into TurnoCapocantiere (StadioDiAvanzamento, Capocantiere, Giorno, OraInizio, OraFine, DataIncaricoTurno) values (3722, 'ZXHBRL80U28W229O', '2008-07-06', '8:05', '18:59', '2008-07-07');
insert into TurnoCapocantiere (StadioDiAvanzamento, Capocantiere, Giorno, OraInizio, OraFine, DataIncaricoTurno) values (7600, 'ZXHBRL80U28W229O', '1983-02-03', '8:29', '18:56', '1983-02-04');
insert into TurnoCapocantiere (StadioDiAvanzamento, Capocantiere, Giorno, OraInizio, OraFine, DataIncaricoTurno) values (9890, 'ZXHBRL80U28W229O', '1991-01-24', '9:08', '17:19', '1991-01-25');
insert into TurnoCapocantiere (StadioDiAvanzamento, Capocantiere, Giorno, OraInizio, OraFine, DataIncaricoTurno) values (1578, 'VWPBOB71D57H396Q', '1999-07-29', '8:55', '17:01', '1999-07-30');
insert into TurnoCapocantiere (StadioDiAvanzamento, Capocantiere, Giorno, OraInizio, OraFine, DataIncaricoTurno) values (1578, 'VWPBOB71D57H396Q', '2009-04-17', '8:31', '17:54', '2009-04-18');
insert into TurnoCapocantiere (StadioDiAvanzamento, Capocantiere, Giorno, OraInizio, OraFine, DataIncaricoTurno) values (9890, 'ZXHBRL80U28W229O', '2004-03-07', '8:56', '18:18', '2004-03-08');
insert into TurnoCapocantiere (StadioDiAvanzamento, Capocantiere, Giorno, OraInizio, OraFine, DataIncaricoTurno) values (3964, 'VWPBOB71D57H396Q', '2003-02-24', '9:04', '17:07', '2003-02-25');
insert into TurnoCapocantiere (StadioDiAvanzamento, Capocantiere, Giorno, OraInizio, OraFine, DataIncaricoTurno) values (4627, 'ZXHBRL80U28W229O', '2021-12-17', '8:05', '18:18', '2021-12-18');
insert into TurnoCapocantiere (StadioDiAvanzamento, Capocantiere, Giorno, OraInizio, OraFine, DataIncaricoTurno) values (5022, 'VWPBOB71D57H396Q', '2012-01-22', '9:00', '17:24', '2012-01-23');
insert into TurnoCapocantiere (StadioDiAvanzamento, Capocantiere, Giorno, OraInizio, OraFine, DataIncaricoTurno) values (5793, 'ZXHBRL80U28W229O', '2005-06-24', '9:16', '17:30', '2005-06-25');
insert into TurnoCapocantiere (StadioDiAvanzamento, Capocantiere, Giorno, OraInizio, OraFine, DataIncaricoTurno) values (9059, 'ZXHBRL80U28W229O', '2018-09-09', '8:44', '18:27', '2018-09-10');
insert into TurnoCapocantiere (StadioDiAvanzamento, Capocantiere, Giorno, OraInizio, OraFine, DataIncaricoTurno) values (9241, 'ZXHBRL80U28W229O', '2021-05-26', '9:44', '17:35', '2021-05-27');
insert into TurnoCapocantiere (StadioDiAvanzamento, Capocantiere, Giorno, OraInizio, OraFine, DataIncaricoTurno) values (5793, 'VWPBOB71D57H396Q', '1971-12-06', '8:58', '17:54', '1971-12-07');
insert into TurnoCapocantiere (StadioDiAvanzamento, Capocantiere, Giorno, OraInizio, OraFine, DataIncaricoTurno) values (8882, 'VWPBOB71D57H396Q', '2017-09-28', '8:35', '18:34', '2017-09-29');
insert into TurnoCapocantiere (StadioDiAvanzamento, Capocantiere, Giorno, OraInizio, OraFine, DataIncaricoTurno) values (821, 'VWPBOB71D57H396Q', '2006-01-21', '8:36', '17:39', '2006-01-22');
insert into TurnoCapocantiere (StadioDiAvanzamento, Capocantiere, Giorno, OraInizio, OraFine, DataIncaricoTurno) values (7600, 'ZXHBRL80U28W229O', '2021-10-15', '8:55', '17:05', '2021-10-16');
insert into TurnoCapocantiere (StadioDiAvanzamento, Capocantiere, Giorno, OraInizio, OraFine, DataIncaricoTurno) values (5793, 'ZXHBRL80U28W229O', '2020-08-06', '8:47', '17:34', '2020-08-07');
insert into TurnoCapocantiere (StadioDiAvanzamento, Capocantiere, Giorno, OraInizio, OraFine, DataIncaricoTurno) values (7235, 'ZXHBRL80U28W229O', '1973-04-15', '8:19', '18:40', '1973-04-16');
insert into TurnoCapocantiere (StadioDiAvanzamento, Capocantiere, Giorno, OraInizio, OraFine, DataIncaricoTurno) values (5022, 'ZXHBRL80U28W229O', '1982-02-11', '9:46', '17:08', '1982-02-12');
insert into TurnoCapocantiere (StadioDiAvanzamento, Capocantiere, Giorno, OraInizio, OraFine, DataIncaricoTurno) values (5421, 'VWPBOB71D57H396Q', '2018-03-30', '9:23', '17:38', '2018-03-31');
insert into TurnoCapocantiere (StadioDiAvanzamento, Capocantiere, Giorno, OraInizio, OraFine, DataIncaricoTurno) values (3964, 'VWPBOB71D57H396Q', '1998-01-10', '8:18', '17:33', '1998-01-11');
insert into TurnoCapocantiere (StadioDiAvanzamento, Capocantiere, Giorno, OraInizio, OraFine, DataIncaricoTurno) values (821, 'ZXHBRL80U28W229O', '1983-06-12', '8:35', '17:05', '1983-06-13');
insert into TurnoCapocantiere (StadioDiAvanzamento, Capocantiere, Giorno, OraInizio, OraFine, DataIncaricoTurno) values (9059, 'ZXHBRL80U28W229O', '2004-08-16', '9:42', '17:47', '2004-08-17');
insert into TurnoCapocantiere (StadioDiAvanzamento, Capocantiere, Giorno, OraInizio, OraFine, DataIncaricoTurno) values (4627, 'VWPBOB71D57H396Q', '2007-03-17', '8:55', '18:01', '2007-03-18');
insert into TurnoCapocantiere (StadioDiAvanzamento, Capocantiere, Giorno, OraInizio, OraFine, DataIncaricoTurno) values (3964, 'VWPBOB71D57H396Q', '2015-01-09', '8:21', '18:42', '2015-01-10');
insert into TurnoCapocantiere (StadioDiAvanzamento, Capocantiere, Giorno, OraInizio, OraFine, DataIncaricoTurno) values (4314, 'VWPBOB71D57H396Q', '1998-02-10', '9:14', '17:05', '1998-02-11');
insert into TurnoCapocantiere (StadioDiAvanzamento, Capocantiere, Giorno, OraInizio, OraFine, DataIncaricoTurno) values (7235, 'VWPBOB71D57H396Q', '1977-07-18', '8:31', '17:35', '1977-07-19');
insert into TurnoCapocantiere (StadioDiAvanzamento, Capocantiere, Giorno, OraInizio, OraFine, DataIncaricoTurno) values (9059, 'VWPBOB71D57H396Q', '2009-03-11', '9:33', '18:30', '2009-03-12');
insert into TurnoCapocantiere (StadioDiAvanzamento, Capocantiere, Giorno, OraInizio, OraFine, DataIncaricoTurno) values (5022, 'VWPBOB71D57H396Q', '1982-02-12', '8:15', '18:09', '1982-02-13');
insert into TurnoCapocantiere (StadioDiAvanzamento, Capocantiere, Giorno, OraInizio, OraFine, DataIncaricoTurno) values (7600, 'VWPBOB71D57H396Q', '2001-07-10', '8:05', '17:23', '2001-07-11');
insert into TurnoCapocantiere (StadioDiAvanzamento, Capocantiere, Giorno, OraInizio, OraFine, DataIncaricoTurno) values (5793, 'ZXHBRL80U28W229O', '1995-06-09', '9:56', '17:57', '1995-06-10');
insert into TurnoCapocantiere (StadioDiAvanzamento, Capocantiere, Giorno, OraInizio, OraFine, DataIncaricoTurno) values (3964, 'VWPBOB71D57H396Q', '1973-05-03', '8:31', '17:21', '1973-05-04');
insert into TurnoCapocantiere (StadioDiAvanzamento, Capocantiere, Giorno, OraInizio, OraFine, DataIncaricoTurno) values (5793, 'ZXHBRL80U28W229O', '1987-01-19', '8:55', '18:31', '1987-01-20');

insert into Mansione (Lavoro, Lavoratore) values ('CostruzioneMurature', 'CBXBGZ61A45D864Z');
insert into Mansione (Lavoro, Lavoratore) values ('DelineazionePiani', 'GMHIJS33D78P821B');
insert into Mansione (Lavoro, Lavoratore) values ('DettagliEsterni', 'IZKRTR56E30S572I');
insert into Mansione (Lavoro, Lavoratore) values ('DettagliInterni', 'NKUTXZ55R31C472O');
insert into Mansione (Lavoro, Lavoratore) values ('Fondamenta', 'QFSWDM90K28V299P');
insert into Mansione (Lavoro, Lavoratore) values ('Imbiancatura', 'RTRXTQ63A00Q452B');
insert into Mansione (Lavoro, Lavoratore) values ('InstallazioneInfissi', 'SSBLCW57S76E825W');
insert into Mansione (Lavoro, Lavoratore) values ('InstallazioneSensori', 'TEVGDD15W76D112T');
insert into Mansione (Lavoro, Lavoratore) values ('MessaInSicurezza', 'UHTQBK23U77C570D');
insert into Mansione (Lavoro, Lavoratore) values ('PreparazioneDelTerritorio', 'WJRTCC86V58G048O');
insert into Mansione (Lavoro, Lavoratore) values ('CostruzioneMurature', 'YSGAXE92J92X014M');
insert into Mansione (Lavoro, Lavoratore) values ('DelineazionePiani', 'ZLITPW75F11G965Z');
insert into Mansione (Lavoro, Lavoratore) values ('DettagliEsterni', 'CBXBGZ61A45D864Z');
insert into Mansione (Lavoro, Lavoratore) values ('DettagliInterni', 'GMHIJS33D78P821B');
insert into Mansione (Lavoro, Lavoratore) values ('Fondamenta', 'IZKRTR56E30S572I');
insert into Mansione (Lavoro, Lavoratore) values ('Imbiancatura', 'NKUTXZ55R31C472O');
insert into Mansione (Lavoro, Lavoratore) values ('InstallazioneInfissi', 'QFSWDM90K28V299P');
insert into Mansione (Lavoro, Lavoratore) values ('InstallazioneSensori', 'RTRXTQ63A00Q452B');
insert into Mansione (Lavoro, Lavoratore) values ('MessaInSicurezza', 'SSBLCW57S76E825W');
insert into Mansione (Lavoro, Lavoratore) values ('PreparazioneDelTerritorio', 'TEVGDD15W76D112T');
insert into Mansione (Lavoro, Lavoratore) values ('CostruzioneMurature', 'UHTQBK23U77C570D');
insert into Mansione (Lavoro, Lavoratore) values ('DelineazionePiani', 'WJRTCC86V58G048O');
insert into Mansione (Lavoro, Lavoratore) values ('DettagliEsterni', 'YSGAXE92J92X014M');
insert into Mansione (Lavoro, Lavoratore) values ('DettagliInterni', 'ZLITPW75F11G965Z');
insert into Mansione (Lavoro, Lavoratore) values ('Fondamenta', 'CBXBGZ61A45D864Z');
insert into Mansione (Lavoro, Lavoratore) values ('Imbiancatura', 'GMHIJS33D78P821B');
insert into Mansione (Lavoro, Lavoratore) values ('InstallazioneInfissi', 'IZKRTR56E30S572I');
insert into Mansione (Lavoro, Lavoratore) values ('InstallazioneSensori', 'NKUTXZ55R31C472O');
insert into Mansione (Lavoro, Lavoratore) values ('MessaInSicurezza', 'QFSWDM90K28V299P');
insert into Mansione (Lavoro, Lavoratore) values ('PreparazioneDelTerritorio', 'RTRXTQ63A00Q452B');
insert into Mansione (Lavoro, Lavoratore) values ('CostruzioneMurature', 'SSBLCW57S76E825W');
insert into Mansione (Lavoro, Lavoratore) values ('DelineazionePiani', 'TEVGDD15W76D112T');
insert into Mansione (Lavoro, Lavoratore) values ('DettagliEsterni', 'UHTQBK23U77C570D');
insert into Mansione (Lavoro, Lavoratore) values ('DettagliInterni', 'WJRTCC86V58G048O');
insert into Mansione (Lavoro, Lavoratore) values ('Fondamenta', 'YSGAXE92J92X014M');
insert into Mansione (Lavoro, Lavoratore) values ('Imbiancatura', 'ZLITPW75F11G965Z');
insert into Mansione (Lavoro, Lavoratore) values ('InstallazioneInfissi', 'CBXBGZ61A45D864Z');
insert into Mansione (Lavoro, Lavoratore) values ('InstallazioneSensori', 'GMHIJS33D78P821B');
insert into Mansione (Lavoro, Lavoratore) values ('MessaInSicurezza', 'IZKRTR56E30S572I');
insert into Mansione (Lavoro, Lavoratore) values ('PreparazioneDelTerritorio', 'NKUTXZ55R31C472O');
insert into Mansione (Lavoro, Lavoratore) values ('CostruzioneMurature', 'QFSWDM90K28V299P');
insert into Mansione (Lavoro, Lavoratore) values ('DelineazionePiani', 'RTRXTQ63A00Q452B');
insert into Mansione (Lavoro, Lavoratore) values ('DettagliEsterni', 'SSBLCW57S76E825W');
insert into Mansione (Lavoro, Lavoratore) values ('DettagliInterni', 'TEVGDD15W76D112T');
insert into Mansione (Lavoro, Lavoratore) values ('Fondamenta', 'UHTQBK23U77C570D');
insert into Mansione (Lavoro, Lavoratore) values ('Imbiancatura', 'WJRTCC86V58G048O');
insert into Mansione (Lavoro, Lavoratore) values ('InstallazioneInfissi', 'YSGAXE92J92X014M');
insert into Mansione (Lavoro, Lavoratore) values ('InstallazioneSensori', 'ZLITPW75F11G965Z');
insert into Mansione (Lavoro, Lavoratore) values ('MessaInSicurezza', 'CBXBGZ61A45D864Z');
insert into Mansione (Lavoro, Lavoratore) values ('PreparazioneDelTerritorio', 'GMHIJS33D78P821B');
insert into Mansione (Lavoro, Lavoratore) values ('CostruzioneMurature', 'IZKRTR56E30S572I');
insert into Mansione (Lavoro, Lavoratore) values ('DelineazionePiani', 'NKUTXZ55R31C472O');
insert into Mansione (Lavoro, Lavoratore) values ('DettagliEsterni', 'QFSWDM90K28V299P');
insert into Mansione (Lavoro, Lavoratore) values ('DettagliInterni', 'RTRXTQ63A00Q452B');
insert into Mansione (Lavoro, Lavoratore) values ('Fondamenta', 'SSBLCW57S76E825W');
insert into Mansione (Lavoro, Lavoratore) values ('Imbiancatura', 'TEVGDD15W76D112T');
insert into Mansione (Lavoro, Lavoratore) values ('InstallazioneInfissi', 'UHTQBK23U77C570D');
insert into Mansione (Lavoro, Lavoratore) values ('InstallazioneSensori', 'WJRTCC86V58G048O');
insert into Mansione (Lavoro, Lavoratore) values ('MessaInSicurezza', 'YSGAXE92J92X014M');
insert into Mansione (Lavoro, Lavoratore) values ('PreparazioneDelTerritorio', 'ZLITPW75F11G965Z');

insert into MaterialeGenerico (CodiceLotto, Nome, DataAcquisto, Costomq, Costoquintale, NomeFornitore, Quantita, Costituzione, Larghezza, Lunghezza, Spessore) values ('0690010', 'Legno', '1971-07-21', null, 8, 'MonteOlimpoSPA', 28, 'CertificataSecondoLaNormaVigente', 8, 10, 7);
insert into MaterialeGenerico (CodiceLotto, Nome, DataAcquisto, Costomq, Costoquintale, NomeFornitore, Quantita, Costituzione, Larghezza, Lunghezza, Spessore) values ('4171326', 'Cemento', '2022-08-28', null, 15, 'MonteOlimpoSPA', 24, 'CertificataSecondoLaNormaVigente', 8, 3, 3);
insert into MaterialeGenerico (CodiceLotto, Nome, DataAcquisto, Costomq, Costoquintale, NomeFornitore, Quantita, Costituzione, Larghezza, Lunghezza, Spessore) values ('0225806', 'Ghiaia', '2002-06-28', null, 25, 'ThorSRL', 25, 'CertificataSecondoLaNormaVigente', 3, 7, 7);
insert into MaterialeGenerico (CodiceLotto, Nome, DataAcquisto, Costomq, Costoquintale, NomeFornitore, Quantita, Costituzione, Larghezza, Lunghezza, Spessore) values ('1624697', 'Sabbia', '1977-09-02', null, 30, 'MonteOlimpoSPA', 34, 'CertificataSecondoLaNormaVigente', 3, 9, 3);
insert into MaterialeGenerico (CodiceLotto, Nome, DataAcquisto, Costomq, Costoquintale, NomeFornitore, Quantita, Costituzione, Larghezza, Lunghezza, Spessore) values ('8452162', 'Terra', '1980-07-13', null, 50, 'Colorama', 30, 'CertificataSecondoLaNormaVigente', 1, 8, 8);
insert into MaterialeGenerico (CodiceLotto, Nome, DataAcquisto, Costomq, Costoquintale, NomeFornitore, Quantita, Costituzione, Larghezza, Lunghezza, Spessore) values ('9160957', 'Ghisa', '2016-10-19', null, 43, 'PellegriniSRL', 35, 'CertificataSecondoLaNormaVigente', 5, 7, 2);
insert into MaterialeGenerico (CodiceLotto, Nome, DataAcquisto, Costomq, Costoquintale, NomeFornitore, Quantita, Costituzione, Larghezza, Lunghezza, Spessore) values ('1023246', 'Ferro', '2009-03-01', null, 8, 'IronManSRL', 19, 'CertificataSecondoLaNormaVigente', 1, 10, 3);
insert into MaterialeGenerico (CodiceLotto, Nome, DataAcquisto, Costomq, Costoquintale, NomeFornitore, Quantita, Costituzione, Larghezza, Lunghezza, Spessore) values ('9367164', 'Acciaio', '1977-02-26', null, 15, 'IronManSRL', 15, 'CertificataSecondoLaNormaVigente', 4, 6, 9);
insert into MaterialeGenerico (CodiceLotto, Nome, DataAcquisto, Costomq, Costoquintale, NomeFornitore, Quantita, Costituzione, Larghezza, Lunghezza, Spessore) values ('2920935', 'Legno', '2018-01-19', null, 25, 'MrBrico', 12, 'CertificataSecondoLaNormaVigente', 2, 2, 1);
insert into MaterialeGenerico (CodiceLotto, Nome, DataAcquisto, Costomq, Costoquintale, NomeFornitore, Quantita, Costituzione, Larghezza, Lunghezza, Spessore) values ('1778386', 'Cemento', '1988-06-30', null, 30, 'Colorama', 32, 'CertificataSecondoLaNormaVigente', 10, 5, 9);
insert into MaterialeGenerico (CodiceLotto, Nome, DataAcquisto, Costomq, Costoquintale, NomeFornitore, Quantita, Costituzione, Larghezza, Lunghezza, Spessore) values ('4964544', 'Ghiaia', '1998-10-25', null, 50, 'Colorama', 18, 'CertificataSecondoLaNormaVigente', 5, 8, 4);
insert into MaterialeGenerico (CodiceLotto, Nome, DataAcquisto, Costomq, Costoquintale, NomeFornitore, Quantita, Costituzione, Larghezza, Lunghezza, Spessore) values ('2895880', 'Sabbia', '1980-04-29', null, 43, 'ThorSRL', 1, 'CertificataSecondoLaNormaVigente', 1, 1, 10);
insert into MaterialeGenerico (CodiceLotto, Nome, DataAcquisto, Costomq, Costoquintale, NomeFornitore, Quantita, Costituzione, Larghezza, Lunghezza, Spessore) values ('0628874', 'Terra', '2013-02-26', null, 8, 'MrBrico', 2, 'CertificataSecondoLaNormaVigente', 1, 4, 4);
insert into MaterialeGenerico (CodiceLotto, Nome, DataAcquisto, Costomq, Costoquintale, NomeFornitore, Quantita, Costituzione, Larghezza, Lunghezza, Spessore) values ('4274595', 'Ghisa', '1985-07-30', null, 15, 'IronManSRL', 13, 'CertificataSecondoLaNormaVigente', 2, 7, 2);
insert into MaterialeGenerico (CodiceLotto, Nome, DataAcquisto, Costomq, Costoquintale, NomeFornitore, Quantita, Costituzione, Larghezza, Lunghezza, Spessore) values ('2507412', 'Ferro', '2010-08-29', null, 25, 'PellegriniSRL', 30, 'CertificataSecondoLaNormaVigente', 10, 2, 7);
insert into MaterialeGenerico (CodiceLotto, Nome, DataAcquisto, Costomq, Costoquintale, NomeFornitore, Quantita, Costituzione, Larghezza, Lunghezza, Spessore) values ('4836319', 'Acciaio', '2014-07-26', null, 30, 'PellegriniSRL', 25, 'CertificataSecondoLaNormaVigente', 10, 10, 2);
insert into MaterialeGenerico (CodiceLotto, Nome, DataAcquisto, Costomq, Costoquintale, NomeFornitore, Quantita, Costituzione, Larghezza, Lunghezza, Spessore) values ('8689021', 'Legno', '1972-03-07', null, 50, 'MrBrico', 27, 'CertificataSecondoLaNormaVigente', 10, 7, 9);
insert into MaterialeGenerico (CodiceLotto, Nome, DataAcquisto, Costomq, Costoquintale, NomeFornitore, Quantita, Costituzione, Larghezza, Lunghezza, Spessore) values ('9730772', 'Cemento', '2001-07-28', null, 43, 'Colorama', 1, 'CertificataSecondoLaNormaVigente', 8, 9, 1);
insert into MaterialeGenerico (CodiceLotto, Nome, DataAcquisto, Costomq, Costoquintale, NomeFornitore, Quantita, Costituzione, Larghezza, Lunghezza, Spessore) values ('3184953', 'Ghiaia', '1977-09-02', null, 8, 'MrBrico', 26, 'CertificataSecondoLaNormaVigente', 3, 1, 3);
insert into MaterialeGenerico (CodiceLotto, Nome, DataAcquisto, Costomq, Costoquintale, NomeFornitore, Quantita, Costituzione, Larghezza, Lunghezza, Spessore) values ('5290953', 'Sabbia', '2022-10-05', null, 15, 'IronManSRL', 22, 'CertificataSecondoLaNormaVigente', 8, 3, 5);
insert into MaterialeGenerico (CodiceLotto, Nome, DataAcquisto, Costomq, Costoquintale, NomeFornitore, Quantita, Costituzione, Larghezza, Lunghezza, Spessore) values ('2080768', 'Terra', '1990-08-30', null, 25, 'PellegriniSRL', 32, 'CertificataSecondoLaNormaVigente', 7, 2, 5);
insert into MaterialeGenerico (CodiceLotto, Nome, DataAcquisto, Costomq, Costoquintale, NomeFornitore, Quantita, Costituzione, Larghezza, Lunghezza, Spessore) values ('3967587', 'Ghisa', '1987-09-08', null, 30, 'Colorama', 7, 'CertificataSecondoLaNormaVigente', 6, 4, 3);
insert into MaterialeGenerico (CodiceLotto, Nome, DataAcquisto, Costomq, Costoquintale, NomeFornitore, Quantita, Costituzione, Larghezza, Lunghezza, Spessore) values ('8337177', 'Ferro', '1973-07-02', null, 50, 'Colorama', 1, 'CertificataSecondoLaNormaVigente', 2, 4, 8);
insert into MaterialeGenerico (CodiceLotto, Nome, DataAcquisto, Costomq, Costoquintale, NomeFornitore, Quantita, Costituzione, Larghezza, Lunghezza, Spessore) values ('1739450', 'Acciaio', '2007-02-27', null, 43, 'Colorama', 33, 'CertificataSecondoLaNormaVigente', 5, 6, 8);
insert into MaterialeGenerico (CodiceLotto, Nome, DataAcquisto, Costomq, Costoquintale, NomeFornitore, Quantita, Costituzione, Larghezza, Lunghezza, Spessore) values ('0757661', 'Legno', '1982-04-19', null, 8, 'Colorama', 25, 'CertificataSecondoLaNormaVigente', 9, 7, 8);
insert into MaterialeGenerico (CodiceLotto, Nome, DataAcquisto, Costomq, Costoquintale, NomeFornitore, Quantita, Costituzione, Larghezza, Lunghezza, Spessore) values ('2299090', 'Cemento', '2020-12-03', null, 15, 'ThorSRL', 3, 'CertificataSecondoLaNormaVigente', 1, 3, 3);
insert into MaterialeGenerico (CodiceLotto, Nome, DataAcquisto, Costomq, Costoquintale, NomeFornitore, Quantita, Costituzione, Larghezza, Lunghezza, Spessore) values ('5645583', 'Ghiaia', '2013-03-16', null, 25, 'PellegriniSRL', 30, 'CertificataSecondoLaNormaVigente', 7, 10, 3);
insert into MaterialeGenerico (CodiceLotto, Nome, DataAcquisto, Costomq, Costoquintale, NomeFornitore, Quantita, Costituzione, Larghezza, Lunghezza, Spessore) values ('2024502', 'Sabbia', '1974-10-18', null, 30, 'Colorama', 10, 'CertificataSecondoLaNormaVigente', 2, 4, 8);
insert into MaterialeGenerico (CodiceLotto, Nome, DataAcquisto, Costomq, Costoquintale, NomeFornitore, Quantita, Costituzione, Larghezza, Lunghezza, Spessore) values ('6976771', 'Terra', '1985-09-16', null, 50, 'Colorama', 25, 'CertificataSecondoLaNormaVigente', 4, 8, 1);
insert into MaterialeGenerico (CodiceLotto, Nome, DataAcquisto, Costomq, Costoquintale, NomeFornitore, Quantita, Costituzione, Larghezza, Lunghezza, Spessore) values ('3331531', 'Ghisa', '2003-05-19', null, 43, 'PellegriniSRL', 5, 'CertificataSecondoLaNormaVigente', 5, 9, 3);
insert into MaterialeGenerico (CodiceLotto, Nome, DataAcquisto, Costomq, Costoquintale, NomeFornitore, Quantita, Costituzione, Larghezza, Lunghezza, Spessore) values ('2721594', 'Ferro', '2014-06-15', null, 8, 'IronManSRL', 18, 'CertificataSecondoLaNormaVigente', 4, 1, 4);
insert into MaterialeGenerico (CodiceLotto, Nome, DataAcquisto, Costomq, Costoquintale, NomeFornitore, Quantita, Costituzione, Larghezza, Lunghezza, Spessore) values ('5959168', 'Acciaio', '2021-04-20', null, 15, 'MonteOlimpoSPA', 35, 'CertificataSecondoLaNormaVigente', 10, 10, 1);
insert into MaterialeGenerico (CodiceLotto, Nome, DataAcquisto, Costomq, Costoquintale, NomeFornitore, Quantita, Costituzione, Larghezza, Lunghezza, Spessore) values ('6807057', 'Legno', '2015-10-26', null, 25, 'PellegriniSRL', 24, 'CertificataSecondoLaNormaVigente', 2, 8, 10);
insert into MaterialeGenerico (CodiceLotto, Nome, DataAcquisto, Costomq, Costoquintale, NomeFornitore, Quantita, Costituzione, Larghezza, Lunghezza, Spessore) values ('1795462', 'Cemento', '1999-08-30', null, 30, 'ThorSRL', 14, 'CertificataSecondoLaNormaVigente', 1, 3, 8);
insert into MaterialeGenerico (CodiceLotto, Nome, DataAcquisto, Costomq, Costoquintale, NomeFornitore, Quantita, Costituzione, Larghezza, Lunghezza, Spessore) values ('0963285', 'Ghiaia', '2002-08-31', null, 50, 'Colorama', 22, 'CertificataSecondoLaNormaVigente', 2, 10, 9);
insert into MaterialeGenerico (CodiceLotto, Nome, DataAcquisto, Costomq, Costoquintale, NomeFornitore, Quantita, Costituzione, Larghezza, Lunghezza, Spessore) values ('3292744', 'Sabbia', '1976-09-01', null, 43, 'ThorSRL', 31, 'CertificataSecondoLaNormaVigente', 5, 6, 8);
insert into MaterialeGenerico (CodiceLotto, Nome, DataAcquisto, Costomq, Costoquintale, NomeFornitore, Quantita, Costituzione, Larghezza, Lunghezza, Spessore) values ('3120052', 'Terra', '2001-10-31', null, 8, 'Colorama', 12, 'CertificataSecondoLaNormaVigente', 3, 7, 2);
insert into MaterialeGenerico (CodiceLotto, Nome, DataAcquisto, Costomq, Costoquintale, NomeFornitore, Quantita, Costituzione, Larghezza, Lunghezza, Spessore) values ('1577140', 'Ghisa', '1976-05-01', null, 15, 'Colorama', 4, 'CertificataSecondoLaNormaVigente', 10, 5, 4);
insert into MaterialeGenerico (CodiceLotto, Nome, DataAcquisto, Costomq, Costoquintale, NomeFornitore, Quantita, Costituzione, Larghezza, Lunghezza, Spessore) values ('0467404', 'Ferro', '1978-11-24', null, 25, 'PellegriniSRL', 24, 'CertificataSecondoLaNormaVigente', 9, 10, 5);
insert into MaterialeGenerico (CodiceLotto, Nome, DataAcquisto, Costomq, Costoquintale, NomeFornitore, Quantita, Costituzione, Larghezza, Lunghezza, Spessore) values ('0916255', 'Acciaio', '2021-10-01', null, 30, 'PellegriniSRL', 6, 'CertificataSecondoLaNormaVigente', 6, 3, 3);
insert into MaterialeGenerico (CodiceLotto, Nome, DataAcquisto, Costomq, Costoquintale, NomeFornitore, Quantita, Costituzione, Larghezza, Lunghezza, Spessore) values ('3197143', 'Legno', '2017-02-10', null, 50, 'MonteOlimpoSPA', 18, 'CertificataSecondoLaNormaVigente', 7, 5, 8);
insert into MaterialeGenerico (CodiceLotto, Nome, DataAcquisto, Costomq, Costoquintale, NomeFornitore, Quantita, Costituzione, Larghezza, Lunghezza, Spessore) values ('2947797', 'Cemento', '2017-11-16', null, 43, 'MrBrico', 5, 'CertificataSecondoLaNormaVigente', 3, 4, 2);
insert into MaterialeGenerico (CodiceLotto, Nome, DataAcquisto, Costomq, Costoquintale, NomeFornitore, Quantita, Costituzione, Larghezza, Lunghezza, Spessore) values ('0725691', 'Ghiaia', '2002-05-26', null, 8, 'PellegriniSRL', 27, 'CertificataSecondoLaNormaVigente', 10, 4, 1);
insert into MaterialeGenerico (CodiceLotto, Nome, DataAcquisto, Costomq, Costoquintale, NomeFornitore, Quantita, Costituzione, Larghezza, Lunghezza, Spessore) values ('9021696', 'Sabbia', '2001-03-29', null, 15, 'PellegriniSRL', 10, 'CertificataSecondoLaNormaVigente', 4, 6, 8);
insert into MaterialeGenerico (CodiceLotto, Nome, DataAcquisto, Costomq, Costoquintale, NomeFornitore, Quantita, Costituzione, Larghezza, Lunghezza, Spessore) values ('3964582', 'Terra', '1985-06-26', null, 25, 'MonteOlimpoSPA', 5, 'CertificataSecondoLaNormaVigente', 8, 2, 5);
insert into MaterialeGenerico (CodiceLotto, Nome, DataAcquisto, Costomq, Costoquintale, NomeFornitore, Quantita, Costituzione, Larghezza, Lunghezza, Spessore) values ('9167014', 'Ghisa', '2005-09-22', null, 30, 'MonteOlimpoSPA', 24, 'CertificataSecondoLaNormaVigente', 2, 1, 2);
insert into MaterialeGenerico (CodiceLotto, Nome, DataAcquisto, Costomq, Costoquintale, NomeFornitore, Quantita, Costituzione, Larghezza, Lunghezza, Spessore) values ('9204242', 'Ferro', '1980-09-14', null, 50, 'MonteOlimpoSPA', 11, 'CertificataSecondoLaNormaVigente', 10, 10, 3);
insert into MaterialeGenerico (CodiceLotto, Nome, DataAcquisto, Costomq, Costoquintale, NomeFornitore, Quantita, Costituzione, Larghezza, Lunghezza, Spessore) values ('9547739', 'Acciaio', '1992-12-21', null, 43, 'ThorSRL', 14, 'CertificataSecondoLaNormaVigente', 6, 2, 10);
insert into MaterialeGenerico (CodiceLotto, Nome, DataAcquisto, Costomq, Costoquintale, NomeFornitore, Quantita, Costituzione, Larghezza, Lunghezza, Spessore) values ('7303286', 'Legno', '1999-11-15', null, 8, 'MrBrico', 35, 'CertificataSecondoLaNormaVigente', 3, 4, 5);
insert into MaterialeGenerico (CodiceLotto, Nome, DataAcquisto, Costomq, Costoquintale, NomeFornitore, Quantita, Costituzione, Larghezza, Lunghezza, Spessore) values ('4904170', 'Cemento', '1974-03-07', null, 15, 'IronManSRL', 32, 'CertificataSecondoLaNormaVigente', 6, 1, 2);
insert into MaterialeGenerico (CodiceLotto, Nome, DataAcquisto, Costomq, Costoquintale, NomeFornitore, Quantita, Costituzione, Larghezza, Lunghezza, Spessore) values ('2666530', 'Ghiaia', '1997-02-09', null, 25, 'MrBrico', 33, 'CertificataSecondoLaNormaVigente', 1, 5, 3);
insert into MaterialeGenerico (CodiceLotto, Nome, DataAcquisto, Costomq, Costoquintale, NomeFornitore, Quantita, Costituzione, Larghezza, Lunghezza, Spessore) values ('3893042', 'Sabbia', '2007-05-15', null, 30, 'MrBrico', 25, 'CertificataSecondoLaNormaVigente', 10, 10, 5);
insert into MaterialeGenerico (CodiceLotto, Nome, DataAcquisto, Costomq, Costoquintale, NomeFornitore, Quantita, Costituzione, Larghezza, Lunghezza, Spessore) values ('8261045', 'Terra', '2014-04-23', null, 50, 'Colorama', 10, 'CertificataSecondoLaNormaVigente', 4, 7, 6);
insert into MaterialeGenerico (CodiceLotto, Nome, DataAcquisto, Costomq, Costoquintale, NomeFornitore, Quantita, Costituzione, Larghezza, Lunghezza, Spessore) values ('3695268', 'Ghisa', '2010-09-24', null, 43, 'IronManSRL', 21, 'CertificataSecondoLaNormaVigente', 10, 2, 4);
insert into MaterialeGenerico (CodiceLotto, Nome, DataAcquisto, Costomq, Costoquintale, NomeFornitore, Quantita, Costituzione, Larghezza, Lunghezza, Spessore) values ('6726483', 'Ferro', '2001-05-19', null, 8, 'IronManSRL', 28, 'CertificataSecondoLaNormaVigente', 1, 1, 8);
insert into MaterialeGenerico (CodiceLotto, Nome, DataAcquisto, Costomq, Costoquintale, NomeFornitore, Quantita, Costituzione, Larghezza, Lunghezza, Spessore) values ('1821044', 'Acciaio', '2002-08-24', null, 15, 'MrBrico', 17, 'CertificataSecondoLaNormaVigente', 5, 3, 4);
insert into MaterialeGenerico (CodiceLotto, Nome, DataAcquisto, Costomq, Costoquintale, NomeFornitore, Quantita, Costituzione, Larghezza, Lunghezza, Spessore) values ('5464446', 'Legno', '1976-01-20', null, 25, 'MrBrico', 8, 'CertificataSecondoLaNormaVigente', 8, 8, 3);
insert into MaterialeGenerico (CodiceLotto, Nome, DataAcquisto, Costomq, Costoquintale, NomeFornitore, Quantita, Costituzione, Larghezza, Lunghezza, Spessore) values ('9752067', 'Cemento', '1985-09-17', null, 30, 'MrBrico', 26, 'CertificataSecondoLaNormaVigente', 4, 9, 9);
insert into MaterialeGenerico (CodiceLotto, Nome, DataAcquisto, Costomq, Costoquintale, NomeFornitore, Quantita, Costituzione, Larghezza, Lunghezza, Spessore) values ('1390248', 'Ghiaia', '1973-04-10', null, 50, 'PellegriniSRL', 13, 'CertificataSecondoLaNormaVigente', 2, 10, 5);
insert into MaterialeGenerico (CodiceLotto, Nome, DataAcquisto, Costomq, Costoquintale, NomeFornitore, Quantita, Costituzione, Larghezza, Lunghezza, Spessore) values ('1877655', 'Sabbia', '2009-11-10', null, 43, 'ThorSRL', 28, 'CertificataSecondoLaNormaVigente', 6, 5, 4);
insert into MaterialeGenerico (CodiceLotto, Nome, DataAcquisto, Costomq, Costoquintale, NomeFornitore, Quantita, Costituzione, Larghezza, Lunghezza, Spessore) values ('0480677', 'Terra', '1980-11-30', null, 8, 'MonteOlimpoSPA', 11, 'CertificataSecondoLaNormaVigente', 8, 4, 2);
insert into MaterialeGenerico (CodiceLotto, Nome, DataAcquisto, Costomq, Costoquintale, NomeFornitore, Quantita, Costituzione, Larghezza, Lunghezza, Spessore) values ('9410305', 'Ghisa', '1992-12-25', null, 15, 'IronManSRL', 25, 'CertificataSecondoLaNormaVigente', 1, 4, 9);
insert into MaterialeGenerico (CodiceLotto, Nome, DataAcquisto, Costomq, Costoquintale, NomeFornitore, Quantita, Costituzione, Larghezza, Lunghezza, Spessore) values ('6189633', 'Ferro', '2006-07-20', null, 25, 'MrBrico', 33, 'CertificataSecondoLaNormaVigente', 6, 4, 4);
insert into MaterialeGenerico (CodiceLotto, Nome, DataAcquisto, Costomq, Costoquintale, NomeFornitore, Quantita, Costituzione, Larghezza, Lunghezza, Spessore) values ('8526981', 'Acciaio', '2002-10-20', null, 30, 'IronManSRL', 9, 'CertificataSecondoLaNormaVigente', 1, 9, 3);
insert into MaterialeGenerico (CodiceLotto, Nome, DataAcquisto, Costomq, Costoquintale, NomeFornitore, Quantita, Costituzione, Larghezza, Lunghezza, Spessore) values ('4060853', 'Legno', '2005-08-05', null, 50, 'MrBrico', 5, 'CertificataSecondoLaNormaVigente', 6, 5, 9);
insert into MaterialeGenerico (CodiceLotto, Nome, DataAcquisto, Costomq, Costoquintale, NomeFornitore, Quantita, Costituzione, Larghezza, Lunghezza, Spessore) values ('7213961', 'Cemento', '1983-11-23', null, 43, 'MrBrico', 23, 'CertificataSecondoLaNormaVigente', 2, 10, 10);
insert into MaterialeGenerico (CodiceLotto, Nome, DataAcquisto, Costomq, Costoquintale, NomeFornitore, Quantita, Costituzione, Larghezza, Lunghezza, Spessore) values ('0989769', 'Ghiaia', '1985-07-24', null, 8, 'ThorSRL', 24, 'CertificataSecondoLaNormaVigente', 9, 9, 5);
insert into MaterialeGenerico (CodiceLotto, Nome, DataAcquisto, Costomq, Costoquintale, NomeFornitore, Quantita, Costituzione, Larghezza, Lunghezza, Spessore) values ('0751977', 'Sabbia', '2008-10-27', null, 15, 'MonteOlimpoSPA', 6, 'CertificataSecondoLaNormaVigente', 5, 10, 9);
insert into MaterialeGenerico (CodiceLotto, Nome, DataAcquisto, Costomq, Costoquintale, NomeFornitore, Quantita, Costituzione, Larghezza, Lunghezza, Spessore) values ('9464677', 'Terra', '1981-10-26', null, 25, 'IronManSRL', 1, 'CertificataSecondoLaNormaVigente', 10, 3, 9);
insert into MaterialeGenerico (CodiceLotto, Nome, DataAcquisto, Costomq, Costoquintale, NomeFornitore, Quantita, Costituzione, Larghezza, Lunghezza, Spessore) values ('0595168', 'Ghisa', '1972-05-17', null, 30, 'MrBrico', 35, 'CertificataSecondoLaNormaVigente', 10, 9, 4);
insert into MaterialeGenerico (CodiceLotto, Nome, DataAcquisto, Costomq, Costoquintale, NomeFornitore, Quantita, Costituzione, Larghezza, Lunghezza, Spessore) values ('5058502', 'Ferro', '1995-08-13', null, 50, 'IronManSRL', 13, 'CertificataSecondoLaNormaVigente', 6, 1, 7);
insert into MaterialeGenerico (CodiceLotto, Nome, DataAcquisto, Costomq, Costoquintale, NomeFornitore, Quantita, Costituzione, Larghezza, Lunghezza, Spessore) values ('7290464', 'Acciaio', '2015-11-08', null, 43, 'ThorSRL', 22, 'CertificataSecondoLaNormaVigente', 9, 2, 8);
insert into MaterialeGenerico (CodiceLotto, Nome, DataAcquisto, Costomq, Costoquintale, NomeFornitore, Quantita, Costituzione, Larghezza, Lunghezza, Spessore) values ('8984781', 'Legno', '1976-12-15', null, 8, 'IronManSRL', 8, 'CertificataSecondoLaNormaVigente', 7, 1, 4);
insert into MaterialeGenerico (CodiceLotto, Nome, DataAcquisto, Costomq, Costoquintale, NomeFornitore, Quantita, Costituzione, Larghezza, Lunghezza, Spessore) values ('0082773', 'Cemento', '1997-10-10', null, 15, 'MonteOlimpoSPA', 2, 'CertificataSecondoLaNormaVigente', 6, 5, 3);
insert into MaterialeGenerico (CodiceLotto, Nome, DataAcquisto, Costomq, Costoquintale, NomeFornitore, Quantita, Costituzione, Larghezza, Lunghezza, Spessore) values ('1720063', 'Ghiaia', '1998-10-31', null, 25, 'MonteOlimpoSPA', 30, 'CertificataSecondoLaNormaVigente', 3, 6, 5);
insert into MaterialeGenerico (CodiceLotto, Nome, DataAcquisto, Costomq, Costoquintale, NomeFornitore, Quantita, Costituzione, Larghezza, Lunghezza, Spessore) values ('3140465', 'Sabbia', '2003-02-01', null, 30, 'IronManSRL', 22, 'CertificataSecondoLaNormaVigente', 5, 7, 4);
insert into MaterialeGenerico (CodiceLotto, Nome, DataAcquisto, Costomq, Costoquintale, NomeFornitore, Quantita, Costituzione, Larghezza, Lunghezza, Spessore) values ('0967608', 'Terra', '1993-06-14', null, 50, 'MrBrico', 15, 'CertificataSecondoLaNormaVigente', 5, 6, 10);
insert into MaterialeGenerico (CodiceLotto, Nome, DataAcquisto, Costomq, Costoquintale, NomeFornitore, Quantita, Costituzione, Larghezza, Lunghezza, Spessore) values ('1794951', 'Ghisa', '1973-02-21', null, 43, 'MonteOlimpoSPA', 18, 'CertificataSecondoLaNormaVigente', 4, 9, 10);
insert into MaterialeGenerico (CodiceLotto, Nome, DataAcquisto, Costomq, Costoquintale, NomeFornitore, Quantita, Costituzione, Larghezza, Lunghezza, Spessore) values ('5420044', 'Ferro', '1981-11-26', null, 8, 'ThorSRL', 4, 'CertificataSecondoLaNormaVigente', 5, 10, 8);
insert into MaterialeGenerico (CodiceLotto, Nome, DataAcquisto, Costomq, Costoquintale, NomeFornitore, Quantita, Costituzione, Larghezza, Lunghezza, Spessore) values ('7880159', 'Acciaio', '1999-06-22', null, 15, 'PellegriniSRL', 34, 'CertificataSecondoLaNormaVigente', 6, 3, 1);
insert into MaterialeGenerico (CodiceLotto, Nome, DataAcquisto, Costomq, Costoquintale, NomeFornitore, Quantita, Costituzione, Larghezza, Lunghezza, Spessore) values ('0599886', 'Legno', '1973-09-11', null, 25, 'MrBrico', 15, 'CertificataSecondoLaNormaVigente', 7, 1, 6);
insert into MaterialeGenerico (CodiceLotto, Nome, DataAcquisto, Costomq, Costoquintale, NomeFornitore, Quantita, Costituzione, Larghezza, Lunghezza, Spessore) values ('9583581', 'Cemento', '2015-03-17', null, 30, 'Colorama', 4, 'CertificataSecondoLaNormaVigente', 7, 9, 5);
insert into MaterialeGenerico (CodiceLotto, Nome, DataAcquisto, Costomq, Costoquintale, NomeFornitore, Quantita, Costituzione, Larghezza, Lunghezza, Spessore) values ('4604457', 'Ghiaia', '2015-03-25', null, 50, 'IronManSRL', 31, 'CertificataSecondoLaNormaVigente', 3, 2, 5);
insert into MaterialeGenerico (CodiceLotto, Nome, DataAcquisto, Costomq, Costoquintale, NomeFornitore, Quantita, Costituzione, Larghezza, Lunghezza, Spessore) values ('9202021', 'Sabbia', '2018-09-21', null, 43, 'IronManSRL', 13, 'CertificataSecondoLaNormaVigente', 5, 4, 5);
insert into MaterialeGenerico (CodiceLotto, Nome, DataAcquisto, Costomq, Costoquintale, NomeFornitore, Quantita, Costituzione, Larghezza, Lunghezza, Spessore) values ('4227924', 'Terra', '1981-09-16', null, 8, 'MonteOlimpoSPA', 6, 'CertificataSecondoLaNormaVigente', 10, 1, 2);
insert into MaterialeGenerico (CodiceLotto, Nome, DataAcquisto, Costomq, Costoquintale, NomeFornitore, Quantita, Costituzione, Larghezza, Lunghezza, Spessore) values ('1426093', 'Ghisa', '1991-03-21', null, 15, 'ThorSRL', 35, 'CertificataSecondoLaNormaVigente', 10, 9, 3);
insert into MaterialeGenerico (CodiceLotto, Nome, DataAcquisto, Costomq, Costoquintale, NomeFornitore, Quantita, Costituzione, Larghezza, Lunghezza, Spessore) values ('3835381', 'Ferro', '2008-02-04', null, 25, 'ThorSRL', 35, 'CertificataSecondoLaNormaVigente', 9, 10, 3);
insert into MaterialeGenerico (CodiceLotto, Nome, DataAcquisto, Costomq, Costoquintale, NomeFornitore, Quantita, Costituzione, Larghezza, Lunghezza, Spessore) values ('7471156', 'Acciaio', '1993-07-01', null, 30, 'MonteOlimpoSPA', 24, 'CertificataSecondoLaNormaVigente', 5, 2, 1);
insert into MaterialeGenerico (CodiceLotto, Nome, DataAcquisto, Costomq, Costoquintale, NomeFornitore, Quantita, Costituzione, Larghezza, Lunghezza, Spessore) values ('0437019', 'Legno', '1988-08-26', null, 50, 'IronManSRL', 5, 'CertificataSecondoLaNormaVigente', 8, 6, 7);
insert into MaterialeGenerico (CodiceLotto, Nome, DataAcquisto, Costomq, Costoquintale, NomeFornitore, Quantita, Costituzione, Larghezza, Lunghezza, Spessore) values ('6409212', 'Cemento', '2008-05-20', null, 43, 'Colorama', 11, 'CertificataSecondoLaNormaVigente', 2, 2, 7);
insert into MaterialeGenerico (CodiceLotto, Nome, DataAcquisto, Costomq, Costoquintale, NomeFornitore, Quantita, Costituzione, Larghezza, Lunghezza, Spessore) values ('8054767', 'Ghiaia', '1972-10-31', null, 8, 'Colorama', 20, 'CertificataSecondoLaNormaVigente', 8, 3, 6);
insert into MaterialeGenerico (CodiceLotto, Nome, DataAcquisto, Costomq, Costoquintale, NomeFornitore, Quantita, Costituzione, Larghezza, Lunghezza, Spessore) values ('6644294', 'Sabbia', '2001-09-03', null, 15, 'MrBrico', 35, 'CertificataSecondoLaNormaVigente', 5, 6, 3);
insert into MaterialeGenerico (CodiceLotto, Nome, DataAcquisto, Costomq, Costoquintale, NomeFornitore, Quantita, Costituzione, Larghezza, Lunghezza, Spessore) values ('3133049', 'Terra', '2015-12-31', null, 25, 'IronManSRL', 13, 'CertificataSecondoLaNormaVigente', 10, 9, 7);
insert into MaterialeGenerico (CodiceLotto, Nome, DataAcquisto, Costomq, Costoquintale, NomeFornitore, Quantita, Costituzione, Larghezza, Lunghezza, Spessore) values ('8283142', 'Ghisa', '1988-10-01', null, 30, 'Colorama', 33, 'CertificataSecondoLaNormaVigente', 3, 7, 3);
insert into MaterialeGenerico (CodiceLotto, Nome, DataAcquisto, Costomq, Costoquintale, NomeFornitore, Quantita, Costituzione, Larghezza, Lunghezza, Spessore) values ('3170477', 'Ferro', '2014-10-07', null, 50, 'MrBrico', 25, 'CertificataSecondoLaNormaVigente', 3, 4, 3);
insert into MaterialeGenerico (CodiceLotto, Nome, DataAcquisto, Costomq, Costoquintale, NomeFornitore, Quantita, Costituzione, Larghezza, Lunghezza, Spessore) values ('4886640', 'Acciaio', '1974-08-25', null, 43, 'Colorama', 12, 'CertificataSecondoLaNormaVigente', 10, 9, 1);
insert into MaterialeGenerico (CodiceLotto, Nome, DataAcquisto, Costomq, Costoquintale, NomeFornitore, Quantita, Costituzione, Larghezza, Lunghezza, Spessore) values ('2995114', 'Legno', '1977-03-05', null, 8, 'MrBrico', 5, 'CertificataSecondoLaNormaVigente', 1, 10, 8);
insert into MaterialeGenerico (CodiceLotto, Nome, DataAcquisto, Costomq, Costoquintale, NomeFornitore, Quantita, Costituzione, Larghezza, Lunghezza, Spessore) values ('0076797', 'Cemento', '1987-12-20', null, 15, 'Colorama', 3, 'CertificataSecondoLaNormaVigente', 6, 4, 4);
insert into MaterialeGenerico (CodiceLotto, Nome, DataAcquisto, Costomq, Costoquintale, NomeFornitore, Quantita, Costituzione, Larghezza, Lunghezza, Spessore) values ('4920864', 'Ghiaia', '1971-12-12', null, 25, 'ThorSRL', 17, 'CertificataSecondoLaNormaVigente', 9, 4, 7);
insert into MaterialeGenerico (CodiceLotto, Nome, DataAcquisto, Costomq, Costoquintale, NomeFornitore, Quantita, Costituzione, Larghezza, Lunghezza, Spessore) values ('5319258', 'Sabbia', '1981-07-25', null, 30, 'Colorama', 17, 'CertificataSecondoLaNormaVigente', 1, 1, 2);
insert into MaterialeGenerico (CodiceLotto, Nome, DataAcquisto, Costomq, Costoquintale, NomeFornitore, Quantita, Costituzione, Larghezza, Lunghezza, Spessore) values ('0274134', 'Terra', '1989-10-06', null, 50, 'MrBrico', 6, 'CertificataSecondoLaNormaVigente', 5, 8, 10);
insert into MaterialeGenerico (CodiceLotto, Nome, DataAcquisto, Costomq, Costoquintale, NomeFornitore, Quantita, Costituzione, Larghezza, Lunghezza, Spessore) values ('3172141', 'Ghisa', '2002-01-23', null, 43, 'PellegriniSRL', 4, 'CertificataSecondoLaNormaVigente', 4, 9, 10);
insert into MaterialeGenerico (CodiceLotto, Nome, DataAcquisto, Costomq, Costoquintale, NomeFornitore, Quantita, Costituzione, Larghezza, Lunghezza, Spessore) values ('8184840', 'Ferro', '2009-11-23', null, 8, 'PellegriniSRL', 21, 'CertificataSecondoLaNormaVigente', 8, 2, 6);
insert into MaterialeGenerico (CodiceLotto, Nome, DataAcquisto, Costomq, Costoquintale, NomeFornitore, Quantita, Costituzione, Larghezza, Lunghezza, Spessore) values ('5239282', 'Acciaio', '1978-09-18', null, 15, 'IronManSRL', 18, 'CertificataSecondoLaNormaVigente', 10, 1, 10);
insert into MaterialeGenerico (CodiceLotto, Nome, DataAcquisto, Costomq, Costoquintale, NomeFornitore, Quantita, Costituzione, Larghezza, Lunghezza, Spessore) values ('1731273', 'Legno', '1972-01-15', null, 25, 'MonteOlimpoSPA', 14, 'CertificataSecondoLaNormaVigente', 2, 3, 2);
insert into MaterialeGenerico (CodiceLotto, Nome, DataAcquisto, Costomq, Costoquintale, NomeFornitore, Quantita, Costituzione, Larghezza, Lunghezza, Spessore) values ('3662180', 'Cemento', '1974-06-13', null, 30, 'PellegriniSRL', 33, 'CertificataSecondoLaNormaVigente', 9, 1, 5);
insert into MaterialeGenerico (CodiceLotto, Nome, DataAcquisto, Costomq, Costoquintale, NomeFornitore, Quantita, Costituzione, Larghezza, Lunghezza, Spessore) values ('8079380', 'Ghiaia', '1983-12-03', null, 50, 'MonteOlimpoSPA', 23, 'CertificataSecondoLaNormaVigente', 5, 6, 7);
insert into MaterialeGenerico (CodiceLotto, Nome, DataAcquisto, Costomq, Costoquintale, NomeFornitore, Quantita, Costituzione, Larghezza, Lunghezza, Spessore) values ('7587282', 'Sabbia', '1989-07-07', null, 43, 'IronManSRL', 10, 'CertificataSecondoLaNormaVigente', 2, 6, 3);
insert into MaterialeGenerico (CodiceLotto, Nome, DataAcquisto, Costomq, Costoquintale, NomeFornitore, Quantita, Costituzione, Larghezza, Lunghezza, Spessore) values ('6957714', 'Terra', '1990-07-10', null, 8, 'PellegriniSRL', 4, 'CertificataSecondoLaNormaVigente', 7, 4, 8);
insert into MaterialeGenerico (CodiceLotto, Nome, DataAcquisto, Costomq, Costoquintale, NomeFornitore, Quantita, Costituzione, Larghezza, Lunghezza, Spessore) values ('7751274', 'Ghisa', '2006-12-03', null, 15, 'MrBrico', 22, 'CertificataSecondoLaNormaVigente', 2, 8, 5);
insert into MaterialeGenerico (CodiceLotto, Nome, DataAcquisto, Costomq, Costoquintale, NomeFornitore, Quantita, Costituzione, Larghezza, Lunghezza, Spessore) values ('8047025', 'Ferro', '1976-06-20', null, 25, 'MrBrico', 34, 'CertificataSecondoLaNormaVigente', 4, 8, 4);
insert into MaterialeGenerico (CodiceLotto, Nome, DataAcquisto, Costomq, Costoquintale, NomeFornitore, Quantita, Costituzione, Larghezza, Lunghezza, Spessore) values ('6942424', 'Acciaio', '2012-04-17', null, 30, 'Colorama', 10, 'CertificataSecondoLaNormaVigente', 3, 9, 9);
insert into MaterialeGenerico (CodiceLotto, Nome, DataAcquisto, Costomq, Costoquintale, NomeFornitore, Quantita, Costituzione, Larghezza, Lunghezza, Spessore) values ('9406752', 'Legno', '2020-08-06', null, 50, 'Colorama', 29, 'CertificataSecondoLaNormaVigente', 1, 2, 9);
insert into MaterialeGenerico (CodiceLotto, Nome, DataAcquisto, Costomq, Costoquintale, NomeFornitore, Quantita, Costituzione, Larghezza, Lunghezza, Spessore) values ('1443288', 'Cemento', '1981-01-28', null, 43, 'PellegriniSRL', 1, 'CertificataSecondoLaNormaVigente', 3, 5, 1);
insert into MaterialeGenerico (CodiceLotto, Nome, DataAcquisto, Costomq, Costoquintale, NomeFornitore, Quantita, Costituzione, Larghezza, Lunghezza, Spessore) values ('5701148', 'Ghiaia', '2002-01-06', null, 8, 'IronManSRL', 33, 'CertificataSecondoLaNormaVigente', 8, 6, 7);
insert into MaterialeGenerico (CodiceLotto, Nome, DataAcquisto, Costomq, Costoquintale, NomeFornitore, Quantita, Costituzione, Larghezza, Lunghezza, Spessore) values ('4189564', 'Sabbia', '1998-01-14', null, 15, 'IronManSRL', 21, 'CertificataSecondoLaNormaVigente', 1, 9, 8);
insert into MaterialeGenerico (CodiceLotto, Nome, DataAcquisto, Costomq, Costoquintale, NomeFornitore, Quantita, Costituzione, Larghezza, Lunghezza, Spessore) values ('3420952', 'Terra', '1993-05-19', null, 25, 'IronManSRL', 7, 'CertificataSecondoLaNormaVigente', 8, 10, 9);
insert into MaterialeGenerico (CodiceLotto, Nome, DataAcquisto, Costomq, Costoquintale, NomeFornitore, Quantita, Costituzione, Larghezza, Lunghezza, Spessore) values ('4076108', 'Ghisa', '2010-06-16', null, 30, 'PellegriniSRL', 30, 'CertificataSecondoLaNormaVigente', 9, 4, 7);
insert into MaterialeGenerico (CodiceLotto, Nome, DataAcquisto, Costomq, Costoquintale, NomeFornitore, Quantita, Costituzione, Larghezza, Lunghezza, Spessore) values ('4183385', 'Ferro', '1977-07-26', null, 50, 'ThorSRL', 27, 'CertificataSecondoLaNormaVigente', 8, 8, 9);
insert into MaterialeGenerico (CodiceLotto, Nome, DataAcquisto, Costomq, Costoquintale, NomeFornitore, Quantita, Costituzione, Larghezza, Lunghezza, Spessore) values ('3061981', 'Acciaio', '1989-01-26', null, 43, 'MonteOlimpoSPA', 8, 'CertificataSecondoLaNormaVigente', 8, 10, 2);
insert into MaterialeGenerico (CodiceLotto, Nome, DataAcquisto, Costomq, Costoquintale, NomeFornitore, Quantita, Costituzione, Larghezza, Lunghezza, Spessore) values ('0172941', 'Legno', '1974-02-06', null, 8, 'Colorama', 30, 'CertificataSecondoLaNormaVigente', 10, 7, 2);
insert into MaterialeGenerico (CodiceLotto, Nome, DataAcquisto, Costomq, Costoquintale, NomeFornitore, Quantita, Costituzione, Larghezza, Lunghezza, Spessore) values ('8912095', 'Cemento', '2015-01-19', null, 15, 'ThorSRL', 8, 'CertificataSecondoLaNormaVigente', 7, 5, 6);
insert into MaterialeGenerico (CodiceLotto, Nome, DataAcquisto, Costomq, Costoquintale, NomeFornitore, Quantita, Costituzione, Larghezza, Lunghezza, Spessore) values ('6460913', 'Ghiaia', '1996-11-30', null, 25, 'MonteOlimpoSPA', 4, 'CertificataSecondoLaNormaVigente', 10, 2, 10);
insert into MaterialeGenerico (CodiceLotto, Nome, DataAcquisto, Costomq, Costoquintale, NomeFornitore, Quantita, Costituzione, Larghezza, Lunghezza, Spessore) values ('8922446', 'Sabbia', '1986-12-15', null, 30, 'PellegriniSRL', 3, 'CertificataSecondoLaNormaVigente', 7, 8, 6);
insert into MaterialeGenerico (CodiceLotto, Nome, DataAcquisto, Costomq, Costoquintale, NomeFornitore, Quantita, Costituzione, Larghezza, Lunghezza, Spessore) values ('8031036', 'Terra', '2006-03-09', null, 50, 'ThorSRL', 11, 'CertificataSecondoLaNormaVigente', 2, 10, 1);
insert into MaterialeGenerico (CodiceLotto, Nome, DataAcquisto, Costomq, Costoquintale, NomeFornitore, Quantita, Costituzione, Larghezza, Lunghezza, Spessore) values ('7358893', 'Ghisa', '2021-05-20', null, 43, 'PellegriniSRL', 27, 'CertificataSecondoLaNormaVigente', 10, 6, 3);
insert into MaterialeGenerico (CodiceLotto, Nome, DataAcquisto, Costomq, Costoquintale, NomeFornitore, Quantita, Costituzione, Larghezza, Lunghezza, Spessore) values ('7717485', 'Ferro', '2015-02-23', null, 8, 'MonteOlimpoSPA', 9, 'CertificataSecondoLaNormaVigente', 9, 10, 3);
insert into MaterialeGenerico (CodiceLotto, Nome, DataAcquisto, Costomq, Costoquintale, NomeFornitore, Quantita, Costituzione, Larghezza, Lunghezza, Spessore) values ('7107128', 'Acciaio', '1976-03-04', null, 15, 'IronManSRL', 35, 'CertificataSecondoLaNormaVigente', 10, 9, 3);
insert into MaterialeGenerico (CodiceLotto, Nome, DataAcquisto, Costomq, Costoquintale, NomeFornitore, Quantita, Costituzione, Larghezza, Lunghezza, Spessore) values ('5061967', 'Legno', '2009-11-08', null, 25, 'Colorama', 26, 'CertificataSecondoLaNormaVigente', 8, 5, 3);
insert into MaterialeGenerico (CodiceLotto, Nome, DataAcquisto, Costomq, Costoquintale, NomeFornitore, Quantita, Costituzione, Larghezza, Lunghezza, Spessore) values ('6465345', 'Cemento', '2003-03-25', null, 30, 'IronManSRL', 21, 'CertificataSecondoLaNormaVigente', 9, 10, 7);
insert into MaterialeGenerico (CodiceLotto, Nome, DataAcquisto, Costomq, Costoquintale, NomeFornitore, Quantita, Costituzione, Larghezza, Lunghezza, Spessore) values ('2438142', 'Ghiaia', '2010-10-05', null, 50, 'PellegriniSRL', 30, 'CertificataSecondoLaNormaVigente', 9, 3, 1);
insert into MaterialeGenerico (CodiceLotto, Nome, DataAcquisto, Costomq, Costoquintale, NomeFornitore, Quantita, Costituzione, Larghezza, Lunghezza, Spessore) values ('5010347', 'Sabbia', '1989-02-15', null, 43, 'ThorSRL', 3, 'CertificataSecondoLaNormaVigente', 1, 9, 3);
insert into MaterialeGenerico (CodiceLotto, Nome, DataAcquisto, Costomq, Costoquintale, NomeFornitore, Quantita, Costituzione, Larghezza, Lunghezza, Spessore) values ('8106893', 'Terra', '1981-06-15', null, 8, 'Colorama', 1, 'CertificataSecondoLaNormaVigente', 4, 3, 10);
insert into MaterialeGenerico (CodiceLotto, Nome, DataAcquisto, Costomq, Costoquintale, NomeFornitore, Quantita, Costituzione, Larghezza, Lunghezza, Spessore) values ('6512469', 'Ghisa', '2016-01-18', null, 15, 'MrBrico', 6, 'CertificataSecondoLaNormaVigente', 2, 7, 7);
insert into MaterialeGenerico (CodiceLotto, Nome, DataAcquisto, Costomq, Costoquintale, NomeFornitore, Quantita, Costituzione, Larghezza, Lunghezza, Spessore) values ('3607888', 'Ferro', '1988-01-17', null, 25, 'ThorSRL', 14, 'CertificataSecondoLaNormaVigente', 5, 6, 7);
insert into MaterialeGenerico (CodiceLotto, Nome, DataAcquisto, Costomq, Costoquintale, NomeFornitore, Quantita, Costituzione, Larghezza, Lunghezza, Spessore) values ('2558554', 'Acciaio', '2018-03-16', null, 30, 'PellegriniSRL', 30, 'CertificataSecondoLaNormaVigente', 4, 2, 8);
insert into MaterialeGenerico (CodiceLotto, Nome, DataAcquisto, Costomq, Costoquintale, NomeFornitore, Quantita, Costituzione, Larghezza, Lunghezza, Spessore) values ('9383798', 'Legno', '1998-06-15', null, 50, 'IronManSRL', 7, 'CertificataSecondoLaNormaVigente', 3, 6, 2);
insert into MaterialeGenerico (CodiceLotto, Nome, DataAcquisto, Costomq, Costoquintale, NomeFornitore, Quantita, Costituzione, Larghezza, Lunghezza, Spessore) values ('0892385', 'Cemento', '2018-11-02', null, 43, 'MrBrico', 15, 'CertificataSecondoLaNormaVigente', 6, 4, 2);
insert into MaterialeGenerico (CodiceLotto, Nome, DataAcquisto, Costomq, Costoquintale, NomeFornitore, Quantita, Costituzione, Larghezza, Lunghezza, Spessore) values ('4980627', 'Ghiaia', '2008-01-27', null, 8, 'ThorSRL', 32, 'CertificataSecondoLaNormaVigente', 3, 3, 10);
insert into MaterialeGenerico (CodiceLotto, Nome, DataAcquisto, Costomq, Costoquintale, NomeFornitore, Quantita, Costituzione, Larghezza, Lunghezza, Spessore) values ('1381883', 'Sabbia', '1995-01-19', null, 15, 'Colorama', 16, 'CertificataSecondoLaNormaVigente', 6, 10, 9);
insert into MaterialeGenerico (CodiceLotto, Nome, DataAcquisto, Costomq, Costoquintale, NomeFornitore, Quantita, Costituzione, Larghezza, Lunghezza, Spessore) values ('0726853', 'Terra', '2002-07-17', null, 25, 'MrBrico', 14, 'CertificataSecondoLaNormaVigente', 3, 5, 5);
insert into MaterialeGenerico (CodiceLotto, Nome, DataAcquisto, Costomq, Costoquintale, NomeFornitore, Quantita, Costituzione, Larghezza, Lunghezza, Spessore) values ('0347209', 'Ghisa', '2022-10-11', null, 30, 'MonteOlimpoSPA', 4, 'CertificataSecondoLaNormaVigente', 10, 3, 5);
insert into MaterialeGenerico (CodiceLotto, Nome, DataAcquisto, Costomq, Costoquintale, NomeFornitore, Quantita, Costituzione, Larghezza, Lunghezza, Spessore) values ('6525823', 'Ferro', '1998-02-26', null, 50, 'PellegriniSRL', 27, 'CertificataSecondoLaNormaVigente', 9, 1, 2);
insert into MaterialeGenerico (CodiceLotto, Nome, DataAcquisto, Costomq, Costoquintale, NomeFornitore, Quantita, Costituzione, Larghezza, Lunghezza, Spessore) values ('3680583', 'Acciaio', '1981-04-08', null, 43, 'IronManSRL', 31, 'CertificataSecondoLaNormaVigente', 9, 3, 1);
insert into MaterialeGenerico (CodiceLotto, Nome, DataAcquisto, Costomq, Costoquintale, NomeFornitore, Quantita, Costituzione, Larghezza, Lunghezza, Spessore) values ('4991417', 'Legno', '2020-06-23', null, 8, 'Colorama', 26, 'CertificataSecondoLaNormaVigente', 2, 6, 9);
insert into MaterialeGenerico (CodiceLotto, Nome, DataAcquisto, Costomq, Costoquintale, NomeFornitore, Quantita, Costituzione, Larghezza, Lunghezza, Spessore) values ('1312098', 'Cemento', '2017-06-07', null, 15, 'Colorama', 28, 'CertificataSecondoLaNormaVigente', 8, 7, 4);
insert into MaterialeGenerico (CodiceLotto, Nome, DataAcquisto, Costomq, Costoquintale, NomeFornitore, Quantita, Costituzione, Larghezza, Lunghezza, Spessore) values ('1929698', 'Ghiaia', '1983-05-30', null, 25, 'MrBrico', 12, 'CertificataSecondoLaNormaVigente', 1, 4, 7);
insert into MaterialeGenerico (CodiceLotto, Nome, DataAcquisto, Costomq, Costoquintale, NomeFornitore, Quantita, Costituzione, Larghezza, Lunghezza, Spessore) values ('3089338', 'Sabbia', '2019-11-12', null, 30, 'MrBrico', 25, 'CertificataSecondoLaNormaVigente', 2, 4, 2);
insert into MaterialeGenerico (CodiceLotto, Nome, DataAcquisto, Costomq, Costoquintale, NomeFornitore, Quantita, Costituzione, Larghezza, Lunghezza, Spessore) values ('7383813', 'Terra', '1971-05-26', null, 50, 'Colorama', 21, 'CertificataSecondoLaNormaVigente', 7, 8, 7);
insert into MaterialeGenerico (CodiceLotto, Nome, DataAcquisto, Costomq, Costoquintale, NomeFornitore, Quantita, Costituzione, Larghezza, Lunghezza, Spessore) values ('5921630', 'Ghisa', '1988-03-25', null, 43, 'ThorSRL', 21, 'CertificataSecondoLaNormaVigente', 9, 4, 8);
insert into MaterialeGenerico (CodiceLotto, Nome, DataAcquisto, Costomq, Costoquintale, NomeFornitore, Quantita, Costituzione, Larghezza, Lunghezza, Spessore) values ('8223796', 'Ferro', '2016-09-21', null, 8, 'ThorSRL', 24, 'CertificataSecondoLaNormaVigente', 8, 5, 2);
insert into MaterialeGenerico (CodiceLotto, Nome, DataAcquisto, Costomq, Costoquintale, NomeFornitore, Quantita, Costituzione, Larghezza, Lunghezza, Spessore) values ('4264221', 'Acciaio', '1975-04-16', null, 15, 'MonteOlimpoSPA', 6, 'CertificataSecondoLaNormaVigente', 5, 4, 5);
insert into MaterialeGenerico (CodiceLotto, Nome, DataAcquisto, Costomq, Costoquintale, NomeFornitore, Quantita, Costituzione, Larghezza, Lunghezza, Spessore) values ('9543454', 'Legno', '2007-10-10', null, 25, 'MrBrico', 33, 'CertificataSecondoLaNormaVigente', 1, 2, 1);
insert into MaterialeGenerico (CodiceLotto, Nome, DataAcquisto, Costomq, Costoquintale, NomeFornitore, Quantita, Costituzione, Larghezza, Lunghezza, Spessore) values ('4206352', 'Cemento', '2007-02-19', null, 30, 'PellegriniSRL', 12, 'CertificataSecondoLaNormaVigente', 3, 2, 4);
insert into MaterialeGenerico (CodiceLotto, Nome, DataAcquisto, Costomq, Costoquintale, NomeFornitore, Quantita, Costituzione, Larghezza, Lunghezza, Spessore) values ('9796074', 'Ghiaia', '1972-04-29', null, 50, 'IronManSRL', 8, 'CertificataSecondoLaNormaVigente', 10, 6, 9);
insert into MaterialeGenerico (CodiceLotto, Nome, DataAcquisto, Costomq, Costoquintale, NomeFornitore, Quantita, Costituzione, Larghezza, Lunghezza, Spessore) values ('8431181', 'Sabbia', '2017-03-04', null, 43, 'PellegriniSRL', 11, 'CertificataSecondoLaNormaVigente', 1, 6, 2);
insert into MaterialeGenerico (CodiceLotto, Nome, DataAcquisto, Costomq, Costoquintale, NomeFornitore, Quantita, Costituzione, Larghezza, Lunghezza, Spessore) values ('8273703', 'Terra', '2003-07-18', null, 8, 'ThorSRL', 29, 'CertificataSecondoLaNormaVigente', 6, 3, 9);  
insert into MaterialeGenerico (CodiceLotto, Nome, DataAcquisto, Costomq, Costoquintale, NomeFornitore, Quantita, Costituzione, Larghezza, Lunghezza, Spessore) values ('8161310', 'Ferro', '1996-10-30', null, 25, 'Colorama', 4, 'CertificataSecondoLaNormaVigente', 7, 6, 10);
insert into MaterialeGenerico (CodiceLotto, Nome, DataAcquisto, Costomq, Costoquintale, NomeFornitore, Quantita, Costituzione, Larghezza, Lunghezza, Spessore) values ('7994649', 'Acciaio', '1986-08-22', null, 30, 'MrBrico', 9, 'CertificataSecondoLaNormaVigente', 7, 8, 5);
insert into MaterialeGenerico (CodiceLotto, Nome, DataAcquisto, Costomq, Costoquintale, NomeFornitore, Quantita, Costituzione, Larghezza, Lunghezza, Spessore) values ('6012747', 'Legno', '2015-10-06', null, 50, 'MrBrico', 13, 'CertificataSecondoLaNormaVigente', 9, 10, 4);
insert into MaterialeGenerico (CodiceLotto, Nome, DataAcquisto, Costomq, Costoquintale, NomeFornitore, Quantita, Costituzione, Larghezza, Lunghezza, Spessore) values ('4129171', 'Cemento', '2018-12-03', null, 43, 'IronManSRL', 14, 'CertificataSecondoLaNormaVigente', 7, 5, 3);
insert into MaterialeGenerico (CodiceLotto, Nome, DataAcquisto, Costomq, Costoquintale, NomeFornitore, Quantita, Costituzione, Larghezza, Lunghezza, Spessore) values ('4897779', 'Ghiaia', '1975-01-04', null, 8, 'ThorSRL', 11, 'CertificataSecondoLaNormaVigente', 4, 4, 3);
insert into MaterialeGenerico (CodiceLotto, Nome, DataAcquisto, Costomq, Costoquintale, NomeFornitore, Quantita, Costituzione, Larghezza, Lunghezza, Spessore) values ('1668324', 'Sabbia', '1991-06-17', null, 15, 'MrBrico', 26, 'CertificataSecondoLaNormaVigente', 6, 3, 4);
insert into MaterialeGenerico (CodiceLotto, Nome, DataAcquisto, Costomq, Costoquintale, NomeFornitore, Quantita, Costituzione, Larghezza, Lunghezza, Spessore) values ('9819634', 'Terra', '1981-08-12', null, 25, 'ThorSRL', 32, 'CertificataSecondoLaNormaVigente', 4, 8, 7);
insert into MaterialeGenerico (CodiceLotto, Nome, DataAcquisto, Costomq, Costoquintale, NomeFornitore, Quantita, Costituzione, Larghezza, Lunghezza, Spessore) values ('8889212', 'Ghisa', '1977-08-06', null, 30, 'Colorama', 12, 'CertificataSecondoLaNormaVigente', 6, 3, 6);
insert into MaterialeGenerico (CodiceLotto, Nome, DataAcquisto, Costomq, Costoquintale, NomeFornitore, Quantita, Costituzione, Larghezza, Lunghezza, Spessore) values ('3848796', 'Ferro', '2022-01-06', null, 50, 'MonteOlimpoSPA', 24, 'CertificataSecondoLaNormaVigente', 10, 9, 4);
insert into MaterialeGenerico (CodiceLotto, Nome, DataAcquisto, Costomq, Costoquintale, NomeFornitore, Quantita, Costituzione, Larghezza, Lunghezza, Spessore) values ('3638671', 'Acciaio', '1995-07-29', null, 43, 'MrBrico', 4, 'CertificataSecondoLaNormaVigente', 5, 2, 9);
insert into MaterialeGenerico (CodiceLotto, Nome, DataAcquisto, Costomq, Costoquintale, NomeFornitore, Quantita, Costituzione, Larghezza, Lunghezza, Spessore) values ('7594942', 'Legno', '2005-09-15', null, 8, 'MrBrico', 29, 'CertificataSecondoLaNormaVigente', 9, 3, 5);
insert into MaterialeGenerico (CodiceLotto, Nome, DataAcquisto, Costomq, Costoquintale, NomeFornitore, Quantita, Costituzione, Larghezza, Lunghezza, Spessore) values ('2565626', 'Cemento', '2021-04-21', null, 15, 'MonteOlimpoSPA', 33, 'CertificataSecondoLaNormaVigente', 4, 3, 9);
insert into MaterialeGenerico (CodiceLotto, Nome, DataAcquisto, Costomq, Costoquintale, NomeFornitore, Quantita, Costituzione, Larghezza, Lunghezza, Spessore) values ('9527329', 'Ghiaia', '2008-02-11', null, 25, 'MonteOlimpoSPA', 7, 'CertificataSecondoLaNormaVigente', 2, 6, 8);
insert into MaterialeGenerico (CodiceLotto, Nome, DataAcquisto, Costomq, Costoquintale, NomeFornitore, Quantita, Costituzione, Larghezza, Lunghezza, Spessore) values ('4215241', 'Sabbia', '1973-06-04', null, 30, 'Colorama', 22, 'CertificataSecondoLaNormaVigente', 10, 7, 10);
insert into MaterialeGenerico (CodiceLotto, Nome, DataAcquisto, Costomq, Costoquintale, NomeFornitore, Quantita, Costituzione, Larghezza, Lunghezza, Spessore) values ('2874040', 'Terra', '2015-05-21', null, 50, 'PellegriniSRL', 25, 'CertificataSecondoLaNormaVigente', 2, 7, 10);
insert into MaterialeGenerico (CodiceLotto, Nome, DataAcquisto, Costomq, Costoquintale, NomeFornitore, Quantita, Costituzione, Larghezza, Lunghezza, Spessore) values ('8527854', 'Ghisa', '1993-12-13', null, 43, 'PellegriniSRL', 22, 'CertificataSecondoLaNormaVigente', 8, 6, 5);
insert into MaterialeGenerico (CodiceLotto, Nome, DataAcquisto, Costomq, Costoquintale, NomeFornitore, Quantita, Costituzione, Larghezza, Lunghezza, Spessore) values ('6156165', 'Ferro', '1994-05-30', null, 8, 'PellegriniSRL', 33, 'CertificataSecondoLaNormaVigente', 9, 5, 3);
insert into MaterialeGenerico (CodiceLotto, Nome, DataAcquisto, Costomq, Costoquintale, NomeFornitore, Quantita, Costituzione, Larghezza, Lunghezza, Spessore) values ('8657422', 'Acciaio', '2006-03-25', null, 15, 'Colorama', 29, 'CertificataSecondoLaNormaVigente', 3, 6, 1);
insert into MaterialeGenerico (CodiceLotto, Nome, DataAcquisto, Costomq, Costoquintale, NomeFornitore, Quantita, Costituzione, Larghezza, Lunghezza, Spessore) values ('5137533', 'Legno', '1995-06-26', null, 25, 'ThorSRL', 16, 'CertificataSecondoLaNormaVigente', 7, 2, 3);
insert into MaterialeGenerico (CodiceLotto, Nome, DataAcquisto, Costomq, Costoquintale, NomeFornitore, Quantita, Costituzione, Larghezza, Lunghezza, Spessore) values ('6782025', 'Cemento', '2021-05-22', null, 30, 'PellegriniSRL', 22, 'CertificataSecondoLaNormaVigente', 2, 8, 3);
insert into MaterialeGenerico (CodiceLotto, Nome, DataAcquisto, Costomq, Costoquintale, NomeFornitore, Quantita, Costituzione, Larghezza, Lunghezza, Spessore) values ('7376355', 'Ghiaia', '2010-11-13', null, 50, 'MonteOlimpoSPA', 7, 'CertificataSecondoLaNormaVigente', 4, 3, 8);
insert into MaterialeGenerico (CodiceLotto, Nome, DataAcquisto, Costomq, Costoquintale, NomeFornitore, Quantita, Costituzione, Larghezza, Lunghezza, Spessore) values ('5368752', 'Sabbia', '2015-02-25', null, 43, 'MrBrico', 11, 'CertificataSecondoLaNormaVigente', 10, 10, 1);
insert into MaterialeGenerico (CodiceLotto, Nome, DataAcquisto, Costomq, Costoquintale, NomeFornitore, Quantita, Costituzione, Larghezza, Lunghezza, Spessore) values ('6390438', 'Terra', '2003-11-07', null, 8, 'PellegriniSRL', 2, 'CertificataSecondoLaNormaVigente', 5, 2, 8);
insert into MaterialeGenerico (CodiceLotto, Nome, DataAcquisto, Costomq, Costoquintale, NomeFornitore, Quantita, Costituzione, Larghezza, Lunghezza, Spessore) values ('7667275', 'Ghisa', '1994-04-07', null, 15, 'ThorSRL', 21, 'CertificataSecondoLaNormaVigente', 4, 7, 1);
insert into MaterialeGenerico (CodiceLotto, Nome, DataAcquisto, Costomq, Costoquintale, NomeFornitore, Quantita, Costituzione, Larghezza, Lunghezza, Spessore) values ('4800813', 'Ferro', '1998-11-10', null, 25, 'ThorSRL', 15, 'CertificataSecondoLaNormaVigente', 5, 8, 5);
insert into MaterialeGenerico (CodiceLotto, Nome, DataAcquisto, Costomq, Costoquintale, NomeFornitore, Quantita, Costituzione, Larghezza, Lunghezza, Spessore) values ('3220244', 'Acciaio', '1985-10-02', null, 30, 'ThorSRL', 2, 'CertificataSecondoLaNormaVigente', 3, 7, 3);
insert into MaterialeGenerico (CodiceLotto, Nome, DataAcquisto, Costomq, Costoquintale, NomeFornitore, Quantita, Costituzione, Larghezza, Lunghezza, Spessore) values ('1193539', 'Legno', '2010-07-16', null, 50, 'PellegriniSRL', 15, 'CertificataSecondoLaNormaVigente', 4, 7, 6);
insert into MaterialeGenerico (CodiceLotto, Nome, DataAcquisto, Costomq, Costoquintale, NomeFornitore, Quantita, Costituzione, Larghezza, Lunghezza, Spessore) values ('2519473', 'Cemento', '2016-11-02', null, 43, 'MrBrico', 17, 'CertificataSecondoLaNormaVigente', 9, 1, 8);
insert into MaterialeGenerico (CodiceLotto, Nome, DataAcquisto, Costomq, Costoquintale, NomeFornitore, Quantita, Costituzione, Larghezza, Lunghezza, Spessore) values ('5437811', 'Ghiaia', '2003-06-26', null, 8, 'ThorSRL', 14, 'CertificataSecondoLaNormaVigente', 9, 6, 5);
insert into MaterialeGenerico (CodiceLotto, Nome, DataAcquisto, Costomq, Costoquintale, NomeFornitore, Quantita, Costituzione, Larghezza, Lunghezza, Spessore) values ('0581622', 'Sabbia', '1988-03-26', null, 15, 'ThorSRL', 23, 'CertificataSecondoLaNormaVigente', 9, 10, 6);
insert into MaterialeGenerico (CodiceLotto, Nome, DataAcquisto, Costomq, Costoquintale, NomeFornitore, Quantita, Costituzione, Larghezza, Lunghezza, Spessore) values ('6252327', 'Terra', '2002-01-20', null, 25, 'MrBrico', 35, 'CertificataSecondoLaNormaVigente', 9, 5, 10);
insert into MaterialeGenerico (CodiceLotto, Nome, DataAcquisto, Costomq, Costoquintale, NomeFornitore, Quantita, Costituzione, Larghezza, Lunghezza, Spessore) values ('1495252', 'Ghisa', '1974-08-21', null, 30, 'ThorSRL', 4, 'CertificataSecondoLaNormaVigente', 1, 8, 7);
insert into MaterialeGenerico (CodiceLotto, Nome, DataAcquisto, Costomq, Costoquintale, NomeFornitore, Quantita, Costituzione, Larghezza, Lunghezza, Spessore) values ('9869771', 'Ferro', '2020-02-02', null, 50, 'Colorama', 17, 'CertificataSecondoLaNormaVigente', 1, 2, 5);
insert into MaterialeGenerico (CodiceLotto, Nome, DataAcquisto, Costomq, Costoquintale, NomeFornitore, Quantita, Costituzione, Larghezza, Lunghezza, Spessore) values ('6388220', 'Acciaio', '2021-02-17', null, 43, 'Colorama', 17, 'CertificataSecondoLaNormaVigente', 7, 7, 3);
insert into MaterialeGenerico (CodiceLotto, Nome, DataAcquisto, Costomq, Costoquintale, NomeFornitore, Quantita, Costituzione, Larghezza, Lunghezza, Spessore) values ('6701859', 'Legno', '1973-07-08', null, 8, 'MrBrico', 10, 'CertificataSecondoLaNormaVigente', 7, 7, 6);
insert into MaterialeGenerico (CodiceLotto, Nome, DataAcquisto, Costomq, Costoquintale, NomeFornitore, Quantita, Costituzione, Larghezza, Lunghezza, Spessore) values ('4928074', 'Cemento', '2022-09-01', null, 15, 'PellegriniSRL', 10, 'CertificataSecondoLaNormaVigente', 3, 10, 6);
insert into MaterialeGenerico (CodiceLotto, Nome, DataAcquisto, Costomq, Costoquintale, NomeFornitore, Quantita, Costituzione, Larghezza, Lunghezza, Spessore) values ('9094142', 'Ghiaia', '1994-09-04', null, 25, 'MonteOlimpoSPA', 18, 'CertificataSecondoLaNormaVigente', 10, 7, 7);
insert into MaterialeGenerico (CodiceLotto, Nome, DataAcquisto, Costomq, Costoquintale, NomeFornitore, Quantita, Costituzione, Larghezza, Lunghezza, Spessore) values ('4997719', 'Sabbia', '2003-06-19', null, 30, 'Colorama', 26, 'CertificataSecondoLaNormaVigente', 6, 10, 2);
insert into MaterialeGenerico (CodiceLotto, Nome, DataAcquisto, Costomq, Costoquintale, NomeFornitore, Quantita, Costituzione, Larghezza, Lunghezza, Spessore) values ('8496036', 'Terra', '2013-09-10', null, 50, 'Colorama', 29, 'CertificataSecondoLaNormaVigente', 2, 7, 1);
insert into MaterialeGenerico (CodiceLotto, Nome, DataAcquisto, Costomq, Costoquintale, NomeFornitore, Quantita, Costituzione, Larghezza, Lunghezza, Spessore) values ('5183322', 'Ghisa', '1984-09-14', null, 43, 'IronManSRL', 21, 'CertificataSecondoLaNormaVigente', 1, 3, 8);
insert into MaterialeGenerico (CodiceLotto, Nome, DataAcquisto, Costomq, Costoquintale, NomeFornitore, Quantita, Costituzione, Larghezza, Lunghezza, Spessore) values ('7819583', 'Ferro', '2010-07-12', null, 8, 'Colorama', 9, 'CertificataSecondoLaNormaVigente', 6, 7, 1);
insert into MaterialeGenerico (CodiceLotto, Nome, DataAcquisto, Costomq, Costoquintale, NomeFornitore, Quantita, Costituzione, Larghezza, Lunghezza, Spessore) values ('3828009', 'Acciaio', '1986-12-01', null, 15, 'IronManSRL', 34, 'CertificataSecondoLaNormaVigente', 8, 8, 1);
insert into MaterialeGenerico (CodiceLotto, Nome, DataAcquisto, Costomq, Costoquintale, NomeFornitore, Quantita, Costituzione, Larghezza, Lunghezza, Spessore) values ('1127887', 'Legno', '2010-06-28', null, 25, 'Colorama', 19, 'CertificataSecondoLaNormaVigente', 1, 9, 1);
insert into MaterialeGenerico (CodiceLotto, Nome, DataAcquisto, Costomq, Costoquintale, NomeFornitore, Quantita, Costituzione, Larghezza, Lunghezza, Spessore) values ('1096059', 'Cemento', '1971-03-19', null, 30, 'ThorSRL', 33, 'CertificataSecondoLaNormaVigente', 5, 4, 4);
insert into MaterialeGenerico (CodiceLotto, Nome, DataAcquisto, Costomq, Costoquintale, NomeFornitore, Quantita, Costituzione, Larghezza, Lunghezza, Spessore) values ('7501149', 'Ghiaia', '2006-08-31', null, 50, 'MrBrico', 4, 'CertificataSecondoLaNormaVigente', 10, 3, 8);
insert into MaterialeGenerico (CodiceLotto, Nome, DataAcquisto, Costomq, Costoquintale, NomeFornitore, Quantita, Costituzione, Larghezza, Lunghezza, Spessore) values ('6620250', 'Sabbia', '1991-07-27', null, 43, 'MrBrico', 33, 'CertificataSecondoLaNormaVigente', 5, 10, 8);
insert into MaterialeGenerico (CodiceLotto, Nome, DataAcquisto, Costomq, Costoquintale, NomeFornitore, Quantita, Costituzione, Larghezza, Lunghezza, Spessore) values ('2651002', 'Terra', '2011-11-19', null, 8, 'PellegriniSRL', 23, 'CertificataSecondoLaNormaVigente', 9, 5, 2);
insert into MaterialeGenerico (CodiceLotto, Nome, DataAcquisto, Costomq, Costoquintale, NomeFornitore, Quantita, Costituzione, Larghezza, Lunghezza, Spessore) values ('5794353', 'Ghisa', '1975-03-31', null, 15, 'IronManSRL', 29, 'CertificataSecondoLaNormaVigente', 8, 6, 10);
insert into MaterialeGenerico (CodiceLotto, Nome, DataAcquisto, Costomq, Costoquintale, NomeFornitore, Quantita, Costituzione, Larghezza, Lunghezza, Spessore) values ('4172729', 'Ferro', '1987-11-30', null, 25, 'PellegriniSRL', 18, 'CertificataSecondoLaNormaVigente', 6, 4, 6);
insert into MaterialeGenerico (CodiceLotto, Nome, DataAcquisto, Costomq, Costoquintale, NomeFornitore, Quantita, Costituzione, Larghezza, Lunghezza, Spessore) values ('4108950', 'Acciaio', '1980-09-20', null, 30, 'Colorama', 16, 'CertificataSecondoLaNormaVigente', 5, 1, 8);
insert into MaterialeGenerico (CodiceLotto, Nome, DataAcquisto, Costomq, Costoquintale, NomeFornitore, Quantita, Costituzione, Larghezza, Lunghezza, Spessore) values ('9058829', 'Legno', '1982-03-13', null, 50, 'ThorSRL', 16, 'CertificataSecondoLaNormaVigente', 2, 6, 5);
insert into MaterialeGenerico (CodiceLotto, Nome, DataAcquisto, Costomq, Costoquintale, NomeFornitore, Quantita, Costituzione, Larghezza, Lunghezza, Spessore) values ('1708636', 'Cemento', '1972-11-25', null, 43, 'IronManSRL', 3, 'CertificataSecondoLaNormaVigente', 4, 9, 5);
insert into MaterialeGenerico (CodiceLotto, Nome, DataAcquisto, Costomq, Costoquintale, NomeFornitore, Quantita, Costituzione, Larghezza, Lunghezza, Spessore) values ('5513663', 'Ghiaia', '2008-10-21', null, 8, 'Colorama', 23, 'CertificataSecondoLaNormaVigente', 5, 4, 8);
insert into MaterialeGenerico (CodiceLotto, Nome, DataAcquisto, Costomq, Costoquintale, NomeFornitore, Quantita, Costituzione, Larghezza, Lunghezza, Spessore) values ('9635130', 'Sabbia', '1996-12-04', null, 15, 'PellegriniSRL', 22, 'CertificataSecondoLaNormaVigente', 5, 10, 3);
insert into MaterialeGenerico (CodiceLotto, Nome, DataAcquisto, Costomq, Costoquintale, NomeFornitore, Quantita, Costituzione, Larghezza, Lunghezza, Spessore) values ('4015498', 'Terra', '1997-05-23', null, 25, 'PellegriniSRL', 33, 'CertificataSecondoLaNormaVigente', 4, 3, 6);
insert into MaterialeGenerico (CodiceLotto, Nome, DataAcquisto, Costomq, Costoquintale, NomeFornitore, Quantita, Costituzione, Larghezza, Lunghezza, Spessore) values ('2417264', 'Ghisa', '1972-01-16', null, 30, 'IronManSRL', 2, 'CertificataSecondoLaNormaVigente', 6, 4, 6);
insert into MaterialeGenerico (CodiceLotto, Nome, DataAcquisto, Costomq, Costoquintale, NomeFornitore, Quantita, Costituzione, Larghezza, Lunghezza, Spessore) values ('9260351', 'Ferro', '1996-08-03', null, 50, 'Colorama', 32, 'CertificataSecondoLaNormaVigente', 1, 9, 7);
insert into MaterialeGenerico (CodiceLotto, Nome, DataAcquisto, Costomq, Costoquintale, NomeFornitore, Quantita, Costituzione, Larghezza, Lunghezza, Spessore) values ('9716462', 'Acciaio', '2015-07-16', null, 43, 'IronManSRL', 21, 'CertificataSecondoLaNormaVigente', 5, 10, 2);
insert into MaterialeGenerico (CodiceLotto, Nome, DataAcquisto, Costomq, Costoquintale, NomeFornitore, Quantita, Costituzione, Larghezza, Lunghezza, Spessore) values ('4293909', 'Legno', '2004-05-19', null, 8, 'MonteOlimpoSPA', 4, 'CertificataSecondoLaNormaVigente', 3, 9, 6);
insert into MaterialeGenerico (CodiceLotto, Nome, DataAcquisto, Costomq, Costoquintale, NomeFornitore, Quantita, Costituzione, Larghezza, Lunghezza, Spessore) values ('8089718', 'Cemento', '1997-06-13', null, 15, 'MrBrico', 16, 'CertificataSecondoLaNormaVigente', 4, 9, 1);
insert into MaterialeGenerico (CodiceLotto, Nome, DataAcquisto, Costomq, Costoquintale, NomeFornitore, Quantita, Costituzione, Larghezza, Lunghezza, Spessore) values ('4315319', 'Ghiaia', '2017-10-11', null, 25, 'Colorama', 16, 'CertificataSecondoLaNormaVigente', 4, 10, 4);
insert into MaterialeGenerico (CodiceLotto, Nome, DataAcquisto, Costomq, Costoquintale, NomeFornitore, Quantita, Costituzione, Larghezza, Lunghezza, Spessore) values ('8128620', 'Sabbia', '1975-09-11', null, 30, 'Colorama', 6, 'CertificataSecondoLaNormaVigente', 8, 10, 3);
insert into MaterialeGenerico (CodiceLotto, Nome, DataAcquisto, Costomq, Costoquintale, NomeFornitore, Quantita, Costituzione, Larghezza, Lunghezza, Spessore) values ('0207895', 'Terra', '1979-05-14', null, 50, 'Colorama', 7, 'CertificataSecondoLaNormaVigente', 10, 2, 9);
insert into MaterialeGenerico (CodiceLotto, Nome, DataAcquisto, Costomq, Costoquintale, NomeFornitore, Quantita, Costituzione, Larghezza, Lunghezza, Spessore) values ('2168289', 'Ghisa', '1971-09-26', null, 43, 'PellegriniSRL', 6, 'CertificataSecondoLaNormaVigente', 3, 8, 10);
insert into MaterialeGenerico (CodiceLotto, Nome, DataAcquisto, Costomq, Costoquintale, NomeFornitore, Quantita, Costituzione, Larghezza, Lunghezza, Spessore) values ('3260816', 'Ferro', '2008-01-07', null, 8, 'PellegriniSRL', 24, 'CertificataSecondoLaNormaVigente', 2, 7, 8);
insert into MaterialeGenerico (CodiceLotto, Nome, DataAcquisto, Costomq, Costoquintale, NomeFornitore, Quantita, Costituzione, Larghezza, Lunghezza, Spessore) values ('1791302', 'Acciaio', '1979-06-08', null, 15, 'MonteOlimpoSPA', 18, 'CertificataSecondoLaNormaVigente', 7, 3, 10);
insert into MaterialeGenerico (CodiceLotto, Nome, DataAcquisto, Costomq, Costoquintale, NomeFornitore, Quantita, Costituzione, Larghezza, Lunghezza, Spessore) values ('1702342', 'Legno', '2010-05-13', null, 25, 'ThorSRL', 5, 'CertificataSecondoLaNormaVigente', 1, 6, 3);
insert into MaterialeGenerico (CodiceLotto, Nome, DataAcquisto, Costomq, Costoquintale, NomeFornitore, Quantita, Costituzione, Larghezza, Lunghezza, Spessore) values ('7836609', 'Cemento', '2001-03-31', null, 30, 'MonteOlimpoSPA', 1, 'CertificataSecondoLaNormaVigente', 7, 9, 1);
insert into MaterialeGenerico (CodiceLotto, Nome, DataAcquisto, Costomq, Costoquintale, NomeFornitore, Quantita, Costituzione, Larghezza, Lunghezza, Spessore) values ('6161931', 'Ghiaia', '1996-02-22', null, 50, 'PellegriniSRL', 1, 'CertificataSecondoLaNormaVigente', 2, 2, 6);
insert into MaterialeGenerico (CodiceLotto, Nome, DataAcquisto, Costomq, Costoquintale, NomeFornitore, Quantita, Costituzione, Larghezza, Lunghezza, Spessore) values ('7836429', 'Sabbia', '2000-02-18', null, 43, 'PellegriniSRL', 33, 'CertificataSecondoLaNormaVigente', 6, 9, 4);
insert into MaterialeGenerico (CodiceLotto, Nome, DataAcquisto, Costomq, Costoquintale, NomeFornitore, Quantita, Costituzione, Larghezza, Lunghezza, Spessore) values ('0813249', 'Terra', '2006-09-04', null, 8, 'MonteOlimpoSPA', 11, 'CertificataSecondoLaNormaVigente', 4, 1, 7);
insert into MaterialeGenerico (CodiceLotto, Nome, DataAcquisto, Costomq, Costoquintale, NomeFornitore, Quantita, Costituzione, Larghezza, Lunghezza, Spessore) values ('8962051', 'Ghisa', '1993-03-30', null, 15, 'MonteOlimpoSPA', 22, 'CertificataSecondoLaNormaVigente', 4, 1, 3);
insert into MaterialeGenerico (CodiceLotto, Nome, DataAcquisto, Costomq, Costoquintale, NomeFornitore, Quantita, Costituzione, Larghezza, Lunghezza, Spessore) values ('1502693', 'Ferro', '2008-11-22', null, 25, 'MrBrico', 7, 'CertificataSecondoLaNormaVigente', 4, 3, 4);
insert into MaterialeGenerico (CodiceLotto, Nome, DataAcquisto, Costomq, Costoquintale, NomeFornitore, Quantita, Costituzione, Larghezza, Lunghezza, Spessore) values ('5323936', 'Acciaio', '2012-01-05', null, 30, 'PellegriniSRL', 34, 'CertificataSecondoLaNormaVigente', 5, 2, 10);
insert into MaterialeGenerico (CodiceLotto, Nome, DataAcquisto, Costomq, Costoquintale, NomeFornitore, Quantita, Costituzione, Larghezza, Lunghezza, Spessore) values ('7755642', 'Legno', '1974-05-28', null, 50, 'IronManSRL', 7, 'CertificataSecondoLaNormaVigente', 10, 1, 7);
insert into MaterialeGenerico (CodiceLotto, Nome, DataAcquisto, Costomq, Costoquintale, NomeFornitore, Quantita, Costituzione, Larghezza, Lunghezza, Spessore) values ('8413491', 'Cemento', '1997-02-28', null, 43, 'ThorSRL', 31, 'CertificataSecondoLaNormaVigente', 7, 9, 6);
insert into MaterialeGenerico (CodiceLotto, Nome, DataAcquisto, Costomq, Costoquintale, NomeFornitore, Quantita, Costituzione, Larghezza, Lunghezza, Spessore) values ('8323120', 'Ghiaia', '2005-11-26', null, 8, 'IronManSRL', 32, 'CertificataSecondoLaNormaVigente', 4, 6, 4);
insert into MaterialeGenerico (CodiceLotto, Nome, DataAcquisto, Costomq, Costoquintale, NomeFornitore, Quantita, Costituzione, Larghezza, Lunghezza, Spessore) values ('1197581', 'Sabbia', '1986-10-18', null, 15, 'ThorSRL', 29, 'CertificataSecondoLaNormaVigente', 9, 7, 8);
insert into MaterialeGenerico (CodiceLotto, Nome, DataAcquisto, Costomq, Costoquintale, NomeFornitore, Quantita, Costituzione, Larghezza, Lunghezza, Spessore) values ('1040434', 'Terra', '1971-09-14', null, 25, 'IronManSRL', 23, 'CertificataSecondoLaNormaVigente', 6, 6, 5);
insert into MaterialeGenerico (CodiceLotto, Nome, DataAcquisto, Costomq, Costoquintale, NomeFornitore, Quantita, Costituzione, Larghezza, Lunghezza, Spessore) values ('2625643', 'Ghisa', '1972-06-20', null, 30, 'ThorSRL', 14, 'CertificataSecondoLaNormaVigente', 9, 1, 7);
insert into MaterialeGenerico (CodiceLotto, Nome, DataAcquisto, Costomq, Costoquintale, NomeFornitore, Quantita, Costituzione, Larghezza, Lunghezza, Spessore) values ('1670722', 'Ferro', '2016-11-01', null, 50, 'MonteOlimpoSPA', 8, 'CertificataSecondoLaNormaVigente', 2, 5, 8);
insert into MaterialeGenerico (CodiceLotto, Nome, DataAcquisto, Costomq, Costoquintale, NomeFornitore, Quantita, Costituzione, Larghezza, Lunghezza, Spessore) values ('2075848', 'Acciaio', '2008-05-27', null, 43, 'PellegriniSRL', 4, 'CertificataSecondoLaNormaVigente', 2, 1, 8);
insert into MaterialeGenerico (CodiceLotto, Nome, DataAcquisto, Costomq, Costoquintale, NomeFornitore, Quantita, Costituzione, Larghezza, Lunghezza, Spessore) values ('0791914', 'Legno', '2006-01-25', null, 8, 'MonteOlimpoSPA', 18, 'CertificataSecondoLaNormaVigente', 10, 3, 8);
insert into MaterialeGenerico (CodiceLotto, Nome, DataAcquisto, Costomq, Costoquintale, NomeFornitore, Quantita, Costituzione, Larghezza, Lunghezza, Spessore) values ('7039336', 'Cemento', '2012-07-06', null, 15, 'MrBrico', 8, 'CertificataSecondoLaNormaVigente', 7, 10, 10);
insert into MaterialeGenerico (CodiceLotto, Nome, DataAcquisto, Costomq, Costoquintale, NomeFornitore, Quantita, Costituzione, Larghezza, Lunghezza, Spessore) values ('4441936', 'Ghiaia', '2020-07-23', null, 25, 'MonteOlimpoSPA', 7, 'CertificataSecondoLaNormaVigente', 2, 4, 8);
insert into MaterialeGenerico (CodiceLotto, Nome, DataAcquisto, Costomq, Costoquintale, NomeFornitore, Quantita, Costituzione, Larghezza, Lunghezza, Spessore) values ('1106562', 'Sabbia', '1979-04-27', null, 30, 'PellegriniSRL', 32, 'CertificataSecondoLaNormaVigente', 2, 6, 1);
insert into MaterialeGenerico (CodiceLotto, Nome, DataAcquisto, Costomq, Costoquintale, NomeFornitore, Quantita, Costituzione, Larghezza, Lunghezza, Spessore) values ('4551461', 'Terra', '2022-05-19', null, 50, 'Colorama', 17, 'CertificataSecondoLaNormaVigente', 10, 2, 8);
insert into MaterialeGenerico (CodiceLotto, Nome, DataAcquisto, Costomq, Costoquintale, NomeFornitore, Quantita, Costituzione, Larghezza, Lunghezza, Spessore) values ('0080427', 'Ghisa', '1978-11-30', null, 43, 'PellegriniSRL', 17, 'CertificataSecondoLaNormaVigente', 2, 8, 3);
insert into MaterialeGenerico (CodiceLotto, Nome, DataAcquisto, Costomq, Costoquintale, NomeFornitore, Quantita, Costituzione, Larghezza, Lunghezza, Spessore) values ('7001845', 'Ferro', '2003-09-30', null, 8, 'MrBrico', 4, 'CertificataSecondoLaNormaVigente', 4, 10, 7);
insert into MaterialeGenerico (CodiceLotto, Nome, DataAcquisto, Costomq, Costoquintale, NomeFornitore, Quantita, Costituzione, Larghezza, Lunghezza, Spessore) values ('1590964', 'Acciaio', '2002-04-02', null, 15, 'MonteOlimpoSPA', 6, 'CertificataSecondoLaNormaVigente', 4, 5, 9);
insert into MaterialeGenerico (CodiceLotto, Nome, DataAcquisto, Costomq, Costoquintale, NomeFornitore, Quantita, Costituzione, Larghezza, Lunghezza, Spessore) values ('7040092', 'Legno', '1980-04-20', null, 25, 'Colorama', 19, 'CertificataSecondoLaNormaVigente', 5, 6, 3);
insert into MaterialeGenerico (CodiceLotto, Nome, DataAcquisto, Costomq, Costoquintale, NomeFornitore, Quantita, Costituzione, Larghezza, Lunghezza, Spessore) values ('8477409', 'Cemento', '2011-11-08', null, 30, 'Colorama', 2, 'CertificataSecondoLaNormaVigente', 1, 5, 4);

insert into MaterialeGenericoEdificio (Muratura, MaterialeGenerico) values ('MUR00904', 76797);
insert into MaterialeGenericoEdificio (Muratura, MaterialeGenerico) values ('MUR01501', 80427);
insert into MaterialeGenericoEdificio (Muratura, MaterialeGenerico) values ('MUR01641', 82773);
insert into MaterialeGenericoEdificio (Muratura, MaterialeGenerico) values ('MUR05112', 172941);
insert into MaterialeGenericoEdificio (Muratura, MaterialeGenerico) values ('MUR06911', 207895);
insert into MaterialeGenericoEdificio (Muratura, MaterialeGenerico) values ('MUR06917', 225806);
insert into MaterialeGenericoEdificio (Muratura, MaterialeGenerico) values ('MUR07660', 274134);
insert into MaterialeGenericoEdificio (Muratura, MaterialeGenerico) values ('MUR07841', 347209);
insert into MaterialeGenericoEdificio (Muratura, MaterialeGenerico) values ('MUR07895', 437019);
insert into MaterialeGenericoEdificio (Muratura, MaterialeGenerico) values ('MUR08059', 467404);
insert into MaterialeGenericoEdificio (Muratura, MaterialeGenerico) values ('MUR08089', 480677);
insert into MaterialeGenericoEdificio (Muratura, MaterialeGenerico) values ('MUR08282', 581622);
insert into MaterialeGenericoEdificio (Muratura, MaterialeGenerico) values ('MUR08362', 595168);
insert into MaterialeGenericoEdificio (Muratura, MaterialeGenerico) values ('MUR08745', 599886);
insert into MaterialeGenericoEdificio (Muratura, MaterialeGenerico) values ('MUR08767', 628874);
insert into MaterialeGenericoEdificio (Muratura, MaterialeGenerico) values ('MUR08790', 690010);
insert into MaterialeGenericoEdificio (Muratura, MaterialeGenerico) values ('MUR09015', 725691);
insert into MaterialeGenericoEdificio (Muratura, MaterialeGenerico) values ('MUR09511', 726853);
insert into MaterialeGenericoEdificio (Muratura, MaterialeGenerico) values ('MUR09533', 751977);
insert into MaterialeGenericoEdificio (Muratura, MaterialeGenerico) values ('MUR09985', 757661);
insert into MaterialeGenericoEdificio (Muratura, MaterialeGenerico) values ('MUR10002', 791914);
insert into MaterialeGenericoEdificio (Muratura, MaterialeGenerico) values ('MUR10242', 813249);
insert into MaterialeGenericoEdificio (Muratura, MaterialeGenerico) values ('MUR10597', 892385);
insert into MaterialeGenericoEdificio (Muratura, MaterialeGenerico) values ('MUR10940', 916255);
insert into MaterialeGenericoEdificio (Muratura, MaterialeGenerico) values ('MUR12623', 963285);
insert into MaterialeGenericoEdificio (Muratura, MaterialeGenerico) values ('MUR13027', 967608);
insert into MaterialeGenericoEdificio (Muratura, MaterialeGenerico) values ('MUR13408', 989769);
insert into MaterialeGenericoEdificio (Muratura, MaterialeGenerico) values ('MUR13758', 1023246);
insert into MaterialeGenericoEdificio (Muratura, MaterialeGenerico) values ('MUR13894', 1040434);
insert into MaterialeGenericoEdificio (Muratura, MaterialeGenerico) values ('MUR14051', 1096059);
insert into MaterialeGenericoEdificio (Muratura, MaterialeGenerico) values ('MUR14674', 1106562);
insert into MaterialeGenericoEdificio (Muratura, MaterialeGenerico) values ('MUR15120', 1127887);
insert into MaterialeGenericoEdificio (Muratura, MaterialeGenerico) values ('MUR15531', 1193539);
insert into MaterialeGenericoEdificio (Muratura, MaterialeGenerico) values ('MUR15583', 1197581);
insert into MaterialeGenericoEdificio (Muratura, MaterialeGenerico) values ('MUR16065', 1312098);
insert into MaterialeGenericoEdificio (Muratura, MaterialeGenerico) values ('MUR16495', 1381883);
insert into MaterialeGenericoEdificio (Muratura, MaterialeGenerico) values ('MUR16848', 1390248);
insert into MaterialeGenericoEdificio (Muratura, MaterialeGenerico) values ('MUR19362', 1426093);
insert into MaterialeGenericoEdificio (Muratura, MaterialeGenerico) values ('MUR19377', 1443288);
insert into MaterialeGenericoEdificio (Muratura, MaterialeGenerico) values ('MUR19564', 1495252);
insert into MaterialeGenericoEdificio (Muratura, MaterialeGenerico) values ('MUR19817', 1502693);
insert into MaterialeGenericoEdificio (Muratura, MaterialeGenerico) values ('MUR20050', 1577140);
insert into MaterialeGenericoEdificio (Muratura, MaterialeGenerico) values ('MUR20369', 1590964);
insert into MaterialeGenericoEdificio (Muratura, MaterialeGenerico) values ('MUR20637', 1624697);
insert into MaterialeGenericoEdificio (Muratura, MaterialeGenerico) values ('MUR20802', 1668324);
insert into MaterialeGenericoEdificio (Muratura, MaterialeGenerico) values ('MUR21080', 1670722);
insert into MaterialeGenericoEdificio (Muratura, MaterialeGenerico) values ('MUR21160', 1702342);
insert into MaterialeGenericoEdificio (Muratura, MaterialeGenerico) values ('MUR21851', 1708636);
insert into MaterialeGenericoEdificio (Muratura, MaterialeGenerico) values ('MUR22763', 1720063);
insert into MaterialeGenericoEdificio (Muratura, MaterialeGenerico) values ('MUR22790', 1731273);
insert into MaterialeGenericoEdificio (Muratura, MaterialeGenerico) values ('MUR23409', 1739450);
insert into MaterialeGenericoEdificio (Muratura, MaterialeGenerico) values ('MUR24627', 1778386);
insert into MaterialeGenericoEdificio (Muratura, MaterialeGenerico) values ('MUR25218', 1791302);
insert into MaterialeGenericoEdificio (Muratura, MaterialeGenerico) values ('MUR25733', 1794951);
insert into MaterialeGenericoEdificio (Muratura, MaterialeGenerico) values ('MUR26956', 1795462);
insert into MaterialeGenericoEdificio (Muratura, MaterialeGenerico) values ('MUR27206', 1821044);
insert into MaterialeGenericoEdificio (Muratura, MaterialeGenerico) values ('MUR27561', 1877655);
insert into MaterialeGenericoEdificio (Muratura, MaterialeGenerico) values ('MUR27759', 1929698);
insert into MaterialeGenericoEdificio (Muratura, MaterialeGenerico) values ('MUR27779', 2024502);
insert into MaterialeGenericoEdificio (Muratura, MaterialeGenerico) values ('MUR27794', 2075848);
insert into MaterialeGenericoEdificio (Muratura, MaterialeGenerico) values ('MUR28981', 2080768);
insert into MaterialeGenericoEdificio (Muratura, MaterialeGenerico) values ('MUR29756', 2168289);
insert into MaterialeGenericoEdificio (Muratura, MaterialeGenerico) values ('MUR29805', 2299090);
insert into MaterialeGenericoEdificio (Muratura, MaterialeGenerico) values ('MUR31189', 2417264);
insert into MaterialeGenericoEdificio (Muratura, MaterialeGenerico) values ('MUR31363', 2438142);
insert into MaterialeGenericoEdificio (Muratura, MaterialeGenerico) values ('MUR31453', 2507412);
insert into MaterialeGenericoEdificio (Muratura, MaterialeGenerico) values ('MUR31796', 2519473);
insert into MaterialeGenericoEdificio (Muratura, MaterialeGenerico) values ('MUR31802', 2558554);
insert into MaterialeGenericoEdificio (Muratura, MaterialeGenerico) values ('MUR33396', 2565626);
insert into MaterialeGenericoEdificio (Muratura, MaterialeGenerico) values ('MUR33510', 2625643);
insert into MaterialeGenericoEdificio (Muratura, MaterialeGenerico) values ('MUR34176', 2651002);
insert into MaterialeGenericoEdificio (Muratura, MaterialeGenerico) values ('MUR35417', 2666530);
insert into MaterialeGenericoEdificio (Muratura, MaterialeGenerico) values ('MUR35565', 2721594);
insert into MaterialeGenericoEdificio (Muratura, MaterialeGenerico) values ('MUR35582', 2874040);
insert into MaterialeGenericoEdificio (Muratura, MaterialeGenerico) values ('MUR35942', 2895880);
insert into MaterialeGenericoEdificio (Muratura, MaterialeGenerico) values ('MUR36233', 2920935);
insert into MaterialeGenericoEdificio (Muratura, MaterialeGenerico) values ('MUR37320', 2947797);
insert into MaterialeGenericoEdificio (Muratura, MaterialeGenerico) values ('MUR37672', 2995114);
insert into MaterialeGenericoEdificio (Muratura, MaterialeGenerico) values ('MUR38019', 3061981);
insert into MaterialeGenericoEdificio (Muratura, MaterialeGenerico) values ('MUR38739', 3089338);
insert into MaterialeGenericoEdificio (Muratura, MaterialeGenerico) values ('MUR41632', 3120052);
insert into MaterialeGenericoEdificio (Muratura, MaterialeGenerico) values ('MUR41668', 3133049);
insert into MaterialeGenericoEdificio (Muratura, MaterialeGenerico) values ('MUR42677', 3140465);
insert into MaterialeGenericoEdificio (Muratura, MaterialeGenerico) values ('MUR42987', 3170477);
insert into MaterialeGenericoEdificio (Muratura, MaterialeGenerico) values ('MUR43754', 3172141);
insert into MaterialeGenericoEdificio (Muratura, MaterialeGenerico) values ('MUR44733', 3184953);
insert into MaterialeGenericoEdificio (Muratura, MaterialeGenerico) values ('MUR44823', 3197143);
insert into MaterialeGenericoEdificio (Muratura, MaterialeGenerico) values ('MUR45322', 3220244);
insert into MaterialeGenericoEdificio (Muratura, MaterialeGenerico) values ('MUR45998', 3260816);
insert into MaterialeGenericoEdificio (Muratura, MaterialeGenerico) values ('MUR48157', 3292744);
insert into MaterialeGenericoEdificio (Muratura, MaterialeGenerico) values ('MUR48516', 76797);
insert into MaterialeGenericoEdificio (Muratura, MaterialeGenerico) values ('MUR48811', 80427);
insert into MaterialeGenericoEdificio (Muratura, MaterialeGenerico) values ('MUR48815', 82773);
insert into MaterialeGenericoEdificio (Muratura, MaterialeGenerico) values ('MUR49022', 172941);
insert into MaterialeGenericoEdificio (Muratura, MaterialeGenerico) values ('MUR49240', 207895);
insert into MaterialeGenericoEdificio (Muratura, MaterialeGenerico) values ('MUR49349', 225806);
insert into MaterialeGenericoEdificio (Muratura, MaterialeGenerico) values ('MUR50780', 274134);
insert into MaterialeGenericoEdificio (Muratura, MaterialeGenerico) values ('MUR51497', 347209);
insert into MaterialeGenericoEdificio (Muratura, MaterialeGenerico) values ('MUR51552', 437019);
insert into MaterialeGenericoEdificio (Muratura, MaterialeGenerico) values ('MUR53661', 467404);
insert into MaterialeGenericoEdificio (Muratura, MaterialeGenerico) values ('MUR54054', 480677);
insert into MaterialeGenericoEdificio (Muratura, MaterialeGenerico) values ('MUR55894', 581622);
insert into MaterialeGenericoEdificio (Muratura, MaterialeGenerico) values ('MUR56211', 595168);
insert into MaterialeGenericoEdificio (Muratura, MaterialeGenerico) values ('MUR56292', 599886);
insert into MaterialeGenericoEdificio (Muratura, MaterialeGenerico) values ('MUR56443', 628874);
insert into MaterialeGenericoEdificio (Muratura, MaterialeGenerico) values ('MUR56534', 690010);
insert into MaterialeGenericoEdificio (Muratura, MaterialeGenerico) values ('MUR56931', 725691);
insert into MaterialeGenericoEdificio (Muratura, MaterialeGenerico) values ('MUR57570', 726853);
insert into MaterialeGenericoEdificio (Muratura, MaterialeGenerico) values ('MUR58069', 751977);
insert into MaterialeGenericoEdificio (Muratura, MaterialeGenerico) values ('MUR60263', 757661);
insert into MaterialeGenericoEdificio (Muratura, MaterialeGenerico) values ('MUR60384', 791914);
insert into MaterialeGenericoEdificio (Muratura, MaterialeGenerico) values ('MUR60734', 813249);
insert into MaterialeGenericoEdificio (Muratura, MaterialeGenerico) values ('MUR60776', 892385);
insert into MaterialeGenericoEdificio (Muratura, MaterialeGenerico) values ('MUR60823', 916255);
insert into MaterialeGenericoEdificio (Muratura, MaterialeGenerico) values ('MUR60979', 963285);
insert into MaterialeGenericoEdificio (Muratura, MaterialeGenerico) values ('MUR61292', 967608);
insert into MaterialeGenericoEdificio (Muratura, MaterialeGenerico) values ('MUR61621', 989769);
insert into MaterialeGenericoEdificio (Muratura, MaterialeGenerico) values ('MUR62233', 1023246);
insert into MaterialeGenericoEdificio (Muratura, MaterialeGenerico) values ('MUR62649', 1040434);
insert into MaterialeGenericoEdificio (Muratura, MaterialeGenerico) values ('MUR62880', 1096059);
insert into MaterialeGenericoEdificio (Muratura, MaterialeGenerico) values ('MUR63825', 1106562);
insert into MaterialeGenericoEdificio (Muratura, MaterialeGenerico) values ('MUR64629', 1127887);
insert into MaterialeGenericoEdificio (Muratura, MaterialeGenerico) values ('MUR64679', 1193539);
insert into MaterialeGenericoEdificio (Muratura, MaterialeGenerico) values ('MUR64891', 1197581);
insert into MaterialeGenericoEdificio (Muratura, MaterialeGenerico) values ('MUR65015', 1312098);
insert into MaterialeGenericoEdificio (Muratura, MaterialeGenerico) values ('MUR65753', 1381883);
insert into MaterialeGenericoEdificio (Muratura, MaterialeGenerico) values ('MUR65884', 1390248);
insert into MaterialeGenericoEdificio (Muratura, MaterialeGenerico) values ('MUR66441', 1426093);
insert into MaterialeGenericoEdificio (Muratura, MaterialeGenerico) values ('MUR66929', 1443288);
insert into MaterialeGenericoEdificio (Muratura, MaterialeGenerico) values ('MUR67650', 1495252);
insert into MaterialeGenericoEdificio (Muratura, MaterialeGenerico) values ('MUR67916', 1502693);
insert into MaterialeGenericoEdificio (Muratura, MaterialeGenerico) values ('MUR69020', 1577140);
insert into MaterialeGenericoEdificio (Muratura, MaterialeGenerico) values ('MUR69981', 1590964);
insert into MaterialeGenericoEdificio (Muratura, MaterialeGenerico) values ('MUR71098', 1624697);
insert into MaterialeGenericoEdificio (Muratura, MaterialeGenerico) values ('MUR71686', 1668324);
insert into MaterialeGenericoEdificio (Muratura, MaterialeGenerico) values ('MUR71885', 1670722);
insert into MaterialeGenericoEdificio (Muratura, MaterialeGenerico) values ('MUR73603', 1702342);
insert into MaterialeGenericoEdificio (Muratura, MaterialeGenerico) values ('MUR73980', 1708636);
insert into MaterialeGenericoEdificio (Muratura, MaterialeGenerico) values ('MUR74367', 1720063);
insert into MaterialeGenericoEdificio (Muratura, MaterialeGenerico) values ('MUR74929', 1731273);
insert into MaterialeGenericoEdificio (Muratura, MaterialeGenerico) values ('MUR74979', 1739450);
insert into MaterialeGenericoEdificio (Muratura, MaterialeGenerico) values ('MUR75340', 1778386);
insert into MaterialeGenericoEdificio (Muratura, MaterialeGenerico) values ('MUR75740', 1791302);
insert into MaterialeGenericoEdificio (Muratura, MaterialeGenerico) values ('MUR75821', 1794951);
insert into MaterialeGenericoEdificio (Muratura, MaterialeGenerico) values ('MUR75866', 1795462);
insert into MaterialeGenericoEdificio (Muratura, MaterialeGenerico) values ('MUR75945', 1821044);
insert into MaterialeGenericoEdificio (Muratura, MaterialeGenerico) values ('MUR76254', 1877655);
insert into MaterialeGenericoEdificio (Muratura, MaterialeGenerico) values ('MUR78440', 1929698);
insert into MaterialeGenericoEdificio (Muratura, MaterialeGenerico) values ('MUR78856', 2024502);
insert into MaterialeGenericoEdificio (Muratura, MaterialeGenerico) values ('MUR78969', 2075848);
insert into MaterialeGenericoEdificio (Muratura, MaterialeGenerico) values ('MUR79220', 2080768);
insert into MaterialeGenericoEdificio (Muratura, MaterialeGenerico) values ('MUR79234', 2168289);
insert into MaterialeGenericoEdificio (Muratura, MaterialeGenerico) values ('MUR79930', 2299090);
insert into MaterialeGenericoEdificio (Muratura, MaterialeGenerico) values ('MUR79982', 2417264);
insert into MaterialeGenericoEdificio (Muratura, MaterialeGenerico) values ('MUR80957', 2438142);
insert into MaterialeGenericoEdificio (Muratura, MaterialeGenerico) values ('MUR81218', 2507412);
insert into MaterialeGenericoEdificio (Muratura, MaterialeGenerico) values ('MUR81220', 2519473);
insert into MaterialeGenericoEdificio (Muratura, MaterialeGenerico) values ('MUR81760', 2558554);
insert into MaterialeGenericoEdificio (Muratura, MaterialeGenerico) values ('MUR82061', 2565626);
insert into MaterialeGenericoEdificio (Muratura, MaterialeGenerico) values ('MUR83569', 2625643);
insert into MaterialeGenericoEdificio (Muratura, MaterialeGenerico) values ('MUR83614', 2651002);
insert into MaterialeGenericoEdificio (Muratura, MaterialeGenerico) values ('MUR84093', 2666530);
insert into MaterialeGenericoEdificio (Muratura, MaterialeGenerico) values ('MUR85431', 2721594);
insert into MaterialeGenericoEdificio (Muratura, MaterialeGenerico) values ('MUR85528', 2874040);
insert into MaterialeGenericoEdificio (Muratura, MaterialeGenerico) values ('MUR85609', 2895880);
insert into MaterialeGenericoEdificio (Muratura, MaterialeGenerico) values ('MUR85743', 2920935);
insert into MaterialeGenericoEdificio (Muratura, MaterialeGenerico) values ('MUR86243', 2947797);
insert into MaterialeGenericoEdificio (Muratura, MaterialeGenerico) values ('MUR86652', 2995114);
insert into MaterialeGenericoEdificio (Muratura, MaterialeGenerico) values ('MUR87149', 3061981);
insert into MaterialeGenericoEdificio (Muratura, MaterialeGenerico) values ('MUR87697', 3089338);
insert into MaterialeGenericoEdificio (Muratura, MaterialeGenerico) values ('MUR87736', 3120052);
insert into MaterialeGenericoEdificio (Muratura, MaterialeGenerico) values ('MUR87750', 3133049);
insert into MaterialeGenericoEdificio (Muratura, MaterialeGenerico) values ('MUR87936', 3140465);
insert into MaterialeGenericoEdificio (Muratura, MaterialeGenerico) values ('MUR88198', 3170477);
insert into MaterialeGenericoEdificio (Muratura, MaterialeGenerico) values ('MUR89692', 3172141);
insert into MaterialeGenericoEdificio (Muratura, MaterialeGenerico) values ('MUR89989', 3184953);
insert into MaterialeGenericoEdificio (Muratura, MaterialeGenerico) values ('MUR89994', 3197143);
insert into MaterialeGenericoEdificio (Muratura, MaterialeGenerico) values ('MUR90003', 3220244);
insert into MaterialeGenericoEdificio (Muratura, MaterialeGenerico) values ('MUR90352', 3260816);
insert into MaterialeGenericoEdificio (Muratura, MaterialeGenerico) values ('MUR90648', 3292744);
insert into MaterialeGenericoEdificio (Muratura, MaterialeGenerico) values ('MUR91084', 76797);
insert into MaterialeGenericoEdificio (Muratura, MaterialeGenerico) values ('MUR91133', 80427);
insert into MaterialeGenericoEdificio (Muratura, MaterialeGenerico) values ('MUR91347', 82773);
insert into MaterialeGenericoEdificio (Muratura, MaterialeGenerico) values ('MUR91571', 172941);
insert into MaterialeGenericoEdificio (Muratura, MaterialeGenerico) values ('MUR92062', 207895);
insert into MaterialeGenericoEdificio (Muratura, MaterialeGenerico) values ('MUR93858', 225806);
insert into MaterialeGenericoEdificio (Muratura, MaterialeGenerico) values ('MUR93880', 274134);
insert into MaterialeGenericoEdificio (Muratura, MaterialeGenerico) values ('MUR94020', 347209);
insert into MaterialeGenericoEdificio (Muratura, MaterialeGenerico) values ('MUR94024', 437019);
insert into MaterialeGenericoEdificio (Muratura, MaterialeGenerico) values ('MUR95316', 467404);
insert into MaterialeGenericoEdificio (Muratura, MaterialeGenerico) values ('MUR95535', 480677);
insert into MaterialeGenericoEdificio (Muratura, MaterialeGenerico) values ('MUR95769', 581622);
insert into MaterialeGenericoEdificio (Muratura, MaterialeGenerico) values ('MUR96246', 595168);
insert into MaterialeGenericoEdificio (Muratura, MaterialeGenerico) values ('MUR97389', 599886);
insert into MaterialeGenericoEdificio (Muratura, MaterialeGenerico) values ('MUR97510', 628874);
insert into MaterialeGenericoEdificio (Muratura, MaterialeGenerico) values ('MUR98272', 690010);
insert into MaterialeGenericoEdificio (Muratura, MaterialeGenerico) values ('MUR98314', 725691);
insert into MaterialeGenericoEdificio (Muratura, MaterialeGenerico) values ('MUR99300', 726853);
insert into MaterialeGenericoEdificio (Muratura, MaterialeGenerico) values ('MUR00904', 751977);
insert into MaterialeGenericoEdificio (Muratura, MaterialeGenerico) values ('MUR01501', 757661);
insert into MaterialeGenericoEdificio (Muratura, MaterialeGenerico) values ('MUR01641', 791914);
insert into MaterialeGenericoEdificio (Muratura, MaterialeGenerico) values ('MUR05112', 813249);
insert into MaterialeGenericoEdificio (Muratura, MaterialeGenerico) values ('MUR06911', 892385);
insert into MaterialeGenericoEdificio (Muratura, MaterialeGenerico) values ('MUR06917', 916255);
insert into MaterialeGenericoEdificio (Muratura, MaterialeGenerico) values ('MUR07660', 963285);
insert into MaterialeGenericoEdificio (Muratura, MaterialeGenerico) values ('MUR07841', 967608);
insert into MaterialeGenericoEdificio (Muratura, MaterialeGenerico) values ('MUR07895', 989769);
insert into MaterialeGenericoEdificio (Muratura, MaterialeGenerico) values ('MUR08059', 1023246);
insert into MaterialeGenericoEdificio (Muratura, MaterialeGenerico) values ('MUR08089', 1040434);
insert into MaterialeGenericoEdificio (Muratura, MaterialeGenerico) values ('MUR08282', 1096059);
insert into MaterialeGenericoEdificio (Muratura, MaterialeGenerico) values ('MUR08362', 1106562);
insert into MaterialeGenericoEdificio (Muratura, MaterialeGenerico) values ('MUR08745', 1127887);
insert into MaterialeGenericoEdificio (Muratura, MaterialeGenerico) values ('MUR08767', 1193539);
insert into MaterialeGenericoEdificio (Muratura, MaterialeGenerico) values ('MUR08790', 1197581);
insert into MaterialeGenericoEdificio (Muratura, MaterialeGenerico) values ('MUR09015', 1312098);
insert into MaterialeGenericoEdificio (Muratura, MaterialeGenerico) values ('MUR09511', 1381883);
insert into MaterialeGenericoEdificio (Muratura, MaterialeGenerico) values ('MUR09533', 1390248);
insert into MaterialeGenericoEdificio (Muratura, MaterialeGenerico) values ('MUR09985', 1426093);
insert into MaterialeGenericoEdificio (Muratura, MaterialeGenerico) values ('MUR10002', 1443288);
insert into MaterialeGenericoEdificio (Muratura, MaterialeGenerico) values ('MUR10242', 1495252);
insert into MaterialeGenericoEdificio (Muratura, MaterialeGenerico) values ('MUR10597', 1502693);
insert into MaterialeGenericoEdificio (Muratura, MaterialeGenerico) values ('MUR10940', 1577140);
insert into MaterialeGenericoEdificio (Muratura, MaterialeGenerico) values ('MUR12623', 1590964);
insert into MaterialeGenericoEdificio (Muratura, MaterialeGenerico) values ('MUR13027', 1624697);
insert into MaterialeGenericoEdificio (Muratura, MaterialeGenerico) values ('MUR13408', 1668324);
insert into MaterialeGenericoEdificio (Muratura, MaterialeGenerico) values ('MUR13758', 1670722);
insert into MaterialeGenericoEdificio (Muratura, MaterialeGenerico) values ('MUR13894', 1702342);
insert into MaterialeGenericoEdificio (Muratura, MaterialeGenerico) values ('MUR14051', 1708636);
insert into MaterialeGenericoEdificio (Muratura, MaterialeGenerico) values ('MUR14674', 1720063);
insert into MaterialeGenericoEdificio (Muratura, MaterialeGenerico) values ('MUR15120', 1731273);
insert into MaterialeGenericoEdificio (Muratura, MaterialeGenerico) values ('MUR15531', 1739450);
insert into MaterialeGenericoEdificio (Muratura, MaterialeGenerico) values ('MUR15583', 1778386);
insert into MaterialeGenericoEdificio (Muratura, MaterialeGenerico) values ('MUR16065', 1791302);
insert into MaterialeGenericoEdificio (Muratura, MaterialeGenerico) values ('MUR16495', 1794951);
insert into MaterialeGenericoEdificio (Muratura, MaterialeGenerico) values ('MUR16848', 1795462);
insert into MaterialeGenericoEdificio (Muratura, MaterialeGenerico) values ('MUR19362', 1821044);
insert into MaterialeGenericoEdificio (Muratura, MaterialeGenerico) values ('MUR19377', 1877655);
insert into MaterialeGenericoEdificio (Muratura, MaterialeGenerico) values ('MUR19564', 1929698);
insert into MaterialeGenericoEdificio (Muratura, MaterialeGenerico) values ('MUR19817', 2024502);
insert into MaterialeGenericoEdificio (Muratura, MaterialeGenerico) values ('MUR20050', 2075848);
insert into MaterialeGenericoEdificio (Muratura, MaterialeGenerico) values ('MUR20369', 2080768);
insert into MaterialeGenericoEdificio (Muratura, MaterialeGenerico) values ('MUR20637', 2168289);
insert into MaterialeGenericoEdificio (Muratura, MaterialeGenerico) values ('MUR20802', 2299090);
insert into MaterialeGenericoEdificio (Muratura, MaterialeGenerico) values ('MUR21080', 2417264);
insert into MaterialeGenericoEdificio (Muratura, MaterialeGenerico) values ('MUR21160', 2438142);
insert into MaterialeGenericoEdificio (Muratura, MaterialeGenerico) values ('MUR21851', 2507412);
insert into MaterialeGenericoEdificio (Muratura, MaterialeGenerico) values ('MUR22763', 2519473);
insert into MaterialeGenericoEdificio (Muratura, MaterialeGenerico) values ('MUR22790', 2558554);
insert into MaterialeGenericoEdificio (Muratura, MaterialeGenerico) values ('MUR23409', 2565626);
insert into MaterialeGenericoEdificio (Muratura, MaterialeGenerico) values ('MUR24627', 2625643);

insert into UtilizzoMaterialeGenerico (Lavoro, MaterialeGenerico) values ('CostruzioneMurature', 76797);
insert into UtilizzoMaterialeGenerico (Lavoro, MaterialeGenerico) values ('DelineazionePiani', 80427);
insert into UtilizzoMaterialeGenerico (Lavoro, MaterialeGenerico) values ('DettagliEsterni', 82773);
insert into UtilizzoMaterialeGenerico (Lavoro, MaterialeGenerico) values ('DettagliInterni', 172941);
insert into UtilizzoMaterialeGenerico (Lavoro, MaterialeGenerico) values ('Fondamenta', 207895);
insert into UtilizzoMaterialeGenerico (Lavoro, MaterialeGenerico) values ('Imbiancatura', 225806);
insert into UtilizzoMaterialeGenerico (Lavoro, MaterialeGenerico) values ('InstallazioneInfissi', 274134);
insert into UtilizzoMaterialeGenerico (Lavoro, MaterialeGenerico) values ('PreparazioneDelTerritorio', 347209);
insert into UtilizzoMaterialeGenerico (Lavoro, MaterialeGenerico) values ('CostruzioneMurature', 437019);
insert into UtilizzoMaterialeGenerico (Lavoro, MaterialeGenerico) values ('DelineazionePiani', 467404);
insert into UtilizzoMaterialeGenerico (Lavoro, MaterialeGenerico) values ('DettagliEsterni', 480677);
insert into UtilizzoMaterialeGenerico (Lavoro, MaterialeGenerico) values ('DettagliInterni', 581622);
insert into UtilizzoMaterialeGenerico (Lavoro, MaterialeGenerico) values ('Fondamenta', 595168);
insert into UtilizzoMaterialeGenerico (Lavoro, MaterialeGenerico) values ('Imbiancatura', 599886);
insert into UtilizzoMaterialeGenerico (Lavoro, MaterialeGenerico) values ('InstallazioneInfissi', 628874);
insert into UtilizzoMaterialeGenerico (Lavoro, MaterialeGenerico) values ('PreparazioneDelTerritorio', 690010);
insert into UtilizzoMaterialeGenerico (Lavoro, MaterialeGenerico) values ('CostruzioneMurature', 725691);
insert into UtilizzoMaterialeGenerico (Lavoro, MaterialeGenerico) values ('DelineazionePiani', 726853);
insert into UtilizzoMaterialeGenerico (Lavoro, MaterialeGenerico) values ('DettagliEsterni', 751977);
insert into UtilizzoMaterialeGenerico (Lavoro, MaterialeGenerico) values ('DettagliInterni', 757661);
insert into UtilizzoMaterialeGenerico (Lavoro, MaterialeGenerico) values ('Fondamenta', 791914);
insert into UtilizzoMaterialeGenerico (Lavoro, MaterialeGenerico) values ('Imbiancatura', 813249);
insert into UtilizzoMaterialeGenerico (Lavoro, MaterialeGenerico) values ('InstallazioneInfissi', 892385);
insert into UtilizzoMaterialeGenerico (Lavoro, MaterialeGenerico) values ('PreparazioneDelTerritorio', 916255);
insert into UtilizzoMaterialeGenerico (Lavoro, MaterialeGenerico) values ('CostruzioneMurature', 963285);
insert into UtilizzoMaterialeGenerico (Lavoro, MaterialeGenerico) values ('DelineazionePiani', 967608);
insert into UtilizzoMaterialeGenerico (Lavoro, MaterialeGenerico) values ('DettagliEsterni', 989769);
insert into UtilizzoMaterialeGenerico (Lavoro, MaterialeGenerico) values ('DettagliInterni', 1023246);
insert into UtilizzoMaterialeGenerico (Lavoro, MaterialeGenerico) values ('Fondamenta', 1040434);
insert into UtilizzoMaterialeGenerico (Lavoro, MaterialeGenerico) values ('Imbiancatura', 1096059);
insert into UtilizzoMaterialeGenerico (Lavoro, MaterialeGenerico) values ('InstallazioneInfissi', 1106562);
insert into UtilizzoMaterialeGenerico (Lavoro, MaterialeGenerico) values ('PreparazioneDelTerritorio', 1127887);
insert into UtilizzoMaterialeGenerico (Lavoro, MaterialeGenerico) values ('CostruzioneMurature', 1193539);
insert into UtilizzoMaterialeGenerico (Lavoro, MaterialeGenerico) values ('DelineazionePiani', 1197581);
insert into UtilizzoMaterialeGenerico (Lavoro, MaterialeGenerico) values ('DettagliEsterni', 1312098);
insert into UtilizzoMaterialeGenerico (Lavoro, MaterialeGenerico) values ('DettagliInterni', 1381883);
insert into UtilizzoMaterialeGenerico (Lavoro, MaterialeGenerico) values ('Fondamenta', 1390248);
insert into UtilizzoMaterialeGenerico (Lavoro, MaterialeGenerico) values ('Imbiancatura', 1426093);
insert into UtilizzoMaterialeGenerico (Lavoro, MaterialeGenerico) values ('InstallazioneInfissi', 1443288);
insert into UtilizzoMaterialeGenerico (Lavoro, MaterialeGenerico) values ('PreparazioneDelTerritorio', 1495252);
insert into UtilizzoMaterialeGenerico (Lavoro, MaterialeGenerico) values ('CostruzioneMurature', 1502693);
insert into UtilizzoMaterialeGenerico (Lavoro, MaterialeGenerico) values ('DelineazionePiani', 1577140);
insert into UtilizzoMaterialeGenerico (Lavoro, MaterialeGenerico) values ('DettagliEsterni', 1590964);
insert into UtilizzoMaterialeGenerico (Lavoro, MaterialeGenerico) values ('DettagliInterni', 1624697);
insert into UtilizzoMaterialeGenerico (Lavoro, MaterialeGenerico) values ('Fondamenta', 1668324);
insert into UtilizzoMaterialeGenerico (Lavoro, MaterialeGenerico) values ('Imbiancatura', 1670722);
insert into UtilizzoMaterialeGenerico (Lavoro, MaterialeGenerico) values ('InstallazioneInfissi', 1702342);
insert into UtilizzoMaterialeGenerico (Lavoro, MaterialeGenerico) values ('PreparazioneDelTerritorio', 1708636);
insert into UtilizzoMaterialeGenerico (Lavoro, MaterialeGenerico) values ('CostruzioneMurature', 1720063);
insert into UtilizzoMaterialeGenerico (Lavoro, MaterialeGenerico) values ('DelineazionePiani', 1731273);

insert into Intonaco (CodiceLotto, Nome, DataAcquisto, Costo, NomeFornitore, Quantita, Costituzione, Larghezza, Lunghezza, Spessore) values ('4146481', 'Intonaco', '1975-05-14', 11, 'PellegriniSRL', 22, 'CertificataSecondoLaNormaVigente', 4, 9, 1);
insert into Intonaco (CodiceLotto, Nome, DataAcquisto, Costo, NomeFornitore, Quantita, Costituzione, Larghezza, Lunghezza, Spessore) values ('2620020', 'Intonaco', '2008-11-14', 11, 'Colorama', 4, 'CertificataSecondoLaNormaVigente', 8, 2, 1);
insert into Intonaco (CodiceLotto, Nome, DataAcquisto, Costo, NomeFornitore, Quantita, Costituzione, Larghezza, Lunghezza, Spessore) values ('6279096', 'Intonaco', '1979-01-29', 11, 'MonteOlimpoSPA', 34, 'CertificataSecondoLaNormaVigente', 9, 10, 7);
insert into Intonaco (CodiceLotto, Nome, DataAcquisto, Costo, NomeFornitore, Quantita, Costituzione, Larghezza, Lunghezza, Spessore) values ('7720609', 'Intonaco', '1994-01-27', 11, 'PellegriniSRL', 27, 'CertificataSecondoLaNormaVigente', 6, 6, 8);
insert into Intonaco (CodiceLotto, Nome, DataAcquisto, Costo, NomeFornitore, Quantita, Costituzione, Larghezza, Lunghezza, Spessore) values ('2370911', 'Intonaco', '2012-10-26', 11, 'ThorSRL', 15, 'CertificataSecondoLaNormaVigente', 3, 9, 9);
insert into Intonaco (CodiceLotto, Nome, DataAcquisto, Costo, NomeFornitore, Quantita, Costituzione, Larghezza, Lunghezza, Spessore) values ('8232452', 'Intonaco', '1986-08-01', 11, 'MonteOlimpoSPA', 31, 'CertificataSecondoLaNormaVigente', 7, 9, 3);
insert into Intonaco (CodiceLotto, Nome, DataAcquisto, Costo, NomeFornitore, Quantita, Costituzione, Larghezza, Lunghezza, Spessore) values ('8770436', 'Intonaco', '1977-08-15', 11, 'MrBrico', 16, 'CertificataSecondoLaNormaVigente', 9, 3, 6);
insert into Intonaco (CodiceLotto, Nome, DataAcquisto, Costo, NomeFornitore, Quantita, Costituzione, Larghezza, Lunghezza, Spessore) values ('6316126', 'Intonaco', '2013-11-06', 11, 'PellegriniSRL', 13, 'CertificataSecondoLaNormaVigente', 9, 9, 8);
insert into Intonaco (CodiceLotto, Nome, DataAcquisto, Costo, NomeFornitore, Quantita, Costituzione, Larghezza, Lunghezza, Spessore) values ('5513443', 'Intonaco', '1983-01-09', 11, 'Colorama', 10, 'CertificataSecondoLaNormaVigente', 5, 4, 9);
insert into Intonaco (CodiceLotto, Nome, DataAcquisto, Costo, NomeFornitore, Quantita, Costituzione, Larghezza, Lunghezza, Spessore) values ('6890713', 'Intonaco', '2003-03-29', 11, 'IronManSRL', 6, 'CertificataSecondoLaNormaVigente', 7, 3, 7);
insert into Intonaco (CodiceLotto, Nome, DataAcquisto, Costo, NomeFornitore, Quantita, Costituzione, Larghezza, Lunghezza, Spessore) values ('8573866', 'Intonaco', '1999-09-21', 11, 'Colorama', 30, 'CertificataSecondoLaNormaVigente', 2, 3, 4);
insert into Intonaco (CodiceLotto, Nome, DataAcquisto, Costo, NomeFornitore, Quantita, Costituzione, Larghezza, Lunghezza, Spessore) values ('8101289', 'Intonaco', '1979-12-13', 11, 'ThorSRL', 15, 'CertificataSecondoLaNormaVigente', 9, 6, 1);
insert into Intonaco (CodiceLotto, Nome, DataAcquisto, Costo, NomeFornitore, Quantita, Costituzione, Larghezza, Lunghezza, Spessore) values ('7227244', 'Intonaco', '1983-01-03', 11, 'PellegriniSRL', 19, 'CertificataSecondoLaNormaVigente', 8, 5, 9);
insert into Intonaco (CodiceLotto, Nome, DataAcquisto, Costo, NomeFornitore, Quantita, Costituzione, Larghezza, Lunghezza, Spessore) values ('5030254', 'Intonaco', '1989-09-13', 11, 'Colorama', 11, 'CertificataSecondoLaNormaVigente', 7, 7, 9);
insert into Intonaco (CodiceLotto, Nome, DataAcquisto, Costo, NomeFornitore, Quantita, Costituzione, Larghezza, Lunghezza, Spessore) values ('2933098', 'Intonaco', '1998-03-25', 11, 'PellegriniSRL', 27, 'CertificataSecondoLaNormaVigente', 1, 8, 3);
insert into Intonaco (CodiceLotto, Nome, DataAcquisto, Costo, NomeFornitore, Quantita, Costituzione, Larghezza, Lunghezza, Spessore) values ('9512327', 'Intonaco', '1986-03-31', 11, 'Colorama', 10, 'CertificataSecondoLaNormaVigente', 8, 6, 1);
insert into Intonaco (CodiceLotto, Nome, DataAcquisto, Costo, NomeFornitore, Quantita, Costituzione, Larghezza, Lunghezza, Spessore) values ('4350874', 'Intonaco', '2021-08-18', 11, 'MrBrico', 2, 'CertificataSecondoLaNormaVigente', 4, 3, 3);
insert into Intonaco (CodiceLotto, Nome, DataAcquisto, Costo, NomeFornitore, Quantita, Costituzione, Larghezza, Lunghezza, Spessore) values ('9715512', 'Intonaco', '2000-11-16', 11, 'PellegriniSRL', 27, 'CertificataSecondoLaNormaVigente', 2, 4, 7);
insert into Intonaco (CodiceLotto, Nome, DataAcquisto, Costo, NomeFornitore, Quantita, Costituzione, Larghezza, Lunghezza, Spessore) values ('1917952', 'Intonaco', '1976-12-17', 11, 'IronManSRL', 29, 'CertificataSecondoLaNormaVigente', 1, 6, 1);
insert into Intonaco (CodiceLotto, Nome, DataAcquisto, Costo, NomeFornitore, Quantita, Costituzione, Larghezza, Lunghezza, Spessore) values ('8108165', 'Intonaco', '1970-12-02', 11, 'MrBrico', 8, 'CertificataSecondoLaNormaVigente', 2, 2, 10);
insert into Intonaco (CodiceLotto, Nome, DataAcquisto, Costo, NomeFornitore, Quantita, Costituzione, Larghezza, Lunghezza, Spessore) values ('5929811', 'Intonaco', '1982-08-08', 11, 'Colorama', 1, 'CertificataSecondoLaNormaVigente', 6, 3, 9);
insert into Intonaco (CodiceLotto, Nome, DataAcquisto, Costo, NomeFornitore, Quantita, Costituzione, Larghezza, Lunghezza, Spessore) values ('1230229', 'Intonaco', '1994-08-25', 11, 'Colorama', 19, 'CertificataSecondoLaNormaVigente', 2, 1, 8);
insert into Intonaco (CodiceLotto, Nome, DataAcquisto, Costo, NomeFornitore, Quantita, Costituzione, Larghezza, Lunghezza, Spessore) values ('4893035', 'Intonaco', '2015-12-10', 11, 'Colorama', 18, 'CertificataSecondoLaNormaVigente', 7, 9, 3);
insert into Intonaco (CodiceLotto, Nome, DataAcquisto, Costo, NomeFornitore, Quantita, Costituzione, Larghezza, Lunghezza, Spessore) values ('4803923', 'Intonaco', '2012-03-18', 22, 'IronManSRL', 30, 'CertificataSecondoLaNormaVigente', 4, 8, 4);
insert into Intonaco (CodiceLotto, Nome, DataAcquisto, Costo, NomeFornitore, Quantita, Costituzione, Larghezza, Lunghezza, Spessore) values ('5958506', 'Intonaco', '2015-02-24', 22, 'MonteOlimpoSPA', 17, 'CertificataSecondoLaNormaVigente', 3, 5, 6);

insert into UtilizzoIntonaco (Lavoro, Intonaco) values ('CostruzioneMurature', 1230229);
insert into UtilizzoIntonaco (Lavoro, Intonaco) values ('DelineazionePiani', 1917952);
insert into UtilizzoIntonaco (Lavoro, Intonaco) values ('CostruzioneMurature', 2370911);
insert into UtilizzoIntonaco (Lavoro, Intonaco) values ('DelineazionePiani', 2620020);
insert into UtilizzoIntonaco (Lavoro, Intonaco) values ('CostruzioneMurature', 2933098);
insert into UtilizzoIntonaco (Lavoro, Intonaco) values ('DelineazionePiani', 4146481);
insert into UtilizzoIntonaco (Lavoro, Intonaco) values ('CostruzioneMurature', 4350874);
insert into UtilizzoIntonaco (Lavoro, Intonaco) values ('DelineazionePiani', 4803923);
insert into UtilizzoIntonaco (Lavoro, Intonaco) values ('CostruzioneMurature', 4893035);
insert into UtilizzoIntonaco (Lavoro, Intonaco) values ('DelineazionePiani', 5030254);
insert into UtilizzoIntonaco (Lavoro, Intonaco) values ('CostruzioneMurature', 5513443);
insert into UtilizzoIntonaco (Lavoro, Intonaco) values ('DelineazionePiani', 5929811);
insert into UtilizzoIntonaco (Lavoro, Intonaco) values ('CostruzioneMurature', 5958506);
insert into UtilizzoIntonaco (Lavoro, Intonaco) values ('DelineazionePiani', 6279096);
insert into UtilizzoIntonaco (Lavoro, Intonaco) values ('CostruzioneMurature', 6316126);
insert into UtilizzoIntonaco (Lavoro, Intonaco) values ('DelineazionePiani', 6890713);
insert into UtilizzoIntonaco (Lavoro, Intonaco) values ('CostruzioneMurature', 7227244);
insert into UtilizzoIntonaco (Lavoro, Intonaco) values ('DelineazionePiani', 7720609);
insert into UtilizzoIntonaco (Lavoro, Intonaco) values ('CostruzioneMurature', 8101289);
insert into UtilizzoIntonaco (Lavoro, Intonaco) values ('DelineazionePiani', 8108165);
insert into UtilizzoIntonaco (Lavoro, Intonaco) values ('CostruzioneMurature', 8232452);
insert into UtilizzoIntonaco (Lavoro, Intonaco) values ('DelineazionePiani', 8573866);
insert into UtilizzoIntonaco (Lavoro, Intonaco) values ('CostruzioneMurature', 8770436);
insert into UtilizzoIntonaco (Lavoro, Intonaco) values ('DelineazionePiani', 9512327);
insert into UtilizzoIntonaco (Lavoro, Intonaco) values ('CostruzioneMurature', 9715512);
insert into UtilizzoIntonaco (Lavoro, Intonaco) values ('DelineazionePiani', 1230229);
insert into UtilizzoIntonaco (Lavoro, Intonaco) values ('CostruzioneMurature', 1917952);
insert into UtilizzoIntonaco (Lavoro, Intonaco) values ('DelineazionePiani', 2370911);
insert into UtilizzoIntonaco (Lavoro, Intonaco) values ('CostruzioneMurature', 2620020);
insert into UtilizzoIntonaco (Lavoro, Intonaco) values ('DelineazionePiani', 2933098);
insert into UtilizzoIntonaco (Lavoro, Intonaco) values ('CostruzioneMurature', 4146481);
insert into UtilizzoIntonaco (Lavoro, Intonaco) values ('DelineazionePiani', 4350874);
insert into UtilizzoIntonaco (Lavoro, Intonaco) values ('CostruzioneMurature', 4803923);
insert into UtilizzoIntonaco (Lavoro, Intonaco) values ('DelineazionePiani', 4893035);
insert into UtilizzoIntonaco (Lavoro, Intonaco) values ('CostruzioneMurature', 5030254);

insert into IntonacoEdificio (Muratura, Intonaco) values ('MUR00904', 1230229);
insert into IntonacoEdificio (Muratura, Intonaco) values ('MUR01501', 1917952);
insert into IntonacoEdificio (Muratura, Intonaco) values ('MUR01641', 2370911);
insert into IntonacoEdificio (Muratura, Intonaco) values ('MUR05112', 2620020);
insert into IntonacoEdificio (Muratura, Intonaco) values ('MUR06911', 2933098);
insert into IntonacoEdificio (Muratura, Intonaco) values ('MUR06917', 4146481);
insert into IntonacoEdificio (Muratura, Intonaco) values ('MUR07660', 4350874);
insert into IntonacoEdificio (Muratura, Intonaco) values ('MUR07841', 4803923);
insert into IntonacoEdificio (Muratura, Intonaco) values ('MUR07895', 4893035);
insert into IntonacoEdificio (Muratura, Intonaco) values ('MUR08059', 5030254);
insert into IntonacoEdificio (Muratura, Intonaco) values ('MUR08089', 5513443);
insert into IntonacoEdificio (Muratura, Intonaco) values ('MUR08282', 5929811);
insert into IntonacoEdificio (Muratura, Intonaco) values ('MUR08362', 5958506);
insert into IntonacoEdificio (Muratura, Intonaco) values ('MUR08745', 6279096);
insert into IntonacoEdificio (Muratura, Intonaco) values ('MUR08767', 6316126);
insert into IntonacoEdificio (Muratura, Intonaco) values ('MUR08790', 6890713);
insert into IntonacoEdificio (Muratura, Intonaco) values ('MUR09015', 7227244);
insert into IntonacoEdificio (Muratura, Intonaco) values ('MUR09511', 7720609);
insert into IntonacoEdificio (Muratura, Intonaco) values ('MUR09533', 8101289);
insert into IntonacoEdificio (Muratura, Intonaco) values ('MUR09985', 8108165);
insert into IntonacoEdificio (Muratura, Intonaco) values ('MUR10002', 8232452);
insert into IntonacoEdificio (Muratura, Intonaco) values ('MUR10242', 8573866);
insert into IntonacoEdificio (Muratura, Intonaco) values ('MUR10597', 8770436);
insert into IntonacoEdificio (Muratura, Intonaco) values ('MUR10940', 9512327);
insert into IntonacoEdificio (Muratura, Intonaco) values ('MUR12623', 9715512);
insert into IntonacoEdificio (Muratura, Intonaco) values ('MUR13027', 1230229);
insert into IntonacoEdificio (Muratura, Intonaco) values ('MUR13408', 1917952);
insert into IntonacoEdificio (Muratura, Intonaco) values ('MUR13758', 2370911);
insert into IntonacoEdificio (Muratura, Intonaco) values ('MUR13894', 2620020);
insert into IntonacoEdificio (Muratura, Intonaco) values ('MUR14051', 2933098);
insert into IntonacoEdificio (Muratura, Intonaco) values ('MUR14674', 4146481);
insert into IntonacoEdificio (Muratura, Intonaco) values ('MUR15120', 4350874);
insert into IntonacoEdificio (Muratura, Intonaco) values ('MUR15531', 4803923);
insert into IntonacoEdificio (Muratura, Intonaco) values ('MUR15583', 4893035);
insert into IntonacoEdificio (Muratura, Intonaco) values ('MUR16065', 5030254);
insert into IntonacoEdificio (Muratura, Intonaco) values ('MUR16495', 5513443);
insert into IntonacoEdificio (Muratura, Intonaco) values ('MUR16848', 5929811);
insert into IntonacoEdificio (Muratura, Intonaco) values ('MUR19362', 5958506);
insert into IntonacoEdificio (Muratura, Intonaco) values ('MUR19377', 6279096);
insert into IntonacoEdificio (Muratura, Intonaco) values ('MUR19564', 6316126);
insert into IntonacoEdificio (Muratura, Intonaco) values ('MUR19817', 6890713);
insert into IntonacoEdificio (Muratura, Intonaco) values ('MUR20050', 7227244);
insert into IntonacoEdificio (Muratura, Intonaco) values ('MUR20369', 7720609);
insert into IntonacoEdificio (Muratura, Intonaco) values ('MUR20637', 8101289);
insert into IntonacoEdificio (Muratura, Intonaco) values ('MUR20802', 8108165);
insert into IntonacoEdificio (Muratura, Intonaco) values ('MUR21080', 8232452);
insert into IntonacoEdificio (Muratura, Intonaco) values ('MUR21160', 8573866);
insert into IntonacoEdificio (Muratura, Intonaco) values ('MUR21851', 8770436);
insert into IntonacoEdificio (Muratura, Intonaco) values ('MUR22763', 9512327);
insert into IntonacoEdificio (Muratura, Intonaco) values ('MUR22790', 9715512);
insert into IntonacoEdificio (Muratura, Intonaco) values ('MUR23409', 1230229);
insert into IntonacoEdificio (Muratura, Intonaco) values ('MUR24627', 1917952);
insert into IntonacoEdificio (Muratura, Intonaco) values ('MUR25218', 2370911);
insert into IntonacoEdificio (Muratura, Intonaco) values ('MUR25733', 2620020);
insert into IntonacoEdificio (Muratura, Intonaco) values ('MUR26956', 2933098);
insert into IntonacoEdificio (Muratura, Intonaco) values ('MUR27206', 4146481);
insert into IntonacoEdificio (Muratura, Intonaco) values ('MUR27561', 4350874);
insert into IntonacoEdificio (Muratura, Intonaco) values ('MUR27759', 4803923);
insert into IntonacoEdificio (Muratura, Intonaco) values ('MUR27779', 4893035);
insert into IntonacoEdificio (Muratura, Intonaco) values ('MUR27794', 5030254);
insert into IntonacoEdificio (Muratura, Intonaco) values ('MUR28981', 5513443);
insert into IntonacoEdificio (Muratura, Intonaco) values ('MUR29756', 5929811);
insert into IntonacoEdificio (Muratura, Intonaco) values ('MUR29805', 5958506);
insert into IntonacoEdificio (Muratura, Intonaco) values ('MUR31189', 6279096);
insert into IntonacoEdificio (Muratura, Intonaco) values ('MUR31363', 6316126);
insert into IntonacoEdificio (Muratura, Intonaco) values ('MUR31453', 6890713);
insert into IntonacoEdificio (Muratura, Intonaco) values ('MUR31796', 7227244);
insert into IntonacoEdificio (Muratura, Intonaco) values ('MUR31802', 7720609);
insert into IntonacoEdificio (Muratura, Intonaco) values ('MUR33396', 8101289);
insert into IntonacoEdificio (Muratura, Intonaco) values ('MUR33510', 8108165);
insert into IntonacoEdificio (Muratura, Intonaco) values ('MUR34176', 8232452);
insert into IntonacoEdificio (Muratura, Intonaco) values ('MUR35417', 8573866);
insert into IntonacoEdificio (Muratura, Intonaco) values ('MUR35565', 8770436);
insert into IntonacoEdificio (Muratura, Intonaco) values ('MUR35582', 9512327);
insert into IntonacoEdificio (Muratura, Intonaco) values ('MUR35942', 9715512);
insert into IntonacoEdificio (Muratura, Intonaco) values ('MUR36233', 1230229);
insert into IntonacoEdificio (Muratura, Intonaco) values ('MUR37320', 1917952);
insert into IntonacoEdificio (Muratura, Intonaco) values ('MUR37672', 2370911);
insert into IntonacoEdificio (Muratura, Intonaco) values ('MUR38019', 2620020);
insert into IntonacoEdificio (Muratura, Intonaco) values ('MUR38739', 2933098);
insert into IntonacoEdificio (Muratura, Intonaco) values ('MUR41632', 4146481);
insert into IntonacoEdificio (Muratura, Intonaco) values ('MUR41668', 4350874);
insert into IntonacoEdificio (Muratura, Intonaco) values ('MUR42677', 4803923);
insert into IntonacoEdificio (Muratura, Intonaco) values ('MUR42987', 4893035);
insert into IntonacoEdificio (Muratura, Intonaco) values ('MUR43754', 5030254);
insert into IntonacoEdificio (Muratura, Intonaco) values ('MUR44733', 5513443);
insert into IntonacoEdificio (Muratura, Intonaco) values ('MUR44823', 5929811);
insert into IntonacoEdificio (Muratura, Intonaco) values ('MUR45322', 5958506);
insert into IntonacoEdificio (Muratura, Intonaco) values ('MUR45998', 6279096);
insert into IntonacoEdificio (Muratura, Intonaco) values ('MUR48157', 6316126);
insert into IntonacoEdificio (Muratura, Intonaco) values ('MUR48516', 6890713);
insert into IntonacoEdificio (Muratura, Intonaco) values ('MUR48811', 7227244);
insert into IntonacoEdificio (Muratura, Intonaco) values ('MUR48815', 7720609);
insert into IntonacoEdificio (Muratura, Intonaco) values ('MUR49022', 8101289);
insert into IntonacoEdificio (Muratura, Intonaco) values ('MUR49240', 8108165);
insert into IntonacoEdificio (Muratura, Intonaco) values ('MUR49349', 8232452);
insert into IntonacoEdificio (Muratura, Intonaco) values ('MUR50780', 8573866);
insert into IntonacoEdificio (Muratura, Intonaco) values ('MUR51497', 8770436);
insert into IntonacoEdificio (Muratura, Intonaco) values ('MUR51552', 9512327);
insert into IntonacoEdificio (Muratura, Intonaco) values ('MUR53661', 9715512);
insert into IntonacoEdificio (Muratura, Intonaco) values ('MUR54054', 1230229);
insert into IntonacoEdificio (Muratura, Intonaco) values ('MUR55894', 1917952);
insert into IntonacoEdificio (Muratura, Intonaco) values ('MUR56211', 2370911);
insert into IntonacoEdificio (Muratura, Intonaco) values ('MUR56292', 2620020);
insert into IntonacoEdificio (Muratura, Intonaco) values ('MUR56443', 2933098);
insert into IntonacoEdificio (Muratura, Intonaco) values ('MUR56534', 4146481);
insert into IntonacoEdificio (Muratura, Intonaco) values ('MUR56931', 4350874);
insert into IntonacoEdificio (Muratura, Intonaco) values ('MUR57570', 4803923);
insert into IntonacoEdificio (Muratura, Intonaco) values ('MUR58069', 4893035);
insert into IntonacoEdificio (Muratura, Intonaco) values ('MUR60263', 5030254);
insert into IntonacoEdificio (Muratura, Intonaco) values ('MUR60384', 5513443);
insert into IntonacoEdificio (Muratura, Intonaco) values ('MUR60734', 5929811);
insert into IntonacoEdificio (Muratura, Intonaco) values ('MUR60776', 5958506);
insert into IntonacoEdificio (Muratura, Intonaco) values ('MUR60823', 6279096);
insert into IntonacoEdificio (Muratura, Intonaco) values ('MUR60979', 6316126);
insert into IntonacoEdificio (Muratura, Intonaco) values ('MUR61292', 6890713);
insert into IntonacoEdificio (Muratura, Intonaco) values ('MUR61621', 7227244);
insert into IntonacoEdificio (Muratura, Intonaco) values ('MUR62233', 7720609);
insert into IntonacoEdificio (Muratura, Intonaco) values ('MUR62649', 8101289);
insert into IntonacoEdificio (Muratura, Intonaco) values ('MUR62880', 8108165);
insert into IntonacoEdificio (Muratura, Intonaco) values ('MUR63825', 8232452);
insert into IntonacoEdificio (Muratura, Intonaco) values ('MUR64629', 8573866);
insert into IntonacoEdificio (Muratura, Intonaco) values ('MUR64679', 8770436);
insert into IntonacoEdificio (Muratura, Intonaco) values ('MUR64891', 9512327);
insert into IntonacoEdificio (Muratura, Intonaco) values ('MUR65015', 9715512);
insert into IntonacoEdificio (Muratura, Intonaco) values ('MUR65753', 1230229);
insert into IntonacoEdificio (Muratura, Intonaco) values ('MUR65884', 1917952);
insert into IntonacoEdificio (Muratura, Intonaco) values ('MUR66441', 2370911);
insert into IntonacoEdificio (Muratura, Intonaco) values ('MUR66929', 2620020);
insert into IntonacoEdificio (Muratura, Intonaco) values ('MUR67650', 2933098);
insert into IntonacoEdificio (Muratura, Intonaco) values ('MUR67916', 4146481);
insert into IntonacoEdificio (Muratura, Intonaco) values ('MUR69020', 4350874);
insert into IntonacoEdificio (Muratura, Intonaco) values ('MUR69981', 4803923);
insert into IntonacoEdificio (Muratura, Intonaco) values ('MUR71098', 4893035);
insert into IntonacoEdificio (Muratura, Intonaco) values ('MUR71686', 5030254);
insert into IntonacoEdificio (Muratura, Intonaco) values ('MUR71885', 5513443);
insert into IntonacoEdificio (Muratura, Intonaco) values ('MUR73603', 5929811);
insert into IntonacoEdificio (Muratura, Intonaco) values ('MUR73980', 5958506);
insert into IntonacoEdificio (Muratura, Intonaco) values ('MUR74367', 6279096);
insert into IntonacoEdificio (Muratura, Intonaco) values ('MUR74929', 6316126);
insert into IntonacoEdificio (Muratura, Intonaco) values ('MUR74979', 6890713);
insert into IntonacoEdificio (Muratura, Intonaco) values ('MUR75340', 7227244);
insert into IntonacoEdificio (Muratura, Intonaco) values ('MUR75740', 7720609);
insert into IntonacoEdificio (Muratura, Intonaco) values ('MUR75821', 8101289);
insert into IntonacoEdificio (Muratura, Intonaco) values ('MUR75866', 8108165);
insert into IntonacoEdificio (Muratura, Intonaco) values ('MUR75945', 8232452);
insert into IntonacoEdificio (Muratura, Intonaco) values ('MUR76254', 8573866);
insert into IntonacoEdificio (Muratura, Intonaco) values ('MUR78440', 8770436);
insert into IntonacoEdificio (Muratura, Intonaco) values ('MUR78856', 9512327);
insert into IntonacoEdificio (Muratura, Intonaco) values ('MUR78969', 9715512);
insert into IntonacoEdificio (Muratura, Intonaco) values ('MUR79220', 1230229);
insert into IntonacoEdificio (Muratura, Intonaco) values ('MUR79234', 1917952);
insert into IntonacoEdificio (Muratura, Intonaco) values ('MUR79930', 2370911);
insert into IntonacoEdificio (Muratura, Intonaco) values ('MUR79982', 2620020);
insert into IntonacoEdificio (Muratura, Intonaco) values ('MUR80957', 2933098);
insert into IntonacoEdificio (Muratura, Intonaco) values ('MUR81218', 4146481);
insert into IntonacoEdificio (Muratura, Intonaco) values ('MUR81220', 4350874);
insert into IntonacoEdificio (Muratura, Intonaco) values ('MUR81760', 4803923);
insert into IntonacoEdificio (Muratura, Intonaco) values ('MUR82061', 4893035);
insert into IntonacoEdificio (Muratura, Intonaco) values ('MUR83569', 5030254);
insert into IntonacoEdificio (Muratura, Intonaco) values ('MUR83614', 5513443);
insert into IntonacoEdificio (Muratura, Intonaco) values ('MUR84093', 5929811);
insert into IntonacoEdificio (Muratura, Intonaco) values ('MUR85431', 5958506);
insert into IntonacoEdificio (Muratura, Intonaco) values ('MUR85528', 6279096);
insert into IntonacoEdificio (Muratura, Intonaco) values ('MUR85609', 6316126);
insert into IntonacoEdificio (Muratura, Intonaco) values ('MUR85743', 6890713);
insert into IntonacoEdificio (Muratura, Intonaco) values ('MUR86243', 7227244);
insert into IntonacoEdificio (Muratura, Intonaco) values ('MUR86652', 7720609);
insert into IntonacoEdificio (Muratura, Intonaco) values ('MUR87149', 8101289);
insert into IntonacoEdificio (Muratura, Intonaco) values ('MUR87697', 8108165);
insert into IntonacoEdificio (Muratura, Intonaco) values ('MUR87736', 8232452);
insert into IntonacoEdificio (Muratura, Intonaco) values ('MUR87750', 8573866);
insert into IntonacoEdificio (Muratura, Intonaco) values ('MUR87936', 8770436);
insert into IntonacoEdificio (Muratura, Intonaco) values ('MUR88198', 9512327);
insert into IntonacoEdificio (Muratura, Intonaco) values ('MUR89692', 9715512);
insert into IntonacoEdificio (Muratura, Intonaco) values ('MUR89989', 1230229);
insert into IntonacoEdificio (Muratura, Intonaco) values ('MUR89994', 1917952);
insert into IntonacoEdificio (Muratura, Intonaco) values ('MUR90003', 2370911);
insert into IntonacoEdificio (Muratura, Intonaco) values ('MUR90352', 2620020);
insert into IntonacoEdificio (Muratura, Intonaco) values ('MUR90648', 2933098);
insert into IntonacoEdificio (Muratura, Intonaco) values ('MUR91084', 4146481);
insert into IntonacoEdificio (Muratura, Intonaco) values ('MUR91133', 4350874);
insert into IntonacoEdificio (Muratura, Intonaco) values ('MUR91347', 4803923);
insert into IntonacoEdificio (Muratura, Intonaco) values ('MUR91571', 4893035);
insert into IntonacoEdificio (Muratura, Intonaco) values ('MUR92062', 5030254);
insert into IntonacoEdificio (Muratura, Intonaco) values ('MUR93858', 5513443);
insert into IntonacoEdificio (Muratura, Intonaco) values ('MUR93880', 5929811);
insert into IntonacoEdificio (Muratura, Intonaco) values ('MUR94020', 5958506);
insert into IntonacoEdificio (Muratura, Intonaco) values ('MUR94024', 6279096);
insert into IntonacoEdificio (Muratura, Intonaco) values ('MUR95316', 6316126);
insert into IntonacoEdificio (Muratura, Intonaco) values ('MUR95535', 6890713);
insert into IntonacoEdificio (Muratura, Intonaco) values ('MUR95769', 7227244);
insert into IntonacoEdificio (Muratura, Intonaco) values ('MUR96246', 7720609);
insert into IntonacoEdificio (Muratura, Intonaco) values ('MUR97389', 8101289);
insert into IntonacoEdificio (Muratura, Intonaco) values ('MUR97510', 8108165);
insert into IntonacoEdificio (Muratura, Intonaco) values ('MUR98272', 8232452);
insert into IntonacoEdificio (Muratura, Intonaco) values ('MUR98314', 8573866);
insert into IntonacoEdificio (Muratura, Intonaco) values ('MUR99300', 8770436);

insert into Piastrella (CodiceLotto, Nome, DataAcquisto, Costo, NomeFornitore, Quantita, Costituzione, Larghezza, Lunghezza, Spessore, Disegno, Fuga, NumeroLati) values ('8355523', 'Piastrella', '1994-10-21', 10, 'PellegriniSRL', 26, 'CertificataSecondoLaNormaVigente', 2, 4, 6, 'squadrato', 5, 6);
insert into Piastrella (CodiceLotto, Nome, DataAcquisto, Costo, NomeFornitore, Quantita, Costituzione, Larghezza, Lunghezza, Spessore, Disegno, Fuga, NumeroLati) values ('8662239', 'Piastrella', '2008-09-07', 11, 'MonteOlimpoSPA', 27, 'CertificataSecondoLaNormaVigente', 9, 9, 10, 'triangolare', 1, 6);
insert into Piastrella (CodiceLotto, Nome, DataAcquisto, Costo, NomeFornitore, Quantita, Costituzione, Larghezza, Lunghezza, Spessore, Disegno, Fuga, NumeroLati) values ('9998781', 'Piastrella', '1981-03-18', 11, 'MrBrico', 23, 'CertificataSecondoLaNormaVigente', 8, 8, 9, 'rettangolare', 1, 3);
insert into Piastrella (CodiceLotto, Nome, DataAcquisto, Costo, NomeFornitore, Quantita, Costituzione, Larghezza, Lunghezza, Spessore, Disegno, Fuga, NumeroLati) values ('7298952', 'Piastrella', '1999-10-07', 12, 'IronManSRL', 4, 'CertificataSecondoLaNormaVigente', 5, 2, 3, 'rettangolare', 3, 3);
insert into Piastrella (CodiceLotto, Nome, DataAcquisto, Costo, NomeFornitore, Quantita, Costituzione, Larghezza, Lunghezza, Spessore, Disegno, Fuga, NumeroLati) values ('9586247', 'Piastrella', '2002-12-18', 13, 'MonteOlimpoSPA', 29, 'CertificataSecondoLaNormaVigente', 8, 6, 10, 'squadrato', 2, 3);
insert into Piastrella (CodiceLotto, Nome, DataAcquisto, Costo, NomeFornitore, Quantita, Costituzione, Larghezza, Lunghezza, Spessore, Disegno, Fuga, NumeroLati) values ('2749692', 'Piastrella', '1978-10-16', 14, 'Colorama', 33, 'CertificataSecondoLaNormaVigente', 7, 7, 6, 'triangolare', 0, 3);
insert into Piastrella (CodiceLotto, Nome, DataAcquisto, Costo, NomeFornitore, Quantita, Costituzione, Larghezza, Lunghezza, Spessore, Disegno, Fuga, NumeroLati) values ('7642252', 'Piastrella', '2000-04-28', 15, 'MrBrico', 23, 'CertificataSecondoLaNormaVigente', 9, 6, 4, 'personalizzato', 5, 5);
insert into Piastrella (CodiceLotto, Nome, DataAcquisto, Costo, NomeFornitore, Quantita, Costituzione, Larghezza, Lunghezza, Spessore, Disegno, Fuga, NumeroLati) values ('3383819', 'Piastrella', '1981-06-06', 16, 'IronManSRL', 7, 'CertificataSecondoLaNormaVigente', 5, 5, 10, 'floreale', 1, 5);
insert into Piastrella (CodiceLotto, Nome, DataAcquisto, Costo, NomeFornitore, Quantita, Costituzione, Larghezza, Lunghezza, Spessore, Disegno, Fuga, NumeroLati) values ('7199542', 'Piastrella', '1991-09-09', 13, 'Colorama', 19, 'CertificataSecondoLaNormaVigente', 3, 5, 3, 'triangolare', 5, 6);
insert into Piastrella (CodiceLotto, Nome, DataAcquisto, Costo, NomeFornitore, Quantita, Costituzione, Larghezza, Lunghezza, Spessore, Disegno, Fuga, NumeroLati) values ('1890976', 'Piastrella', '1972-11-12', 12, 'PellegriniSRL', 19, 'CertificataSecondoLaNormaVigente', 1, 1, 5, 'floreale', 5, 5);
insert into Piastrella (CodiceLotto, Nome, DataAcquisto, Costo, NomeFornitore, Quantita, Costituzione, Larghezza, Lunghezza, Spessore, Disegno, Fuga, NumeroLati) values ('5087318', 'Piastrella', '2022-03-28', 11, 'MonteOlimpoSPA', 4, 'CertificataSecondoLaNormaVigente', 4, 7, 9, 'triangolare', 3, 4);
insert into Piastrella (CodiceLotto, Nome, DataAcquisto, Costo, NomeFornitore, Quantita, Costituzione, Larghezza, Lunghezza, Spessore, Disegno, Fuga, NumeroLati) values ('9617904', 'Piastrella', '1991-09-14', 10, 'MrBrico', 1, 'CertificataSecondoLaNormaVigente', 4, 3, 5, 'floreale', 2, 6);
insert into Piastrella (CodiceLotto, Nome, DataAcquisto, Costo, NomeFornitore, Quantita, Costituzione, Larghezza, Lunghezza, Spessore, Disegno, Fuga, NumeroLati) values ('4602963', 'Piastrella', '2013-02-06', 10, 'Colorama', 6, 'CertificataSecondoLaNormaVigente', 9, 1, 6, 'rettangolare', 3, 4);
insert into Piastrella (CodiceLotto, Nome, DataAcquisto, Costo, NomeFornitore, Quantita, Costituzione, Larghezza, Lunghezza, Spessore, Disegno, Fuga, NumeroLati) values ('6897091', 'Piastrella', '2009-02-26', 11, 'IronManSRL', 5, 'CertificataSecondoLaNormaVigente', 7, 5, 8, 'rettangolare', 1, 4);
insert into Piastrella (CodiceLotto, Nome, DataAcquisto, Costo, NomeFornitore, Quantita, Costituzione, Larghezza, Lunghezza, Spessore, Disegno, Fuga, NumeroLati) values ('0017151', 'Piastrella', '1995-10-31', 10, 'PellegriniSRL', 24, 'CertificataSecondoLaNormaVigente', 2, 9, 2, 'rettangolare', 0, 4);
insert into Piastrella (CodiceLotto, Nome, DataAcquisto, Costo, NomeFornitore, Quantita, Costituzione, Larghezza, Lunghezza, Spessore, Disegno, Fuga, NumeroLati) values ('1399776', 'Piastrella', '1996-01-19', 11, 'IronManSRL', 33, 'CertificataSecondoLaNormaVigente', 5, 5, 8, 'squadrato', 1, 5);
insert into Piastrella (CodiceLotto, Nome, DataAcquisto, Costo, NomeFornitore, Quantita, Costituzione, Larghezza, Lunghezza, Spessore, Disegno, Fuga, NumeroLati) values ('8727240', 'Piastrella', '1982-03-12', 11, 'IronManSRL', 4, 'CertificataSecondoLaNormaVigente', 10, 6, 3, 'floreale', 1, 6);
insert into Piastrella (CodiceLotto, Nome, DataAcquisto, Costo, NomeFornitore, Quantita, Costituzione, Larghezza, Lunghezza, Spessore, Disegno, Fuga, NumeroLati) values ('5462220', 'Piastrella', '2019-03-11', 11, 'MonteOlimpoSPA', 33, 'CertificataSecondoLaNormaVigente', 7, 7, 2, 'triangolare', 4, 3);
insert into Piastrella (CodiceLotto, Nome, DataAcquisto, Costo, NomeFornitore, Quantita, Costituzione, Larghezza, Lunghezza, Spessore, Disegno, Fuga, NumeroLati) values ('0921141', 'Piastrella', '2020-02-08', 11, 'ThorSRL', 12, 'CertificataSecondoLaNormaVigente', 6, 8, 5, 'triangolare', 5, 3);
insert into Piastrella (CodiceLotto, Nome, DataAcquisto, Costo, NomeFornitore, Quantita, Costituzione, Larghezza, Lunghezza, Spessore, Disegno, Fuga, NumeroLati) values ('3669226', 'Piastrella', '2005-10-27', 11, 'MrBrico', 26, 'CertificataSecondoLaNormaVigente', 5, 10, 6, 'personalizzato', 1, 3);
insert into Piastrella (CodiceLotto, Nome, DataAcquisto, Costo, NomeFornitore, Quantita, Costituzione, Larghezza, Lunghezza, Spessore, Disegno, Fuga, NumeroLati) values ('0439098', 'Piastrella', '2021-07-24', 11, 'MonteOlimpoSPA', 18, 'CertificataSecondoLaNormaVigente', 4, 10, 5, 'floreale', 2, 6);
insert into Piastrella (CodiceLotto, Nome, DataAcquisto, Costo, NomeFornitore, Quantita, Costituzione, Larghezza, Lunghezza, Spessore, Disegno, Fuga, NumeroLati) values ('4516278', 'Piastrella', '2001-04-06', 11, 'IronManSRL', 11, 'CertificataSecondoLaNormaVigente', 5, 1, 8, 'squadrato', 4, 5);
insert into Piastrella (CodiceLotto, Nome, DataAcquisto, Costo, NomeFornitore, Quantita, Costituzione, Larghezza, Lunghezza, Spessore, Disegno, Fuga, NumeroLati) values ('8359252', 'Piastrella', '1974-12-07', 11, 'PellegriniSRL', 6, 'CertificataSecondoLaNormaVigente', 7, 9, 7, 'rettangolare', 0, 3);
insert into Piastrella (CodiceLotto, Nome, DataAcquisto, Costo, NomeFornitore, Quantita, Costituzione, Larghezza, Lunghezza, Spessore, Disegno, Fuga, NumeroLati) values ('1968726', 'Piastrella', '1992-11-25', 11, 'PellegriniSRL', 35, 'CertificataSecondoLaNormaVigente', 8, 1, 7, 'personalizzato', 3, 4);
insert into Piastrella (CodiceLotto, Nome, DataAcquisto, Costo, NomeFornitore, Quantita, Costituzione, Larghezza, Lunghezza, Spessore, Disegno, Fuga, NumeroLati) values ('4940970', 'Piastrella', '2018-05-09', 11, 'IronManSRL', 20, 'CertificataSecondoLaNormaVigente', 2, 7, 2, 'personalizzato', 1, 3);
insert into Piastrella (CodiceLotto, Nome, DataAcquisto, Costo, NomeFornitore, Quantita, Costituzione, Larghezza, Lunghezza, Spessore, Disegno, Fuga, NumeroLati) values ('0465201', 'Piastrella', '1977-09-01', 11, 'IronManSRL', 28, 'CertificataSecondoLaNormaVigente', 1, 2, 4, 'personalizzato', 5, 5);
insert into Piastrella (CodiceLotto, Nome, DataAcquisto, Costo, NomeFornitore, Quantita, Costituzione, Larghezza, Lunghezza, Spessore, Disegno, Fuga, NumeroLati) values ('6354165', 'Piastrella', '1979-11-13', 11, 'Colorama', 12, 'CertificataSecondoLaNormaVigente', 6, 9, 9, 'floreale', 4, 6);
insert into Piastrella (CodiceLotto, Nome, DataAcquisto, Costo, NomeFornitore, Quantita, Costituzione, Larghezza, Lunghezza, Spessore, Disegno, Fuga, NumeroLati) values ('7788142', 'Piastrella', '1992-11-01', 11, 'PellegriniSRL', 34, 'CertificataSecondoLaNormaVigente', 8, 10, 5, 'floreale', 5, 4);
insert into Piastrella (CodiceLotto, Nome, DataAcquisto, Costo, NomeFornitore, Quantita, Costituzione, Larghezza, Lunghezza, Spessore, Disegno, Fuga, NumeroLati) values ('3876439', 'Piastrella', '1984-08-14', 11, 'Colorama', 3, 'CertificataSecondoLaNormaVigente', 3, 6, 8, 'squadrato', 0, 6);
insert into Piastrella (CodiceLotto, Nome, DataAcquisto, Costo, NomeFornitore, Quantita, Costituzione, Larghezza, Lunghezza, Spessore, Disegno, Fuga, NumeroLati) values ('4188007', 'Piastrella', '2009-06-22', 11, 'MonteOlimpoSPA', 17, 'CertificataSecondoLaNormaVigente', 2, 4, 2, 'squadrato', 3, 3);
insert into Piastrella (CodiceLotto, Nome, DataAcquisto, Costo, NomeFornitore, Quantita, Costituzione, Larghezza, Lunghezza, Spessore, Disegno, Fuga, NumeroLati) values ('1176294', 'Piastrella', '1977-10-30', 11, 'MonteOlimpoSPA', 14, 'CertificataSecondoLaNormaVigente', 5, 3, 1, 'rettangolare', 5, 3);
insert into Piastrella (CodiceLotto, Nome, DataAcquisto, Costo, NomeFornitore, Quantita, Costituzione, Larghezza, Lunghezza, Spessore, Disegno, Fuga, NumeroLati) values ('2820865', 'Piastrella', '1988-03-17', 11, 'MrBrico', 11, 'CertificataSecondoLaNormaVigente', 2, 6, 10, 'triangolare', 5, 3);
insert into Piastrella (CodiceLotto, Nome, DataAcquisto, Costo, NomeFornitore, Quantita, Costituzione, Larghezza, Lunghezza, Spessore, Disegno, Fuga, NumeroLati) values ('9679087', 'Piastrella', '1973-02-12', 11, 'MonteOlimpoSPA', 4, 'CertificataSecondoLaNormaVigente', 1, 7, 9, 'rettangolare', 3, 3);
insert into Piastrella (CodiceLotto, Nome, DataAcquisto, Costo, NomeFornitore, Quantita, Costituzione, Larghezza, Lunghezza, Spessore, Disegno, Fuga, NumeroLati) values ('8771126', 'Piastrella', '2002-11-22', 11, 'IronManSRL', 32, 'CertificataSecondoLaNormaVigente', 2, 2, 5, 'floreale', 5, 5);
insert into Piastrella (CodiceLotto, Nome, DataAcquisto, Costo, NomeFornitore, Quantita, Costituzione, Larghezza, Lunghezza, Spessore, Disegno, Fuga, NumeroLati) values ('3126422', 'Piastrella', '1975-05-29', 11, 'MonteOlimpoSPA', 6, 'CertificataSecondoLaNormaVigente', 8, 10, 6, 'rettangolare', 2, 5);
insert into Piastrella (CodiceLotto, Nome, DataAcquisto, Costo, NomeFornitore, Quantita, Costituzione, Larghezza, Lunghezza, Spessore, Disegno, Fuga, NumeroLati) values ('4952214', 'Piastrella', '1991-09-25', 11, 'PellegriniSRL', 19, 'CertificataSecondoLaNormaVigente', 5, 8, 4, 'floreale', 5, 4);
insert into Piastrella (CodiceLotto, Nome, DataAcquisto, Costo, NomeFornitore, Quantita, Costituzione, Larghezza, Lunghezza, Spessore, Disegno, Fuga, NumeroLati) values ('0718236', 'Piastrella', '1989-10-19', 11, 'IronManSRL', 29, 'CertificataSecondoLaNormaVigente', 5, 2, 7, 'triangolare', 3, 4);
insert into Piastrella (CodiceLotto, Nome, DataAcquisto, Costo, NomeFornitore, Quantita, Costituzione, Larghezza, Lunghezza, Spessore, Disegno, Fuga, NumeroLati) values ('0629899', 'Piastrella', '2022-08-30', 11, 'Colorama', 25, 'CertificataSecondoLaNormaVigente', 5, 7, 3, 'floreale', 1, 6);
insert into Piastrella (CodiceLotto, Nome, DataAcquisto, Costo, NomeFornitore, Quantita, Costituzione, Larghezza, Lunghezza, Spessore, Disegno, Fuga, NumeroLati) values ('8566214', 'Piastrella', '1974-07-30', 11, 'MonteOlimpoSPA', 22, 'CertificataSecondoLaNormaVigente', 3, 3, 4, 'rettangolare', 4, 3);
insert into Piastrella (CodiceLotto, Nome, DataAcquisto, Costo, NomeFornitore, Quantita, Costituzione, Larghezza, Lunghezza, Spessore, Disegno, Fuga, NumeroLati) values ('0759202', 'Piastrella', '2002-06-02', 11, 'ThorSRL', 13, 'CertificataSecondoLaNormaVigente', 1, 4, 8, 'rettangolare', 2, 3);
insert into Piastrella (CodiceLotto, Nome, DataAcquisto, Costo, NomeFornitore, Quantita, Costituzione, Larghezza, Lunghezza, Spessore, Disegno, Fuga, NumeroLati) values ('7436328', 'Piastrella', '1992-11-24', 11, 'MonteOlimpoSPA', 30, 'CertificataSecondoLaNormaVigente', 10, 1, 10, 'personalizzato', 5, 3);
insert into Piastrella (CodiceLotto, Nome, DataAcquisto, Costo, NomeFornitore, Quantita, Costituzione, Larghezza, Lunghezza, Spessore, Disegno, Fuga, NumeroLati) values ('4604172', 'Piastrella', '1991-12-03', 11, 'ThorSRL', 9, 'CertificataSecondoLaNormaVigente', 6, 7, 9, 'triangolare', 5, 3);
insert into Piastrella (CodiceLotto, Nome, DataAcquisto, Costo, NomeFornitore, Quantita, Costituzione, Larghezza, Lunghezza, Spessore, Disegno, Fuga, NumeroLati) values ('1837361', 'Piastrella', '2020-06-05', 11, 'MrBrico', 24, 'CertificataSecondoLaNormaVigente', 5, 7, 8, 'triangolare', 5, 6);
insert into Piastrella (CodiceLotto, Nome, DataAcquisto, Costo, NomeFornitore, Quantita, Costituzione, Larghezza, Lunghezza, Spessore, Disegno, Fuga, NumeroLati) values ('7374746', 'Piastrella', '1989-07-18', 11, 'MonteOlimpoSPA', 26, 'CertificataSecondoLaNormaVigente', 7, 5, 6, 'personalizzato', 5, 4);
insert into Piastrella (CodiceLotto, Nome, DataAcquisto, Costo, NomeFornitore, Quantita, Costituzione, Larghezza, Lunghezza, Spessore, Disegno, Fuga, NumeroLati) values ('6402363', 'Piastrella', '2008-10-02', 11, 'IronManSRL', 12, 'CertificataSecondoLaNormaVigente', 6, 2, 7, 'rettangolare', 2, 6);
insert into Piastrella (CodiceLotto, Nome, DataAcquisto, Costo, NomeFornitore, Quantita, Costituzione, Larghezza, Lunghezza, Spessore, Disegno, Fuga, NumeroLati) values ('5096022', 'Piastrella', '2009-10-14', 11, 'Colorama', 14, 'CertificataSecondoLaNormaVigente', 1, 8, 4, 'floreale', 3, 6);
insert into Piastrella (CodiceLotto, Nome, DataAcquisto, Costo, NomeFornitore, Quantita, Costituzione, Larghezza, Lunghezza, Spessore, Disegno, Fuga, NumeroLati) values ('2678905', 'Piastrella', '2014-09-28', 11, 'PellegriniSRL', 24, 'CertificataSecondoLaNormaVigente', 6, 6, 3, 'personalizzato', 2, 6);
insert into Piastrella (CodiceLotto, Nome, DataAcquisto, Costo, NomeFornitore, Quantita, Costituzione, Larghezza, Lunghezza, Spessore, Disegno, Fuga, NumeroLati) values ('4314984', 'Piastrella', '1984-03-04', 11, 'PellegriniSRL', 16, 'CertificataSecondoLaNormaVigente', 7, 8, 9, 'personalizzato', 2, 3);
insert into Piastrella (CodiceLotto, Nome, DataAcquisto, Costo, NomeFornitore, Quantita, Costituzione, Larghezza, Lunghezza, Spessore, Disegno, Fuga, NumeroLati) values ('6535541', 'Piastrella', '1996-04-24', 11, 'PellegriniSRL', 35, 'CertificataSecondoLaNormaVigente', 8, 2, 1, 'floreale', 1, 6);
insert into Piastrella (CodiceLotto, Nome, DataAcquisto, Costo, NomeFornitore, Quantita, Costituzione, Larghezza, Lunghezza, Spessore, Disegno, Fuga, NumeroLati) values ('2210655', 'Piastrella', '2000-07-11', 11, 'PellegriniSRL', 31, 'CertificataSecondoLaNormaVigente', 7, 9, 4, 'personalizzato', 1, 3);

insert into PiastrellaEdificio (Muratura, Piastrella) values ('MUR00904', 3126422);
insert into PiastrellaEdificio (Muratura, Piastrella) values ('MUR01501', 3383819);
insert into PiastrellaEdificio (Muratura, Piastrella) values ('MUR01641', 3669226);
insert into PiastrellaEdificio (Muratura, Piastrella) values ('MUR05112', 3876439);
insert into PiastrellaEdificio (Muratura, Piastrella) values ('MUR06911', 4188007);
insert into PiastrellaEdificio (Muratura, Piastrella) values ('MUR06917', 4314984);
insert into PiastrellaEdificio (Muratura, Piastrella) values ('MUR07660', 4516278);
insert into PiastrellaEdificio (Muratura, Piastrella) values ('MUR07841', 4602963);
insert into PiastrellaEdificio (Muratura, Piastrella) values ('MUR07895', 4604172);
insert into PiastrellaEdificio (Muratura, Piastrella) values ('MUR08059', 4940970);
insert into PiastrellaEdificio (Muratura, Piastrella) values ('MUR08089', 4952214);
insert into PiastrellaEdificio (Muratura, Piastrella) values ('MUR08282', 5087318);
insert into PiastrellaEdificio (Muratura, Piastrella) values ('MUR08362', 5096022);
insert into PiastrellaEdificio (Muratura, Piastrella) values ('MUR08745', 5462220);
insert into PiastrellaEdificio (Muratura, Piastrella) values ('MUR08767', 6354165);
insert into PiastrellaEdificio (Muratura, Piastrella) values ('MUR08790', 6402363);
insert into PiastrellaEdificio (Muratura, Piastrella) values ('MUR09015', 6535541);
insert into PiastrellaEdificio (Muratura, Piastrella) values ('MUR09511', 6897091);
insert into PiastrellaEdificio (Muratura, Piastrella) values ('MUR09533', 7199542);
insert into PiastrellaEdificio (Muratura, Piastrella) values ('MUR09985', 7298952);
insert into PiastrellaEdificio (Muratura, Piastrella) values ('MUR10002', 7374746);
insert into PiastrellaEdificio (Muratura, Piastrella) values ('MUR10242', 7436328);
insert into PiastrellaEdificio (Muratura, Piastrella) values ('MUR10597', 7642252);
insert into PiastrellaEdificio (Muratura, Piastrella) values ('MUR10940', 7788142);
insert into PiastrellaEdificio (Muratura, Piastrella) values ('MUR12623', 8355523);
insert into PiastrellaEdificio (Muratura, Piastrella) values ('MUR13027', 8359252);
insert into PiastrellaEdificio (Muratura, Piastrella) values ('MUR13408', 8566214);
insert into PiastrellaEdificio (Muratura, Piastrella) values ('MUR13758', 8662239);
insert into PiastrellaEdificio (Muratura, Piastrella) values ('MUR13894', 8727240);
insert into PiastrellaEdificio (Muratura, Piastrella) values ('MUR14051', 8771126);
insert into PiastrellaEdificio (Muratura, Piastrella) values ('MUR14674', 9586247);
insert into PiastrellaEdificio (Muratura, Piastrella) values ('MUR15120', 9617904);
insert into PiastrellaEdificio (Muratura, Piastrella) values ('MUR15531', 9679087);
insert into PiastrellaEdificio (Muratura, Piastrella) values ('MUR15583', 9998781);
insert into PiastrellaEdificio (Muratura, Piastrella) values ('MUR16065', 3126422);
insert into PiastrellaEdificio (Muratura, Piastrella) values ('MUR16495', 3383819);
insert into PiastrellaEdificio (Muratura, Piastrella) values ('MUR16848', 3669226);
insert into PiastrellaEdificio (Muratura, Piastrella) values ('MUR19362', 3876439);
insert into PiastrellaEdificio (Muratura, Piastrella) values ('MUR19377', 4188007);
insert into PiastrellaEdificio (Muratura, Piastrella) values ('MUR19564', 4314984);
insert into PiastrellaEdificio (Muratura, Piastrella) values ('MUR19817', 4516278);
insert into PiastrellaEdificio (Muratura, Piastrella) values ('MUR20050', 4602963);
insert into PiastrellaEdificio (Muratura, Piastrella) values ('MUR20369', 4604172);
insert into PiastrellaEdificio (Muratura, Piastrella) values ('MUR20637', 4940970);
insert into PiastrellaEdificio (Muratura, Piastrella) values ('MUR20802', 4952214);
insert into PiastrellaEdificio (Muratura, Piastrella) values ('MUR21080', 5087318);
insert into PiastrellaEdificio (Muratura, Piastrella) values ('MUR21160', 5096022);
insert into PiastrellaEdificio (Muratura, Piastrella) values ('MUR21851', 5462220);
insert into PiastrellaEdificio (Muratura, Piastrella) values ('MUR22763', 6354165);
insert into PiastrellaEdificio (Muratura, Piastrella) values ('MUR22790', 6402363);

insert into UtilizzoPiastrella (Lavoro, Piastrella) values ('CostruzioneMurature', 3126422);
insert into UtilizzoPiastrella (Lavoro, Piastrella) values ('CostruzioneMurature', 3383819);
insert into UtilizzoPiastrella (Lavoro, Piastrella) values ('CostruzioneMurature', 3669226);
insert into UtilizzoPiastrella (Lavoro, Piastrella) values ('CostruzioneMurature', 3876439);
insert into UtilizzoPiastrella (Lavoro, Piastrella) values ('CostruzioneMurature', 4188007);
insert into UtilizzoPiastrella (Lavoro, Piastrella) values ('CostruzioneMurature', 4314984);
insert into UtilizzoPiastrella (Lavoro, Piastrella) values ('CostruzioneMurature', 4516278);
insert into UtilizzoPiastrella (Lavoro, Piastrella) values ('CostruzioneMurature', 4602963);
insert into UtilizzoPiastrella (Lavoro, Piastrella) values ('CostruzioneMurature', 4604172);
insert into UtilizzoPiastrella (Lavoro, Piastrella) values ('CostruzioneMurature', 4940970);
insert into UtilizzoPiastrella (Lavoro, Piastrella) values ('CostruzioneMurature', 4952214);
insert into UtilizzoPiastrella (Lavoro, Piastrella) values ('CostruzioneMurature', 5087318);
insert into UtilizzoPiastrella (Lavoro, Piastrella) values ('CostruzioneMurature', 5096022);
insert into UtilizzoPiastrella (Lavoro, Piastrella) values ('CostruzioneMurature', 5462220);
insert into UtilizzoPiastrella (Lavoro, Piastrella) values ('CostruzioneMurature', 6354165);
insert into UtilizzoPiastrella (Lavoro, Piastrella) values ('CostruzioneMurature', 6402363);
insert into UtilizzoPiastrella (Lavoro, Piastrella) values ('CostruzioneMurature', 6535541);
insert into UtilizzoPiastrella (Lavoro, Piastrella) values ('CostruzioneMurature', 6897091);
insert into UtilizzoPiastrella (Lavoro, Piastrella) values ('CostruzioneMurature', 7199542);
insert into UtilizzoPiastrella (Lavoro, Piastrella) values ('CostruzioneMurature', 7298952);
insert into UtilizzoPiastrella (Lavoro, Piastrella) values ('CostruzioneMurature', 7374746);
insert into UtilizzoPiastrella (Lavoro, Piastrella) values ('CostruzioneMurature', 7436328);
insert into UtilizzoPiastrella (Lavoro, Piastrella) values ('CostruzioneMurature', 7642252);
insert into UtilizzoPiastrella (Lavoro, Piastrella) values ('CostruzioneMurature', 7788142);
insert into UtilizzoPiastrella (Lavoro, Piastrella) values ('CostruzioneMurature', 8355523);
insert into UtilizzoPiastrella (Lavoro, Piastrella) values ('CostruzioneMurature', 8359252);
insert into UtilizzoPiastrella (Lavoro, Piastrella) values ('CostruzioneMurature', 8566214);
insert into UtilizzoPiastrella (Lavoro, Piastrella) values ('CostruzioneMurature', 8662239);
insert into UtilizzoPiastrella (Lavoro, Piastrella) values ('CostruzioneMurature', 8727240);
insert into UtilizzoPiastrella (Lavoro, Piastrella) values ('CostruzioneMurature', 8771126);

insert into Mattone (CodiceLotto, Nome, DataAcquisto, Costoquintale, NomeFornitore, Quantita, Costituzione, Larghezza, Lunghezza, Spessore, Alveolatura, Diametro, Isolante) values ('0430001', 'Mattone', '1971-12-23', 5, 'Colorama', 7, 'CertificataSecondoLaNormaVigente', 7, 4, 5, 'forato', 2.2, 1);
insert into Mattone (CodiceLotto, Nome, DataAcquisto, Costoquintale, NomeFornitore, Quantita, Costituzione, Larghezza, Lunghezza, Spessore, Alveolatura, Diametro, Isolante) values ('9042375', 'Mattone', '1980-10-16', 15, 'Colorama', 29, 'CertificataSecondoLaNormaVigente', 3, 2, 6, 'forato', 2.4, 1);
insert into Mattone (CodiceLotto, Nome, DataAcquisto, Costoquintale, NomeFornitore, Quantita, Costituzione, Larghezza, Lunghezza, Spessore, Alveolatura, Diametro, Isolante) values ('5033522', 'Mattone', '1975-10-02', 23, 'MonteOlimpoSPA', 12, 'CertificataSecondoLaNormaVigente', 5, 1, 8, 'forato', 1.5, 1);
insert into Mattone (CodiceLotto, Nome, DataAcquisto, Costoquintale, NomeFornitore, Quantita, Costituzione, Larghezza, Lunghezza, Spessore, Alveolatura, Diametro, Isolante) values ('5472525', 'Mattone', '2007-11-17', 8, 'MonteOlimpoSPA', 22, 'CertificataSecondoLaNormaVigente', 5, 6, 8, 'forato', 2.3, 1);
insert into Mattone (CodiceLotto, Nome, DataAcquisto, Costoquintale, NomeFornitore, Quantita, Costituzione, Larghezza, Lunghezza, Spessore, Alveolatura, Diametro, Isolante) values ('8450123', 'Mattone', '1995-02-15', 7, 'PellegriniSRL', 24, 'CertificataSecondoLaNormaVigente', 2, 3, 8, 'forato', 1.3, 1);
insert into Mattone (CodiceLotto, Nome, DataAcquisto, Costoquintale, NomeFornitore, Quantita, Costituzione, Larghezza, Lunghezza, Spessore, Alveolatura, Diametro, Isolante) values ('3996131', 'Mattone', '1979-10-17', 14, 'PellegriniSRL', 33, 'CertificataSecondoLaNormaVigente', 9, 6, 8, 'forato', 1.9, 1);
insert into Mattone (CodiceLotto, Nome, DataAcquisto, Costoquintale, NomeFornitore, Quantita, Costituzione, Larghezza, Lunghezza, Spessore, Alveolatura, Diametro, Isolante) values ('9171885', 'Mattone', '1987-02-26', 5, 'PellegriniSRL', 17, 'CertificataSecondoLaNormaVigente', 10, 9, 1, 'forato', 2.7, 1);
insert into Mattone (CodiceLotto, Nome, DataAcquisto, Costoquintale, NomeFornitore, Quantita, Costituzione, Larghezza, Lunghezza, Spessore, Alveolatura, Diametro, Isolante) values ('0792452', 'Mattone', '2001-02-04', 15, 'PellegriniSRL', 32, 'CertificataSecondoLaNormaVigente', 4, 2, 10, 'forato', 2.6, 1);
insert into Mattone (CodiceLotto, Nome, DataAcquisto, Costoquintale, NomeFornitore, Quantita, Costituzione, Larghezza, Lunghezza, Spessore, Alveolatura, Diametro, Isolante) values ('7167218', 'Mattone', '1973-01-07', 23, 'MrBrico', 7, 'CertificataSecondoLaNormaVigente', 8, 6, 10, 'forato', 2.8, 1);
insert into Mattone (CodiceLotto, Nome, DataAcquisto, Costoquintale, NomeFornitore, Quantita, Costituzione, Larghezza, Lunghezza, Spessore, Alveolatura, Diametro, Isolante) values ('2440236', 'Mattone', '1984-04-28', 8, 'MonteOlimpoSPA', 17, 'CertificataSecondoLaNormaVigente', 5, 2, 9, 'forato', 1.6, 1);
insert into Mattone (CodiceLotto, Nome, DataAcquisto, Costoquintale, NomeFornitore, Quantita, Costituzione, Larghezza, Lunghezza, Spessore, Alveolatura, Diametro, Isolante) values ('3521192', 'Mattone', '1973-09-24', 7, 'PellegriniSRL', 24, 'CertificataSecondoLaNormaVigente', 8, 8, 4, 'forato', 2.3, 1);
insert into Mattone (CodiceLotto, Nome, DataAcquisto, Costoquintale, NomeFornitore, Quantita, Costituzione, Larghezza, Lunghezza, Spessore, Alveolatura, Diametro, Isolante) values ('8019915', 'Mattone', '1974-03-01', 14, 'IronManSRL', 18, 'CertificataSecondoLaNormaVigente', 7, 3, 5, 'forato', 1.8, 1);
insert into Mattone (CodiceLotto, Nome, DataAcquisto, Costoquintale, NomeFornitore, Quantita, Costituzione, Larghezza, Lunghezza, Spessore, Alveolatura, Diametro, Isolante) values ('5583980', 'Mattone', '1990-09-24', 5, 'MonteOlimpoSPA', 28, 'CertificataSecondoLaNormaVigente', 7, 1, 3, 'forato', 2.8, 1);
insert into Mattone (CodiceLotto, Nome, DataAcquisto, Costoquintale, NomeFornitore, Quantita, Costituzione, Larghezza, Lunghezza, Spessore, Alveolatura, Diametro, Isolante) values ('4654495', 'Mattone', '2002-10-05', 15, 'MrBrico', 6, 'CertificataSecondoLaNormaVigente', 7, 6, 7, 'forato', 1.7, 1);
insert into Mattone (CodiceLotto, Nome, DataAcquisto, Costoquintale, NomeFornitore, Quantita, Costituzione, Larghezza, Lunghezza, Spessore, Alveolatura, Diametro, Isolante) values ('0405442', 'Mattone', '1971-11-18', 23, 'MrBrico', 4, 'CertificataSecondoLaNormaVigente', 9, 9, 2, 'forato', 2.7, 1);
insert into Mattone (CodiceLotto, Nome, DataAcquisto, Costoquintale, NomeFornitore, Quantita, Costituzione, Larghezza, Lunghezza, Spessore, Alveolatura, Diametro, Isolante) values ('4493029', 'Mattone', '2018-03-06', 8, 'PellegriniSRL', 20, 'CertificataSecondoLaNormaVigente', 8, 9, 8, 'forato', 2.9, 1);
insert into Mattone (CodiceLotto, Nome, DataAcquisto, Costoquintale, NomeFornitore, Quantita, Costituzione, Larghezza, Lunghezza, Spessore, Alveolatura, Diametro, Isolante) values ('9604580', 'Mattone', '1981-07-21', 7, 'IronManSRL', 9, 'CertificataSecondoLaNormaVigente', 7, 5, 10, 'forato', 2.3, 1);
insert into Mattone (CodiceLotto, Nome, DataAcquisto, Costoquintale, NomeFornitore, Quantita, Costituzione, Larghezza, Lunghezza, Spessore, Alveolatura, Diametro, Isolante) values ('7144917', 'Mattone', '2002-09-10', 14, 'MrBrico', 20, 'CertificataSecondoLaNormaVigente', 2, 1, 2, 'forato', 1.1, 1);
insert into Mattone (CodiceLotto, Nome, DataAcquisto, Costoquintale, NomeFornitore, Quantita, Costituzione, Larghezza, Lunghezza, Spessore, Alveolatura, Diametro, Isolante) values ('3534983', 'Mattone', '2006-05-24', 5, 'PellegriniSRL', 22, 'CertificataSecondoLaNormaVigente', 10, 1, 2, 'forato', 1.9, 1);
insert into Mattone (CodiceLotto, Nome, DataAcquisto, Costoquintale, NomeFornitore, Quantita, Costituzione, Larghezza, Lunghezza, Spessore, Alveolatura, Diametro, Isolante) values ('7600109', 'Mattone', '1976-12-01', 15, 'ThorSRL', 10, 'CertificataSecondoLaNormaVigente', 3, 2, 5, 'forato', 1.4, 1);
insert into Mattone (CodiceLotto, Nome, DataAcquisto, Costoquintale, NomeFornitore, Quantita, Costituzione, Larghezza, Lunghezza, Spessore, Alveolatura, Diametro, Isolante) values ('9502571', 'Mattone', '1991-05-30', 23, 'MrBrico', 22, 'CertificataSecondoLaNormaVigente', 8, 7, 3, 'forato', 2.1, 1);
insert into Mattone (CodiceLotto, Nome, DataAcquisto, Costoquintale, NomeFornitore, Quantita, Costituzione, Larghezza, Lunghezza, Spessore, Alveolatura, Diametro, Isolante) values ('7870902', 'Mattone', '1986-09-03', 8, 'ThorSRL', 5, 'CertificataSecondoLaNormaVigente', 5, 1, 2, 'forato', 1.4, 1);
insert into Mattone (CodiceLotto, Nome, DataAcquisto, Costoquintale, NomeFornitore, Quantita, Costituzione, Larghezza, Lunghezza, Spessore, Alveolatura, Diametro, Isolante) values ('4701157', 'Mattone', '2018-06-30', 7, 'MonteOlimpoSPA', 32, 'CertificataSecondoLaNormaVigente', 6, 8, 9, 'forato', 1.3, 1);
insert into Mattone (CodiceLotto, Nome, DataAcquisto, Costoquintale, NomeFornitore, Quantita, Costituzione, Larghezza, Lunghezza, Spessore, Alveolatura, Diametro, Isolante) values ('6794783', 'Mattone', '1984-01-12', 14, 'Colorama', 31, 'CertificataSecondoLaNormaVigente', 1, 5, 10, 'forato', 1.9, 1);
insert into Mattone (CodiceLotto, Nome, DataAcquisto, Costoquintale, NomeFornitore, Quantita, Costituzione, Larghezza, Lunghezza, Spessore, Alveolatura, Diametro, Isolante) values ('6676706', 'Mattone', '1991-02-01', 5, 'IronManSRL', 4, 'CertificataSecondoLaNormaVigente', 3, 4, 7, 'forato', 2.9, 1);
insert into Mattone (CodiceLotto, Nome, DataAcquisto, Costoquintale, NomeFornitore, Quantita, Costituzione, Larghezza, Lunghezza, Spessore, Alveolatura, Diametro, Isolante) values ('8260492', 'Mattone', '1990-08-29', 15, 'ThorSRL', 21, 'CertificataSecondoLaNormaVigente', 2, 9, 10, 'forato', 1.8, 1);
insert into Mattone (CodiceLotto, Nome, DataAcquisto, Costoquintale, NomeFornitore, Quantita, Costituzione, Larghezza, Lunghezza, Spessore, Alveolatura, Diametro, Isolante) values ('0794851', 'Mattone', '1990-01-09', 23, 'PellegriniSRL', 12, 'CertificataSecondoLaNormaVigente', 3, 7, 4, 'forato', 1.2, 1);
insert into Mattone (CodiceLotto, Nome, DataAcquisto, Costoquintale, NomeFornitore, Quantita, Costituzione, Larghezza, Lunghezza, Spessore, Alveolatura, Diametro, Isolante) values ('7133398', 'Mattone', '1976-05-23', 8, 'IronManSRL', 19, 'CertificataSecondoLaNormaVigente', 7, 2, 2, 'forato', 2.1, 1);
insert into Mattone (CodiceLotto, Nome, DataAcquisto, Costoquintale, NomeFornitore, Quantita, Costituzione, Larghezza, Lunghezza, Spessore, Alveolatura, Diametro, Isolante) values ('7328523', 'Mattone', '1984-08-01', 7, 'IronManSRL', 11, 'CertificataSecondoLaNormaVigente', 5, 6, 1, 'forato', 1.0, 1);
insert into Mattone (CodiceLotto, Nome, DataAcquisto, Costoquintale, NomeFornitore, Quantita, Costituzione, Larghezza, Lunghezza, Spessore, Alveolatura, Diametro, Isolante) values ('8899545', 'Mattone', '2002-03-14', 14, 'ThorSRL', 29, 'CertificataSecondoLaNormaVigente', 7, 7, 8, 'forato', 2.7, 1);
insert into Mattone (CodiceLotto, Nome, DataAcquisto, Costoquintale, NomeFornitore, Quantita, Costituzione, Larghezza, Lunghezza, Spessore, Alveolatura, Diametro, Isolante) values ('2245999', 'Mattone', '2000-07-04', 5, 'ThorSRL', 15, 'CertificataSecondoLaNormaVigente', 10, 7, 4, 'forato', 1.1, 1);
insert into Mattone (CodiceLotto, Nome, DataAcquisto, Costoquintale, NomeFornitore, Quantita, Costituzione, Larghezza, Lunghezza, Spessore, Alveolatura, Diametro, Isolante) values ('2833734', 'Mattone', '1992-01-27', 15, 'PellegriniSRL', 6, 'CertificataSecondoLaNormaVigente', 4, 1, 10, 'forato', 1.3, 1);
insert into Mattone (CodiceLotto, Nome, DataAcquisto, Costoquintale, NomeFornitore, Quantita, Costituzione, Larghezza, Lunghezza, Spessore, Alveolatura, Diametro, Isolante) values ('1781828', 'Mattone', '2006-06-06', 23, 'PellegriniSRL', 11, 'CertificataSecondoLaNormaVigente', 6, 3, 8, 'forato', 2.4, 1);
insert into Mattone (CodiceLotto, Nome, DataAcquisto, Costoquintale, NomeFornitore, Quantita, Costituzione, Larghezza, Lunghezza, Spessore, Alveolatura, Diametro, Isolante) values ('4198740', 'Mattone', '1999-01-23', 8, 'ThorSRL', 10, 'CertificataSecondoLaNormaVigente', 6, 10, 3, 'forato', 1.8, 1);
insert into Mattone (CodiceLotto, Nome, DataAcquisto, Costoquintale, NomeFornitore, Quantita, Costituzione, Larghezza, Lunghezza, Spessore, Alveolatura, Diametro, Isolante) values ('4740707', 'Mattone', '1997-09-17', 7, 'ThorSRL', 16, 'CertificataSecondoLaNormaVigente', 8, 2, 10, 'forato', 1.7, 1);
insert into Mattone (CodiceLotto, Nome, DataAcquisto, Costoquintale, NomeFornitore, Quantita, Costituzione, Larghezza, Lunghezza, Spessore, Alveolatura, Diametro, Isolante) values ('1901289', 'Mattone', '1973-03-20', 14, 'MrBrico', 11, 'CertificataSecondoLaNormaVigente', 8, 10, 10, 'forato', 1.3, 1);
insert into Mattone (CodiceLotto, Nome, DataAcquisto, Costoquintale, NomeFornitore, Quantita, Costituzione, Larghezza, Lunghezza, Spessore, Alveolatura, Diametro, Isolante) values ('8013864', 'Mattone', '2016-10-08', 5, 'MrBrico', 30, 'CertificataSecondoLaNormaVigente', 10, 8, 1, 'forato', 1.8, 1);
insert into Mattone (CodiceLotto, Nome, DataAcquisto, Costoquintale, NomeFornitore, Quantita, Costituzione, Larghezza, Lunghezza, Spessore, Alveolatura, Diametro, Isolante) values ('6466059', 'Mattone', '2006-04-05', 15, 'ThorSRL', 26, 'CertificataSecondoLaNormaVigente', 7, 3, 6, 'forato', 2.1, 1);
insert into Mattone (CodiceLotto, Nome, DataAcquisto, Costoquintale, NomeFornitore, Quantita, Costituzione, Larghezza, Lunghezza, Spessore, Alveolatura, Diametro, Isolante) values ('9302970', 'Mattone', '1988-05-08', 23, 'IronManSRL', 35, 'CertificataSecondoLaNormaVigente', 9, 7, 2, 'forato', 3.0, 1);
insert into Mattone (CodiceLotto, Nome, DataAcquisto, Costoquintale, NomeFornitore, Quantita, Costituzione, Larghezza, Lunghezza, Spessore, Alveolatura, Diametro, Isolante) values ('3654500', 'Mattone', '2004-09-06', 8, 'MonteOlimpoSPA', 8, 'CertificataSecondoLaNormaVigente', 8, 4, 8, 'forato', 1.1, 1);
insert into Mattone (CodiceLotto, Nome, DataAcquisto, Costoquintale, NomeFornitore, Quantita, Costituzione, Larghezza, Lunghezza, Spessore, Alveolatura, Diametro, Isolante) values ('0398257', 'Mattone', '2014-07-16', 7, 'PellegriniSRL', 17, 'CertificataSecondoLaNormaVigente', 6, 1, 1, 'forato', 3.0, 1);
insert into Mattone (CodiceLotto, Nome, DataAcquisto, Costoquintale, NomeFornitore, Quantita, Costituzione, Larghezza, Lunghezza, Spessore, Alveolatura, Diametro, Isolante) values ('5838661', 'Mattone', '2012-09-05', 14, 'IronManSRL', 21, 'CertificataSecondoLaNormaVigente', 9, 9, 3, 'forato', 2.9, 1);
insert into Mattone (CodiceLotto, Nome, DataAcquisto, Costoquintale, NomeFornitore, Quantita, Costituzione, Larghezza, Lunghezza, Spessore, Alveolatura, Diametro, Isolante) values ('0423096', 'Mattone', '1971-08-09', 5, 'ThorSRL', 22, 'CertificataSecondoLaNormaVigente', 1, 4, 4, 'forato', 2.2, 1);
insert into Mattone (CodiceLotto, Nome, DataAcquisto, Costoquintale, NomeFornitore, Quantita, Costituzione, Larghezza, Lunghezza, Spessore, Alveolatura, Diametro, Isolante) values ('3195481', 'Mattone', '1977-12-10', 15, 'PellegriniSRL', 8, 'CertificataSecondoLaNormaVigente', 6, 10, 9, 'forato', 1.4, 1);
insert into Mattone (CodiceLotto, Nome, DataAcquisto, Costoquintale, NomeFornitore, Quantita, Costituzione, Larghezza, Lunghezza, Spessore, Alveolatura, Diametro, Isolante) values ('8434937', 'Mattone', '2014-11-24', 23, 'IronManSRL', 21, 'CertificataSecondoLaNormaVigente', 1, 10, 8, 'forato', 1.9, 1);
insert into Mattone (CodiceLotto, Nome, DataAcquisto, Costoquintale, NomeFornitore, Quantita, Costituzione, Larghezza, Lunghezza, Spessore, Alveolatura, Diametro, Isolante) values ('9260858', 'Mattone', '1973-04-18', 8, 'PellegriniSRL', 4, 'CertificataSecondoLaNormaVigente', 2, 3, 2, 'forato', 1.7, 1);
insert into Mattone (CodiceLotto, Nome, DataAcquisto, Costoquintale, NomeFornitore, Quantita, Costituzione, Larghezza, Lunghezza, Spessore, Alveolatura, Diametro, Isolante) values ('5156372', 'Mattone', '1998-12-02', 7, 'MrBrico', 4, 'CertificataSecondoLaNormaVigente', 1, 7, 6, 'forato', 2.9, 1);
insert into Mattone (CodiceLotto, Nome, DataAcquisto, Costoquintale, NomeFornitore, Quantita, Costituzione, Larghezza, Lunghezza, Spessore, Alveolatura, Diametro, Isolante) values ('5365302', 'Mattone', '2013-11-23', 14, 'PellegriniSRL', 8, 'CertificataSecondoLaNormaVigente', 5, 2, 6, 'forato', 2.8, 1);
insert into Mattone (CodiceLotto, Nome, DataAcquisto, Costoquintale, NomeFornitore, Quantita, Costituzione, Larghezza, Lunghezza, Spessore, Alveolatura, Diametro, Isolante) values ('4723711', 'Mattone', '1981-12-17', 5, 'ThorSRL', 13, 'CertificataSecondoLaNormaVigente', 8, 7, 10, 'forato', 1.4, 1);
insert into Mattone (CodiceLotto, Nome, DataAcquisto, Costoquintale, NomeFornitore, Quantita, Costituzione, Larghezza, Lunghezza, Spessore, Alveolatura, Diametro, Isolante) values ('4217198', 'Mattone', '1991-11-08', 15, 'Colorama', 35, 'CertificataSecondoLaNormaVigente', 10, 2, 4, 'forato', 1.5, 1);

insert into MattoneEdificio (Muratura, Mattone) values ('MUR00904', 398257);
insert into MattoneEdificio (Muratura, Mattone) values ('MUR01501', 405442);
insert into MattoneEdificio (Muratura, Mattone) values ('MUR01641', 423096);
insert into MattoneEdificio (Muratura, Mattone) values ('MUR05112', 430001);
insert into MattoneEdificio (Muratura, Mattone) values ('MUR06911', 792452);
insert into MattoneEdificio (Muratura, Mattone) values ('MUR06917', 794851);
insert into MattoneEdificio (Muratura, Mattone) values ('MUR07660', 1781828);
insert into MattoneEdificio (Muratura, Mattone) values ('MUR07841', 1901289);
insert into MattoneEdificio (Muratura, Mattone) values ('MUR07895', 2245999);
insert into MattoneEdificio (Muratura, Mattone) values ('MUR08059', 2440236);
insert into MattoneEdificio (Muratura, Mattone) values ('MUR08089', 2833734);
insert into MattoneEdificio (Muratura, Mattone) values ('MUR08282', 3195481);
insert into MattoneEdificio (Muratura, Mattone) values ('MUR08362', 3521192);
insert into MattoneEdificio (Muratura, Mattone) values ('MUR08745', 3534983);
insert into MattoneEdificio (Muratura, Mattone) values ('MUR08767', 3654500);
insert into MattoneEdificio (Muratura, Mattone) values ('MUR08790', 3996131);
insert into MattoneEdificio (Muratura, Mattone) values ('MUR09015', 4198740);
insert into MattoneEdificio (Muratura, Mattone) values ('MUR09511', 4217198);
insert into MattoneEdificio (Muratura, Mattone) values ('MUR09533', 4493029);
insert into MattoneEdificio (Muratura, Mattone) values ('MUR09985', 4654495);
insert into MattoneEdificio (Muratura, Mattone) values ('MUR10002', 4701157);
insert into MattoneEdificio (Muratura, Mattone) values ('MUR10242', 5033522);
insert into MattoneEdificio (Muratura, Mattone) values ('MUR10597', 5156372);
insert into MattoneEdificio (Muratura, Mattone) values ('MUR10940', 398257);
insert into MattoneEdificio (Muratura, Mattone) values ('MUR12623', 405442);
insert into MattoneEdificio (Muratura, Mattone) values ('MUR13027', 423096);
insert into MattoneEdificio (Muratura, Mattone) values ('MUR13408', 430001);
insert into MattoneEdificio (Muratura, Mattone) values ('MUR13758', 792452);
insert into MattoneEdificio (Muratura, Mattone) values ('MUR13894', 794851);
insert into MattoneEdificio (Muratura, Mattone) values ('MUR14051', 1781828);
insert into MattoneEdificio (Muratura, Mattone) values ('MUR14674', 1901289);
insert into MattoneEdificio (Muratura, Mattone) values ('MUR15120', 2245999);
insert into MattoneEdificio (Muratura, Mattone) values ('MUR15531', 2440236);
insert into MattoneEdificio (Muratura, Mattone) values ('MUR15583', 2833734);
insert into MattoneEdificio (Muratura, Mattone) values ('MUR16065', 3195481);
insert into MattoneEdificio (Muratura, Mattone) values ('MUR16495', 3521192);
insert into MattoneEdificio (Muratura, Mattone) values ('MUR16848', 3534983);
insert into MattoneEdificio (Muratura, Mattone) values ('MUR19362', 3654500);
insert into MattoneEdificio (Muratura, Mattone) values ('MUR19377', 3996131);
insert into MattoneEdificio (Muratura, Mattone) values ('MUR19564', 4198740);
insert into MattoneEdificio (Muratura, Mattone) values ('MUR19817', 4217198);
insert into MattoneEdificio (Muratura, Mattone) values ('MUR20050', 4493029);
insert into MattoneEdificio (Muratura, Mattone) values ('MUR20369', 4654495);
insert into MattoneEdificio (Muratura, Mattone) values ('MUR20637', 4701157);
insert into MattoneEdificio (Muratura, Mattone) values ('MUR20802', 5033522);
insert into MattoneEdificio (Muratura, Mattone) values ('MUR21080', 5156372);
insert into MattoneEdificio (Muratura, Mattone) values ('MUR21160', 398257);
insert into MattoneEdificio (Muratura, Mattone) values ('MUR21851', 405442);
insert into MattoneEdificio (Muratura, Mattone) values ('MUR22763', 423096);
insert into MattoneEdificio (Muratura, Mattone) values ('MUR22790', 430001);

insert into UtilizzoMattone (Lavoro, Mattone) values ('CostruzioneMurature', 398257);
insert into UtilizzoMattone (Lavoro, Mattone) values ('CostruzioneMurature', 405442);
insert into UtilizzoMattone (Lavoro, Mattone) values ('CostruzioneMurature', 423096);
insert into UtilizzoMattone (Lavoro, Mattone) values ('CostruzioneMurature', 430001);
insert into UtilizzoMattone (Lavoro, Mattone) values ('CostruzioneMurature', 792452);
insert into UtilizzoMattone (Lavoro, Mattone) values ('CostruzioneMurature', 794851);
insert into UtilizzoMattone (Lavoro, Mattone) values ('CostruzioneMurature', 1781828);
insert into UtilizzoMattone (Lavoro, Mattone) values ('CostruzioneMurature', 1901289);
insert into UtilizzoMattone (Lavoro, Mattone) values ('CostruzioneMurature', 2245999);
insert into UtilizzoMattone (Lavoro, Mattone) values ('CostruzioneMurature', 2440236);
insert into UtilizzoMattone (Lavoro, Mattone) values ('CostruzioneMurature', 2833734);
insert into UtilizzoMattone (Lavoro, Mattone) values ('CostruzioneMurature', 3195481);
insert into UtilizzoMattone (Lavoro, Mattone) values ('CostruzioneMurature', 3521192);
insert into UtilizzoMattone (Lavoro, Mattone) values ('CostruzioneMurature', 3534983);
insert into UtilizzoMattone (Lavoro, Mattone) values ('CostruzioneMurature', 3654500);
insert into UtilizzoMattone (Lavoro, Mattone) values ('CostruzioneMurature', 3996131);
insert into UtilizzoMattone (Lavoro, Mattone) values ('CostruzioneMurature', 4198740);
insert into UtilizzoMattone (Lavoro, Mattone) values ('CostruzioneMurature', 4217198);
insert into UtilizzoMattone (Lavoro, Mattone) values ('CostruzioneMurature', 4493029);
insert into UtilizzoMattone (Lavoro, Mattone) values ('CostruzioneMurature', 4654495);
insert into UtilizzoMattone (Lavoro, Mattone) values ('CostruzioneMurature', 4701157);
insert into UtilizzoMattone (Lavoro, Mattone) values ('CostruzioneMurature', 5033522);
insert into UtilizzoMattone (Lavoro, Mattone) values ('CostruzioneMurature', 5156372);

insert into Pietra (CodiceLotto, Nome, DataAcquisto, Costo, NomeFornitore, Quantita, Costituzione, Larghezza, Lunghezza, Spessore, NumeroPietreLotto) values ('22206367', 'Pietra', '1972-05-26', 5, 'IronManSRL', 10, 'CertificataSecondoLaNormaVigente', 3, 4, 2, 601);
insert into Pietra (CodiceLotto, Nome, DataAcquisto, Costo, NomeFornitore, Quantita, Costituzione, Larghezza, Lunghezza, Spessore, NumeroPietreLotto) values ('70243544', 'Pietra', '1990-11-24', 15, 'Colorama', 34, 'CertificataSecondoLaNormaVigente', 9, 10, 4, 1402);
insert into Pietra (CodiceLotto, Nome, DataAcquisto, Costo, NomeFornitore, Quantita, Costituzione, Larghezza, Lunghezza, Spessore, NumeroPietreLotto) values ('80896829', 'Pietra', '1974-08-16', 23, 'PellegriniSRL', 35, 'CertificataSecondoLaNormaVigente', 2, 10, 5, 764);
insert into Pietra (CodiceLotto, Nome, DataAcquisto, Costo, NomeFornitore, Quantita, Costituzione, Larghezza, Lunghezza, Spessore, NumeroPietreLotto) values ('31244493', 'Pietra', '2014-07-12', 8, 'MonteOlimpoSPA', 16, 'CertificataSecondoLaNormaVigente', 5, 10, 10, 4648);
insert into Pietra (CodiceLotto, Nome, DataAcquisto, Costo, NomeFornitore, Quantita, Costituzione, Larghezza, Lunghezza, Spessore, NumeroPietreLotto) values ('16448631', 'Pietra', '1987-01-06', 7, 'IronManSRL', 17, 'CertificataSecondoLaNormaVigente', 6, 9, 10, 678);
insert into Pietra (CodiceLotto, Nome, DataAcquisto, Costo, NomeFornitore, Quantita, Costituzione, Larghezza, Lunghezza, Spessore, NumeroPietreLotto) values ('66285210', 'Pietra', '2003-08-13', 14, 'IronManSRL', 33, 'CertificataSecondoLaNormaVigente', 10, 6, 6, 5488);
insert into Pietra (CodiceLotto, Nome, DataAcquisto, Costo, NomeFornitore, Quantita, Costituzione, Larghezza, Lunghezza, Spessore, NumeroPietreLotto) values ('67499503', 'Pietra', '1993-09-16', 5, 'ThorSRL', 15, 'CertificataSecondoLaNormaVigente', 10, 10, 3, 6257);
insert into Pietra (CodiceLotto, Nome, DataAcquisto, Costo, NomeFornitore, Quantita, Costituzione, Larghezza, Lunghezza, Spessore, NumeroPietreLotto) values ('36027435', 'Pietra', '2006-05-04', 15, 'IronManSRL', 26, 'CertificataSecondoLaNormaVigente', 6, 7, 9, 4307);
insert into Pietra (CodiceLotto, Nome, DataAcquisto, Costo, NomeFornitore, Quantita, Costituzione, Larghezza, Lunghezza, Spessore, NumeroPietreLotto) values ('98788072', 'Pietra', '2021-11-17', 23, 'MonteOlimpoSPA', 24, 'CertificataSecondoLaNormaVigente', 2, 7, 9, 1377);
insert into Pietra (CodiceLotto, Nome, DataAcquisto, Costo, NomeFornitore, Quantita, Costituzione, Larghezza, Lunghezza, Spessore, NumeroPietreLotto) values ('22112223', 'Pietra', '1975-11-14', 8, 'MrBrico', 26, 'CertificataSecondoLaNormaVigente', 6, 8, 2, 6592);
insert into Pietra (CodiceLotto, Nome, DataAcquisto, Costo, NomeFornitore, Quantita, Costituzione, Larghezza, Lunghezza, Spessore, NumeroPietreLotto) values ('43698452', 'Pietra', '2004-04-30', 7, 'PellegriniSRL', 16, 'CertificataSecondoLaNormaVigente', 3, 6, 2, 3126);
insert into Pietra (CodiceLotto, Nome, DataAcquisto, Costo, NomeFornitore, Quantita, Costituzione, Larghezza, Lunghezza, Spessore, NumeroPietreLotto) values ('62819038', 'Pietra', '1996-07-20', 14, 'Colorama', 34, 'CertificataSecondoLaNormaVigente', 10, 10, 5, 1023);
insert into Pietra (CodiceLotto, Nome, DataAcquisto, Costo, NomeFornitore, Quantita, Costituzione, Larghezza, Lunghezza, Spessore, NumeroPietreLotto) values ('43807358', 'Pietra', '2006-01-05', 5, 'Colorama', 2, 'CertificataSecondoLaNormaVigente', 5, 9, 2, 3090);
insert into Pietra (CodiceLotto, Nome, DataAcquisto, Costo, NomeFornitore, Quantita, Costituzione, Larghezza, Lunghezza, Spessore, NumeroPietreLotto) values ('71018075', 'Pietra', '1983-10-15', 15, 'Colorama', 25, 'CertificataSecondoLaNormaVigente', 8, 5, 5, 5039);
insert into Pietra (CodiceLotto, Nome, DataAcquisto, Costo, NomeFornitore, Quantita, Costituzione, Larghezza, Lunghezza, Spessore, NumeroPietreLotto) values ('37925703', 'Pietra', '2014-04-13', 23, 'ThorSRL', 3, 'CertificataSecondoLaNormaVigente', 8, 5, 5, 3390);
insert into Pietra (CodiceLotto, Nome, DataAcquisto, Costo, NomeFornitore, Quantita, Costituzione, Larghezza, Lunghezza, Spessore, NumeroPietreLotto) values ('77204475', 'Pietra', '1997-12-24', 8, 'MonteOlimpoSPA', 34, 'CertificataSecondoLaNormaVigente', 1, 4, 10, 132);
insert into Pietra (CodiceLotto, Nome, DataAcquisto, Costo, NomeFornitore, Quantita, Costituzione, Larghezza, Lunghezza, Spessore, NumeroPietreLotto) values ('88336365', 'Pietra', '1986-03-22', 7, 'MrBrico', 27, 'CertificataSecondoLaNormaVigente', 6, 4, 10, 1620);
insert into Pietra (CodiceLotto, Nome, DataAcquisto, Costo, NomeFornitore, Quantita, Costituzione, Larghezza, Lunghezza, Spessore, NumeroPietreLotto) values ('18102828', 'Pietra', '1989-03-09', 14, 'MonteOlimpoSPA', 32, 'CertificataSecondoLaNormaVigente', 7, 8, 7, 3663);
insert into Pietra (CodiceLotto, Nome, DataAcquisto, Costo, NomeFornitore, Quantita, Costituzione, Larghezza, Lunghezza, Spessore, NumeroPietreLotto) values ('95788805', 'Pietra', '2020-03-30', 5, 'ThorSRL', 28, 'CertificataSecondoLaNormaVigente', 9, 7, 9, 5122);
insert into Pietra (CodiceLotto, Nome, DataAcquisto, Costo, NomeFornitore, Quantita, Costituzione, Larghezza, Lunghezza, Spessore, NumeroPietreLotto) values ('56103446', 'Pietra', '1992-03-26', 15, 'Colorama', 33, 'CertificataSecondoLaNormaVigente', 9, 4, 3, 2730);
insert into Pietra (CodiceLotto, Nome, DataAcquisto, Costo, NomeFornitore, Quantita, Costituzione, Larghezza, Lunghezza, Spessore, NumeroPietreLotto) values ('70970438', 'Pietra', '1995-11-18', 23, 'MonteOlimpoSPA', 15, 'CertificataSecondoLaNormaVigente', 3, 7, 5, 6314);
insert into Pietra (CodiceLotto, Nome, DataAcquisto, Costo, NomeFornitore, Quantita, Costituzione, Larghezza, Lunghezza, Spessore, NumeroPietreLotto) values ('39931138', 'Pietra', '1992-06-13', 8, 'MonteOlimpoSPA', 26, 'CertificataSecondoLaNormaVigente', 9, 2, 8, 6080);
insert into Pietra (CodiceLotto, Nome, DataAcquisto, Costo, NomeFornitore, Quantita, Costituzione, Larghezza, Lunghezza, Spessore, NumeroPietreLotto) values ('22879103', 'Pietra', '1996-06-19', 7, 'MonteOlimpoSPA', 16, 'CertificataSecondoLaNormaVigente', 3, 7, 9, 1120);
insert into Pietra (CodiceLotto, Nome, DataAcquisto, Costo, NomeFornitore, Quantita, Costituzione, Larghezza, Lunghezza, Spessore, NumeroPietreLotto) values ('24423992', 'Pietra', '1989-02-12', 14, 'IronManSRL', 7, 'CertificataSecondoLaNormaVigente', 10, 4, 2, 6231);
insert into Pietra (CodiceLotto, Nome, DataAcquisto, Costo, NomeFornitore, Quantita, Costituzione, Larghezza, Lunghezza, Spessore, NumeroPietreLotto) values ('15188722', 'Pietra', '1975-11-10', 5, 'IronManSRL', 13, 'CertificataSecondoLaNormaVigente', 4, 3, 4, 3399);
insert into Pietra (CodiceLotto, Nome, DataAcquisto, Costo, NomeFornitore, Quantita, Costituzione, Larghezza, Lunghezza, Spessore, NumeroPietreLotto) values ('34629481', 'Pietra', '1983-04-19', 15, 'MrBrico', 27, 'CertificataSecondoLaNormaVigente', 6, 5, 8, 3914);
insert into Pietra (CodiceLotto, Nome, DataAcquisto, Costo, NomeFornitore, Quantita, Costituzione, Larghezza, Lunghezza, Spessore, NumeroPietreLotto) values ('39681325', 'Pietra', '2005-02-04', 23, 'MrBrico', 7, 'CertificataSecondoLaNormaVigente', 8, 3, 4, 3229);
insert into Pietra (CodiceLotto, Nome, DataAcquisto, Costo, NomeFornitore, Quantita, Costituzione, Larghezza, Lunghezza, Spessore, NumeroPietreLotto) values ('81447665', 'Pietra', '1978-03-24', 8, 'IronManSRL', 9, 'CertificataSecondoLaNormaVigente', 10, 9, 1, 6881);
insert into Pietra (CodiceLotto, Nome, DataAcquisto, Costo, NomeFornitore, Quantita, Costituzione, Larghezza, Lunghezza, Spessore, NumeroPietreLotto) values ('46441914', 'Pietra', '1970-11-19', 7, 'MonteOlimpoSPA', 10, 'CertificataSecondoLaNormaVigente', 1, 5, 7, 4022);
insert into Pietra (CodiceLotto, Nome, DataAcquisto, Costo, NomeFornitore, Quantita, Costituzione, Larghezza, Lunghezza, Spessore, NumeroPietreLotto) values ('53242295', 'Pietra', '1975-12-25', 14, 'Colorama', 16, 'CertificataSecondoLaNormaVigente', 5, 6, 7, 837);
insert into Pietra (CodiceLotto, Nome, DataAcquisto, Costo, NomeFornitore, Quantita, Costituzione, Larghezza, Lunghezza, Spessore, NumeroPietreLotto) values ('25279630', 'Pietra', '2014-04-25', 5, 'PellegriniSRL', 23, 'CertificataSecondoLaNormaVigente', 8, 7, 5, 5914);
insert into Pietra (CodiceLotto, Nome, DataAcquisto, Costo, NomeFornitore, Quantita, Costituzione, Larghezza, Lunghezza, Spessore, NumeroPietreLotto) values ('31163979', 'Pietra', '1978-10-02', 15, 'MonteOlimpoSPA', 2, 'CertificataSecondoLaNormaVigente', 8, 2, 1, 204);
insert into Pietra (CodiceLotto, Nome, DataAcquisto, Costo, NomeFornitore, Quantita, Costituzione, Larghezza, Lunghezza, Spessore, NumeroPietreLotto) values ('79334498', 'Pietra', '2011-07-12', 23, 'ThorSRL', 13, 'CertificataSecondoLaNormaVigente', 9, 5, 4, 1055);
insert into Pietra (CodiceLotto, Nome, DataAcquisto, Costo, NomeFornitore, Quantita, Costituzione, Larghezza, Lunghezza, Spessore, NumeroPietreLotto) values ('42700461', 'Pietra', '2018-09-18', 8, 'PellegriniSRL', 13, 'CertificataSecondoLaNormaVigente', 8, 7, 10, 3290);
insert into Pietra (CodiceLotto, Nome, DataAcquisto, Costo, NomeFornitore, Quantita, Costituzione, Larghezza, Lunghezza, Spessore, NumeroPietreLotto) values ('90174734', 'Pietra', '1989-01-09', 7, 'PellegriniSRL', 6, 'CertificataSecondoLaNormaVigente', 8, 4, 6, 4445);
insert into Pietra (CodiceLotto, Nome, DataAcquisto, Costo, NomeFornitore, Quantita, Costituzione, Larghezza, Lunghezza, Spessore, NumeroPietreLotto) values ('79182150', 'Pietra', '1988-08-18', 14, 'ThorSRL', 19, 'CertificataSecondoLaNormaVigente', 10, 10, 8, 6909);
insert into Pietra (CodiceLotto, Nome, DataAcquisto, Costo, NomeFornitore, Quantita, Costituzione, Larghezza, Lunghezza, Spessore, NumeroPietreLotto) values ('23115815', 'Pietra', '1982-02-19', 5, 'ThorSRL', 19, 'CertificataSecondoLaNormaVigente', 9, 10, 3, 3110);
insert into Pietra (CodiceLotto, Nome, DataAcquisto, Costo, NomeFornitore, Quantita, Costituzione, Larghezza, Lunghezza, Spessore, NumeroPietreLotto) values ('03448510', 'Pietra', '1983-08-11', 15, 'MonteOlimpoSPA', 27, 'CertificataSecondoLaNormaVigente', 3, 5, 7, 960);
insert into Pietra (CodiceLotto, Nome, DataAcquisto, Costo, NomeFornitore, Quantita, Costituzione, Larghezza, Lunghezza, Spessore, NumeroPietreLotto) values ('24513769', 'Pietra', '2022-02-14', 23, 'IronManSRL', 20, 'CertificataSecondoLaNormaVigente', 5, 9, 4, 5431);
insert into Pietra (CodiceLotto, Nome, DataAcquisto, Costo, NomeFornitore, Quantita, Costituzione, Larghezza, Lunghezza, Spessore, NumeroPietreLotto) values ('77066649', 'Pietra', '2012-02-04', 8, 'ThorSRL', 30, 'CertificataSecondoLaNormaVigente', 4, 7, 2, 1234);
insert into Pietra (CodiceLotto, Nome, DataAcquisto, Costo, NomeFornitore, Quantita, Costituzione, Larghezza, Lunghezza, Spessore, NumeroPietreLotto) values ('82305254', 'Pietra', '1993-03-11', 7, 'ThorSRL', 14, 'CertificataSecondoLaNormaVigente', 2, 8, 2, 2401);
insert into Pietra (CodiceLotto, Nome, DataAcquisto, Costo, NomeFornitore, Quantita, Costituzione, Larghezza, Lunghezza, Spessore, NumeroPietreLotto) values ('35754101', 'Pietra', '2006-11-05', 14, 'MonteOlimpoSPA', 21, 'CertificataSecondoLaNormaVigente', 1, 6, 2, 4069);
insert into Pietra (CodiceLotto, Nome, DataAcquisto, Costo, NomeFornitore, Quantita, Costituzione, Larghezza, Lunghezza, Spessore, NumeroPietreLotto) values ('07454935', 'Pietra', '2011-07-16', 5, 'ThorSRL', 12, 'CertificataSecondoLaNormaVigente', 3, 10, 2, 4904);
insert into Pietra (CodiceLotto, Nome, DataAcquisto, Costo, NomeFornitore, Quantita, Costituzione, Larghezza, Lunghezza, Spessore, NumeroPietreLotto) values ('21024807', 'Pietra', '2004-12-14', 15, 'IronManSRL', 4, 'CertificataSecondoLaNormaVigente', 4, 4, 4, 5648);
insert into Pietra (CodiceLotto, Nome, DataAcquisto, Costo, NomeFornitore, Quantita, Costituzione, Larghezza, Lunghezza, Spessore, NumeroPietreLotto) values ('79764582', 'Pietra', '2019-05-17', 23, 'ThorSRL', 10, 'CertificataSecondoLaNormaVigente', 8, 3, 5, 3871);
insert into Pietra (CodiceLotto, Nome, DataAcquisto, Costo, NomeFornitore, Quantita, Costituzione, Larghezza, Lunghezza, Spessore, NumeroPietreLotto) values ('79588243', 'Pietra', '1972-09-28', 8, 'MonteOlimpoSPA', 31, 'CertificataSecondoLaNormaVigente', 1, 8, 4, 1724);
insert into Pietra (CodiceLotto, Nome, DataAcquisto, Costo, NomeFornitore, Quantita, Costituzione, Larghezza, Lunghezza, Spessore, NumeroPietreLotto) values ('85188540', 'Pietra', '1975-07-16', 7, 'Colorama', 24, 'CertificataSecondoLaNormaVigente', 9, 2, 6, 2873);
insert into Pietra (CodiceLotto, Nome, DataAcquisto, Costo, NomeFornitore, Quantita, Costituzione, Larghezza, Lunghezza, Spessore, NumeroPietreLotto) values ('91541930', 'Pietra', '2006-03-14', 14, 'MrBrico', 19, 'CertificataSecondoLaNormaVigente', 10, 7, 6, 6404);
insert into Pietra (CodiceLotto, Nome, DataAcquisto, Costo, NomeFornitore, Quantita, Costituzione, Larghezza, Lunghezza, Spessore, NumeroPietreLotto) values ('35249121', 'Pietra', '2013-03-07', 5, 'ThorSRL', 6, 'CertificataSecondoLaNormaVigente', 9, 3, 5, 6159);
insert into Pietra (CodiceLotto, Nome, DataAcquisto, Costo, NomeFornitore, Quantita, Costituzione, Larghezza, Lunghezza, Spessore, NumeroPietreLotto) values ('21158886', 'Pietra', '1997-11-28', 15, 'PellegriniSRL', 32, 'CertificataSecondoLaNormaVigente', 1, 1, 8, 1887);

insert into UtilizzoPietra (Lavoro, Pietra) values ('CostruzioneMurature', 3448510);
insert into UtilizzoPietra (Lavoro, Pietra) values ('CostruzioneMurature', 7454935);
insert into UtilizzoPietra (Lavoro, Pietra) values ('CostruzioneMurature', 15188722);
insert into UtilizzoPietra (Lavoro, Pietra) values ('CostruzioneMurature', 16448631);
insert into UtilizzoPietra (Lavoro, Pietra) values ('CostruzioneMurature', 18102828);
insert into UtilizzoPietra (Lavoro, Pietra) values ('CostruzioneMurature', 21024807);
insert into UtilizzoPietra (Lavoro, Pietra) values ('CostruzioneMurature', 21158886);
insert into UtilizzoPietra (Lavoro, Pietra) values ('CostruzioneMurature', 22112223);
insert into UtilizzoPietra (Lavoro, Pietra) values ('CostruzioneMurature', 22206367);
insert into UtilizzoPietra (Lavoro, Pietra) values ('CostruzioneMurature', 22879103);
insert into UtilizzoPietra (Lavoro, Pietra) values ('CostruzioneMurature', 23115815);
insert into UtilizzoPietra (Lavoro, Pietra) values ('CostruzioneMurature', 24423992);
insert into UtilizzoPietra (Lavoro, Pietra) values ('CostruzioneMurature', 24513769);
insert into UtilizzoPietra (Lavoro, Pietra) values ('CostruzioneMurature', 25279630);
insert into UtilizzoPietra (Lavoro, Pietra) values ('CostruzioneMurature', 31163979);

insert into PietraEdificio (Muratura, Pietra, Disposizione, SuperficieMediamq, PesoMedioKg) values ('MUR00904', 3448510, 'geometrica', null, null);
insert into PietraEdificio (Muratura, Pietra, Disposizione, SuperficieMediamq, PesoMedioKg) values ('MUR01501', 7454935, 'artistica', null, null);
insert into PietraEdificio (Muratura, Pietra, Disposizione, SuperficieMediamq, PesoMedioKg) values ('MUR01641', 15188722, 'geometrica', null, null);
insert into PietraEdificio (Muratura, Pietra, Disposizione, SuperficieMediamq, PesoMedioKg) values ('MUR05112', 16448631, 'artistica', null, null);
insert into PietraEdificio (Muratura, Pietra, Disposizione, SuperficieMediamq, PesoMedioKg) values ('MUR06911', 18102828, 'geometrica', null, null);
insert into PietraEdificio (Muratura, Pietra, Disposizione, SuperficieMediamq, PesoMedioKg) values ('MUR06917', 21024807, 'artistica', null, null);
insert into PietraEdificio (Muratura, Pietra, Disposizione, SuperficieMediamq, PesoMedioKg) values ('MUR07660', 21158886, 'geometrica', null, null);
insert into PietraEdificio (Muratura, Pietra, Disposizione, SuperficieMediamq, PesoMedioKg) values ('MUR07841', 22112223, 'artistica', null, null);
insert into PietraEdificio (Muratura, Pietra, Disposizione, SuperficieMediamq, PesoMedioKg) values ('MUR07895', 22206367, 'geometrica', null, null);
insert into PietraEdificio (Muratura, Pietra, Disposizione, SuperficieMediamq, PesoMedioKg) values ('MUR08059', 22879103, 'artistica', null, null);
insert into PietraEdificio (Muratura, Pietra, Disposizione, SuperficieMediamq, PesoMedioKg) values ('MUR08089', 23115815, 'geometrica', null, null);
insert into PietraEdificio (Muratura, Pietra, Disposizione, SuperficieMediamq, PesoMedioKg) values ('MUR08282', 24423992, 'artistica', null, null);
insert into PietraEdificio (Muratura, Pietra, Disposizione, SuperficieMediamq, PesoMedioKg) values ('MUR08362', 24513769, 'geometrica', null, null);
insert into PietraEdificio (Muratura, Pietra, Disposizione, SuperficieMediamq, PesoMedioKg) values ('MUR08745', 25279630, 'artistica', null, null);
insert into PietraEdificio (Muratura, Pietra, Disposizione, SuperficieMediamq, PesoMedioKg) values ('MUR08767', 31163979, 'geometrica', null, null);
insert into PietraEdificio (Muratura, Pietra, Disposizione, SuperficieMediamq, PesoMedioKg) values ('MUR08790', 3448510, 'artistica', null, null);
insert into PietraEdificio (Muratura, Pietra, Disposizione, SuperficieMediamq, PesoMedioKg) values ('MUR09015', 7454935, 'geometrica', null, null);
insert into PietraEdificio (Muratura, Pietra, Disposizione, SuperficieMediamq, PesoMedioKg) values ('MUR09511', 15188722, 'artistica', null, null);
insert into PietraEdificio (Muratura, Pietra, Disposizione, SuperficieMediamq, PesoMedioKg) values ('MUR09533', 16448631, 'geometrica', null, null);
insert into PietraEdificio (Muratura, Pietra, Disposizione, SuperficieMediamq, PesoMedioKg) values ('MUR09985', 18102828, 'artistica', null, null);

insert into Sensore (Codice, Nome, Grandezza, UnitaDiMisura, CoordinataX, CoordinataY, SogliaDiRischio, Muratura) values ('YDJ33785AKL328', 'TermometroInterno', 'Temperatura', 'K', 0.5, 1.7, 149, 'MUR19377');
insert into Sensore (Codice, Nome, Grandezza, UnitaDiMisura, CoordinataX, CoordinataY, SogliaDiRischio, Muratura) values ('DWY61348BFC468', 'RilevatoreCrepe', 'Lunghezza', 'm', 1.4, 1.6, 122, 'MUR49240');
insert into Sensore (Codice, Nome, Grandezza, UnitaDiMisura, CoordinataX, CoordinataY, SogliaDiRischio, Muratura) values ('EBK44706PHG836', 'RilevatorePioggia', 'Volume', 'cm3', 1.3, 0.3, 155, 'MUR75340');
insert into Sensore (Codice, Nome, Grandezza, UnitaDiMisura, CoordinataX, CoordinataY, SogliaDiRischio, Muratura) values ('JWZ86070SJE766', 'IgrometroInterno', 'GrandezzaPercentuale', 'VP', 0.8, 1.8, 84, 'MUR49349');
insert into Sensore (Codice, Nome, Grandezza, UnitaDiMisura, CoordinataX, CoordinataY, SogliaDiRischio, Muratura) values ('BUP89336FPB336', 'IgrometroEsterno', 'GrandezzaPercentuale', 'VP', 0.6, 1.2, 176, 'MUR93858');
insert into Sensore (Codice, Nome, Grandezza, UnitaDiMisura, CoordinataX, CoordinataY, SogliaDiRischio, Muratura) values ('ZAZ00960ICV684', 'TermometroEsterno', 'Temperatura', 'K', 1.0, 0.2, 136, 'MUR86652');
insert into Sensore (Codice, Nome, Grandezza, UnitaDiMisura, CoordinataX, CoordinataY, SogliaDiRischio, Muratura) values ('MTL05564SWI659', 'SollecitatoreAccelerometricoTriassiale', 'AccelerazioneAngolare', '/s2', 0.7, 0.7, 175, 'MUR19377');
insert into Sensore (Codice, Nome, Grandezza, UnitaDiMisura, CoordinataX, CoordinataY, SogliaDiRischio, Muratura) values ('VMC18372UBV559', 'GiroscopiATorsione', 'Torsione', 'Nm', 0.4, 1.7, 145, 'MUR65753');
insert into Sensore (Codice, Nome, Grandezza, UnitaDiMisura, CoordinataX, CoordinataY, SogliaDiRischio, Muratura) values ('ZVR54621UHO637', 'TermometroInterno', 'Temperatura', 'K', 1.0, 0.6, 158, 'MUR87149');
insert into Sensore (Codice, Nome, Grandezza, UnitaDiMisura, CoordinataX, CoordinataY, SogliaDiRischio, Muratura) values ('DOY56136SWZ881', 'RilevatoreCrepe', 'Lunghezza', 'm', 0.3, 0.2, 138, 'MUR45998');
insert into Sensore (Codice, Nome, Grandezza, UnitaDiMisura, CoordinataX, CoordinataY, SogliaDiRischio, Muratura) values ('TJB58577ABG703', 'RilevatorePioggia', 'Volume', 'cm3', 0.4, 1.3, 125, 'MUR49349');
insert into Sensore (Codice, Nome, Grandezza, UnitaDiMisura, CoordinataX, CoordinataY, SogliaDiRischio, Muratura) values ('SVO32364TAQ737', 'IgrometroInterno', 'GrandezzaPercentuale', 'VP', 0.3, 1.5, 128, 'MUR35565');
insert into Sensore (Codice, Nome, Grandezza, UnitaDiMisura, CoordinataX, CoordinataY, SogliaDiRischio, Muratura) values ('TTU12567GVN268', 'IgrometroEsterno', 'GrandezzaPercentuale', 'VP', 0.5, 1.4, 155, 'MUR37672');
insert into Sensore (Codice, Nome, Grandezza, UnitaDiMisura, CoordinataX, CoordinataY, SogliaDiRischio, Muratura) values ('TER99893UNM601', 'TermometroEsterno', 'Temperatura', 'K', 1.9, 1.9, 95, 'MUR78440');
insert into Sensore (Codice, Nome, Grandezza, UnitaDiMisura, CoordinataX, CoordinataY, SogliaDiRischio, Muratura) values ('ZWF12070VFH819', 'SollecitatoreAccelerometricoTriassiale', 'AccelerazioneAngolare', '/s2', 2.0, 0.8, 139, 'MUR26956');
insert into Sensore (Codice, Nome, Grandezza, UnitaDiMisura, CoordinataX, CoordinataY, SogliaDiRischio, Muratura) values ('STC14875BYY717', 'GiroscopiATorsione', 'Torsione', 'Nm', 0.8, 1.4, 121, 'MUR09015');
insert into Sensore (Codice, Nome, Grandezza, UnitaDiMisura, CoordinataX, CoordinataY, SogliaDiRischio, Muratura) values ('FIN24524ASL816', 'TermometroInterno', 'Temperatura', 'K', 1.3, 0.4, 153, 'MUR34176');
insert into Sensore (Codice, Nome, Grandezza, UnitaDiMisura, CoordinataX, CoordinataY, SogliaDiRischio, Muratura) values ('HKO90275URK809', 'RilevatoreCrepe', 'Lunghezza', 'm', 0.5, 1.0, 77, 'MUR28981');
insert into Sensore (Codice, Nome, Grandezza, UnitaDiMisura, CoordinataX, CoordinataY, SogliaDiRischio, Muratura) values ('IQJ05114PFB760', 'RilevatorePioggia', 'Volume', 'cm3', 0.4, 1.3, 122, 'MUR56443');
insert into Sensore (Codice, Nome, Grandezza, UnitaDiMisura, CoordinataX, CoordinataY, SogliaDiRischio, Muratura) values ('JSD70463XIS044', 'IgrometroInterno', 'GrandezzaPercentuale', 'VP', 0.4, 1.5, 95, 'MUR44733');

insert into Misurazione (Codice, Sensore, Valore, Timestamp, Edificio) values ('YQAU1811TTFL', 'STC14875BYY717', 46, '2010-01-01 10:00:00', 'FIO864T8K5QRG966');
insert into Misurazione (Codice, Sensore, Valore, Timestamp, Edificio) values ('BIJE5277KKEZ', 'DOY56136SWZ881', 51, '2010-06-06 23:45:45', 'FIO864T8K5QRG966');
insert into Misurazione (Codice, Sensore, Valore, Timestamp, Edificio) values ('KQIO0249LXKT', 'EBK44706PHG836', 41, '2010-01-01 10:00:00', 'FIO864T8K5QRG966');
insert into Misurazione (Codice, Sensore, Valore, Timestamp, Edificio) values ('NRGX8076IVHQ', 'VMC18372UBV559', 74, '2010-01-01 10:00:00', 'FIO864T8K5QRG966');
insert into Misurazione (Codice, Sensore, Valore, Timestamp, Edificio) values ('SINW0003ZOYS', 'HKO90275URK809', 72, '2010-06-06 23:45:45', 'FIO864T8K5QRG966');
insert into Misurazione (Codice, Sensore, Valore, Timestamp, Edificio) values ('YYNB8950BUOC', 'ZAZ00960ICV684', 75, '2010-06-06 23:45:45', 'FIO864T8K5QRG966');
insert into Misurazione (Codice, Sensore, Valore, Timestamp, Edificio) values ('WVWI6303DHKV', 'ZVR54621UHO637', 37, '2010-06-06 23:45:45', 'FIO864T8K5QRG966');
insert into Misurazione (Codice, Sensore, Valore, Timestamp, Edificio) values ('EAIE0266DKYF', 'FIN24524ASL816', 15, '2010-06-06 23:45:45', 'FIO864T8K5QRG966');
insert into Misurazione (Codice, Sensore, Valore, Timestamp, Edificio) values ('HQIE5718QEZU', 'YDJ33785AKL328', 21, '2010-06-06 23:45:45', 'FIO864T8K5QRG966');
insert into Misurazione (Codice, Sensore, Valore, Timestamp, Edificio) values ('GSSG7570ABSX', 'IQJ05114PFB760', 63, '2010-01-01 10:00:00', 'FIO864T8K5QRG966');
insert into Misurazione (Codice, Sensore, Valore, Timestamp, Edificio) values ('CPZL2372DRRB', 'SVO32364TAQ737', 26, '2010-01-01 10:00:00', 'FIO864T8K5QRG966');
insert into Misurazione (Codice, Sensore, Valore, Timestamp, Edificio) values ('AWCT9058BLBQ', 'JWZ86070SJE766', 17, '2010-01-01 10:00:00', 'FLH648O9Y4AFZ128');
insert into Misurazione (Codice, Sensore, Valore, Timestamp, Edificio) values ('YUBG2172DZCN', 'TJB58577ABG703', 23, '2010-01-01 10:00:00', 'FLH648O9Y4AFZ128');
insert into Misurazione (Codice, Sensore, Valore, Timestamp, Edificio) values ('IXGW5725VYDF', 'TTU12567GVN268', 14, '2010-01-01 10:00:00', 'PVL943J4D0VDC411');
insert into Misurazione (Codice, Sensore, Valore, Timestamp, Edificio) values ('FVMB9269IBGZ', 'TER99893UNM601', 59, '2010-06-06 23:45:45', 'PVL943J4D0VDC411');
insert into Misurazione (Codice, Sensore, Valore, Timestamp, Edificio) values ('TACZ4086WDMA', 'JSD70463XIS044', 47, '2010-06-06 23:45:45', 'PVL943J4D0VDC411');
insert into Misurazione (Codice, Sensore, Valore, Timestamp, Edificio) values ('OPVR1480GENY', 'BUP89336FPB336', 68, '2010-01-01 10:00:00', 'PVL943J4D0VDC411');
insert into Misurazione (Codice, Sensore, Valore, Timestamp, Edificio) values ('PYLI5054QLVQ', 'DWY61348BFC468', 24, '2010-01-01 10:00:00', 'FIO864T8K5QRG966');
insert into Misurazione (Codice, Sensore, Valore, Timestamp, Edificio) values ('DQHN9932DPLX', 'STC14875BYY717', 49, '2010-06-06 23:45:45', 'FIO864T8K5QRG966');
insert into Misurazione (Codice, Sensore, Valore, Timestamp, Edificio) values ('GDAE3053PBDR', 'DOY56136SWZ881', 13, '2010-06-06 23:45:45', 'FIO864T8K5QRG966');
insert into Misurazione (Codice, Sensore, Valore, Timestamp, Edificio) values ('LTYX9700TIRC', 'EBK44706PHG836', 72, '2010-06-06 23:45:45', 'FIO864T8K5QRG966');
insert into Misurazione (Codice, Sensore, Valore, Timestamp, Edificio) values ('KYHI8034HRHS', 'VMC18372UBV559', 41, '2010-06-06 23:45:45', 'FIO864T8K5QRG966');
insert into Misurazione (Codice, Sensore, Valore, Timestamp, Edificio) values ('MXKK1534KIMM', 'HKO90275URK809', 49, '2010-01-01 10:00:00', 'FIO864T8K5QRG966');
insert into Misurazione (Codice, Sensore, Valore, Timestamp, Edificio) values ('BYGC9940YAWE', 'ZAZ00960ICV684', 67, '2010-06-06 23:45:45', 'FIO864T8K5QRG966');
insert into Misurazione (Codice, Sensore, Valore, Timestamp, Edificio) values ('MNWB4898BRUO', 'ZVR54621UHO637', 68, '2010-06-06 23:45:45', 'FIO864T8K5QRG966');
insert into Misurazione (Codice, Sensore, Valore, Timestamp, Edificio) values ('WITG1306REDG', 'FIN24524ASL816', 70, '2010-01-01 10:00:00', 'FIO864T8K5QRG966');
insert into Misurazione (Codice, Sensore, Valore, Timestamp, Edificio) values ('XADX9837YASK', 'YDJ33785AKL328', 68, '2010-06-06 23:45:45', 'FIO864T8K5QRG966');
insert into Misurazione (Codice, Sensore, Valore, Timestamp, Edificio) values ('ZRJH3664DSDK', 'IQJ05114PFB760', 76, '2010-01-01 10:00:00', 'FIO864T8K5QRG966');
insert into Misurazione (Codice, Sensore, Valore, Timestamp, Edificio) values ('FUMO1703UZRM', 'SVO32364TAQ737', 58, '2010-01-01 10:00:00', 'FLH648O9Y4AFZ128');
insert into Misurazione (Codice, Sensore, Valore, Timestamp, Edificio) values ('NRIH7380GAHQ', 'JWZ86070SJE766', 77, '2010-06-06 23:45:45', 'FLH648O9Y4AFZ128');
insert into Misurazione (Codice, Sensore, Valore, Timestamp, Edificio) values ('MVKH6110SIPU', 'TJB58577ABG703', 25, '2010-01-01 10:00:00', 'PVL943J4D0VDC411');
insert into Misurazione (Codice, Sensore, Valore, Timestamp, Edificio) values ('MAIQ0143BPGO', 'TTU12567GVN268', 28, '2010-01-01 10:00:00', 'PVL943J4D0VDC411');
insert into Misurazione (Codice, Sensore, Valore, Timestamp, Edificio) values ('YDRH7248LAWC', 'TER99893UNM601', 60, '2010-06-06 23:45:45', 'PVL943J4D0VDC411');
insert into Misurazione (Codice, Sensore, Valore, Timestamp, Edificio) values ('XWNG6846ULJY', 'JSD70463XIS044', 23, '2010-01-01 10:00:00', 'PVL943J4D0VDC411');
insert into Misurazione (Codice, Sensore, Valore, Timestamp, Edificio) values ('PKCW9037SOCT', 'BUP89336FPB336', 42, '2010-06-06 23:45:45', 'FIO864T8K5QRG966');
insert into Misurazione (Codice, Sensore, Valore, Timestamp, Edificio) values ('IEPG9268OYWN', 'DWY61348BFC468', 72, '2010-01-01 10:00:00', 'FIO864T8K5QRG966');
insert into Misurazione (Codice, Sensore, Valore, Timestamp, Edificio) values ('ELAF3742DGVV', 'STC14875BYY717', 62, '2010-01-01 10:00:00', 'FIO864T8K5QRG966');
insert into Misurazione (Codice, Sensore, Valore, Timestamp, Edificio) values ('WZFP4135GUIY', 'DOY56136SWZ881', 27, '2010-01-01 10:00:00', 'FIO864T8K5QRG966');
insert into Misurazione (Codice, Sensore, Valore, Timestamp, Edificio) values ('VQMA5305LVAC', 'EBK44706PHG836', 71, '2010-01-01 10:00:00', 'FIO864T8K5QRG966');
insert into Misurazione (Codice, Sensore, Valore, Timestamp, Edificio) values ('OUVZ6318PJUY', 'VMC18372UBV559', 57, '2010-01-01 10:00:00', 'FIO864T8K5QRG966');
insert into Misurazione (Codice, Sensore, Valore, Timestamp, Edificio) values ('LTKB3012ABIR', 'HKO90275URK809', 78, '2010-01-01 10:00:00', 'FIO864T8K5QRG966');
insert into Misurazione (Codice, Sensore, Valore, Timestamp, Edificio) values ('YNCF2444MWRI', 'ZAZ00960ICV684', 17, '2010-01-01 10:00:00', 'FIO864T8K5QRG966');
insert into Misurazione (Codice, Sensore, Valore, Timestamp, Edificio) values ('EHRY5935OVUU', 'ZVR54621UHO637', 28, '2010-06-06 23:45:45', 'FIO864T8K5QRG966');
insert into Misurazione (Codice, Sensore, Valore, Timestamp, Edificio) values ('VKDL7622ZPUV', 'FIN24524ASL816', 19, '2010-06-06 23:45:45', 'FIO864T8K5QRG966');
insert into Misurazione (Codice, Sensore, Valore, Timestamp, Edificio) values ('ZANC2321IUWL', 'YDJ33785AKL328', 72, '2010-01-01 10:00:00', 'FIO864T8K5QRG966');
insert into Misurazione (Codice, Sensore, Valore, Timestamp, Edificio) values ('LALO4630IXOO', 'IQJ05114PFB760', 58, '2010-06-06 23:45:45', 'FLH648O9Y4AFZ128');
insert into Misurazione (Codice, Sensore, Valore, Timestamp, Edificio) values ('LXJW9885RYIE', 'SVO32364TAQ737', 73, '2010-01-01 10:00:00', 'FLH648O9Y4AFZ128');
insert into Misurazione (Codice, Sensore, Valore, Timestamp, Edificio) values ('NSWH8623YJKC', 'JWZ86070SJE766', 59, '2010-06-06 23:45:45', 'PVL943J4D0VDC411');
insert into Misurazione (Codice, Sensore, Valore, Timestamp, Edificio) values ('SCXN6785OGEA', 'TJB58577ABG703', 18, '2010-01-01 10:00:00', 'PVL943J4D0VDC411');
insert into Misurazione (Codice, Sensore, Valore, Timestamp, Edificio) values ('RBCR9439EBID', 'TTU12567GVN268', 75, '2010-06-06 23:45:45', 'PVL943J4D0VDC411');
insert into Misurazione (Codice, Sensore, Valore, Timestamp, Edificio) values ('AUWD9714LAHM', 'TER99893UNM601', 38, '2010-06-06 23:45:45', 'PVL943J4D0VDC411');
insert into Misurazione (Codice, Sensore, Valore, Timestamp, Edificio) values ('SOWH6263XEHQ', 'JSD70463XIS044', 26, '2010-01-01 10:00:00', 'FIO864T8K5QRG966');
insert into Misurazione (Codice, Sensore, Valore, Timestamp, Edificio) values ('SBGK3492LUON', 'BUP89336FPB336', 68, '2010-06-06 23:45:45', 'FIO864T8K5QRG966');
insert into Misurazione (Codice, Sensore, Valore, Timestamp, Edificio) values ('DHKP8860XQMA', 'DWY61348BFC468', 27, '2010-01-01 10:00:00', 'FIO864T8K5QRG966');
insert into Misurazione (Codice, Sensore, Valore, Timestamp, Edificio) values ('SYRK8013CXQI', 'STC14875BYY717', 31, '2010-01-01 10:00:00', 'FIO864T8K5QRG966');
insert into Misurazione (Codice, Sensore, Valore, Timestamp, Edificio) values ('QOGR2476HPOM', 'DOY56136SWZ881', 49, '2010-06-06 23:45:45', 'FIO864T8K5QRG966');
insert into Misurazione (Codice, Sensore, Valore, Timestamp, Edificio) values ('OMUD9252NYUM', 'EBK44706PHG836', 12, '2010-01-01 10:00:00', 'FIO864T8K5QRG966');
insert into Misurazione (Codice, Sensore, Valore, Timestamp, Edificio) values ('LHSI4510AKKL', 'VMC18372UBV559', 72, '2010-01-01 10:00:00', 'FIO864T8K5QRG966');
insert into Misurazione (Codice, Sensore, Valore, Timestamp, Edificio) values ('DCON6351GTHL', 'HKO90275URK809', 57, '2010-06-06 23:45:45', 'FIO864T8K5QRG966');
insert into Misurazione (Codice, Sensore, Valore, Timestamp, Edificio) values ('YJVR7020VSXQ', 'ZAZ00960ICV684', 32, '2010-06-06 23:45:45', 'FIO864T8K5QRG966');
insert into Misurazione (Codice, Sensore, Valore, Timestamp, Edificio) values ('GAKD3515XTCF', 'ZVR54621UHO637', 66, '2010-06-06 23:45:45', 'FIO864T8K5QRG966');
insert into Misurazione (Codice, Sensore, Valore, Timestamp, Edificio) values ('KVUM6048ZOQH', 'FIN24524ASL816', 53, '2010-01-01 10:00:00', 'FIO864T8K5QRG966');
insert into Misurazione (Codice, Sensore, Valore, Timestamp, Edificio) values ('TJCC3546MQMP', 'YDJ33785AKL328', 39, '2010-01-01 10:00:00', 'FLH648O9Y4AFZ128');
insert into Misurazione (Codice, Sensore, Valore, Timestamp, Edificio) values ('YOIQ9606GRZY', 'IQJ05114PFB760', 22, '2010-06-06 23:45:45', 'FLH648O9Y4AFZ128');
insert into Misurazione (Codice, Sensore, Valore, Timestamp, Edificio) values ('FABL0831TZGQ', 'SVO32364TAQ737', 59, '2010-01-01 10:00:00', 'PVL943J4D0VDC411');
insert into Misurazione (Codice, Sensore, Valore, Timestamp, Edificio) values ('DPYR7737AJUA', 'JWZ86070SJE766', 53, '2010-06-06 23:45:45', 'PVL943J4D0VDC411');
insert into Misurazione (Codice, Sensore, Valore, Timestamp, Edificio) values ('NVEY4405GXOS', 'TJB58577ABG703', 19, '2010-01-01 10:00:00', 'PVL943J4D0VDC411');
insert into Misurazione (Codice, Sensore, Valore, Timestamp, Edificio) values ('IMOI2144NBMR', 'TTU12567GVN268', 29, '2010-06-06 23:45:45', 'PVL943J4D0VDC411');
insert into Misurazione (Codice, Sensore, Valore, Timestamp, Edificio) values ('IADB3080SDRN', 'TER99893UNM601', 70, '2010-06-06 23:45:45', 'FIO864T8K5QRG966');
insert into Misurazione (Codice, Sensore, Valore, Timestamp, Edificio) values ('UBFH8924QYUW', 'JSD70463XIS044', 65, '2010-01-01 10:00:00', 'FIO864T8K5QRG966');
insert into Misurazione (Codice, Sensore, Valore, Timestamp, Edificio) values ('SIMT8740VTEG', 'BUP89336FPB336', 75, '2010-06-06 23:45:45', 'FIO864T8K5QRG966');
insert into Misurazione (Codice, Sensore, Valore, Timestamp, Edificio) values ('KVQJ9190VOYY', 'DWY61348BFC468', 38, '2010-01-01 10:00:00', 'FIO864T8K5QRG966');
insert into Misurazione (Codice, Sensore, Valore, Timestamp, Edificio) values ('QOTG7516HANQ', 'STC14875BYY717', 77, '2010-01-01 10:00:00', 'FIO864T8K5QRG966');
insert into Misurazione (Codice, Sensore, Valore, Timestamp, Edificio) values ('NXLM6571SYVR', 'DOY56136SWZ881', 61, '2010-01-01 10:00:00', 'FIO864T8K5QRG966');
insert into Misurazione (Codice, Sensore, Valore, Timestamp, Edificio) values ('STIJ9049HEEI', 'EBK44706PHG836', 19, '2010-06-06 23:45:45', 'FIO864T8K5QRG966');
insert into Misurazione (Codice, Sensore, Valore, Timestamp, Edificio) values ('YEFR1203GWRH', 'VMC18372UBV559', 71, '2010-01-01 10:00:00', 'FIO864T8K5QRG966');
insert into Misurazione (Codice, Sensore, Valore, Timestamp, Edificio) values ('QXBQ8472QGMG', 'HKO90275URK809', 21, '2010-06-06 23:45:45', 'FIO864T8K5QRG966');
insert into Misurazione (Codice, Sensore, Valore, Timestamp, Edificio) values ('ILRT4059HLYB', 'ZAZ00960ICV684', 20, '2010-01-01 10:00:00', 'FIO864T8K5QRG966');
insert into Misurazione (Codice, Sensore, Valore, Timestamp, Edificio) values ('TPMR5219DCWJ', 'ZVR54621UHO637', 61, '2010-01-01 10:00:00', 'FIO864T8K5QRG966');
insert into Misurazione (Codice, Sensore, Valore, Timestamp, Edificio) values ('USBI8375IJSM', 'FIN24524ASL816', 61, '2010-06-06 23:45:45', 'FLH648O9Y4AFZ128');
insert into Misurazione (Codice, Sensore, Valore, Timestamp, Edificio) values ('LITT1779ZTGU', 'YDJ33785AKL328', 67, '2010-01-01 10:00:00', 'FLH648O9Y4AFZ128');
insert into Misurazione (Codice, Sensore, Valore, Timestamp, Edificio) values ('QAWC6674HADY', 'IQJ05114PFB760', 48, '2010-01-01 10:00:00', 'PVL943J4D0VDC411');
insert into Misurazione (Codice, Sensore, Valore, Timestamp, Edificio) values ('WJOK2165GVAF', 'SVO32364TAQ737', 39, '2010-06-06 23:45:45', 'PVL943J4D0VDC411');
insert into Misurazione (Codice, Sensore, Valore, Timestamp, Edificio) values ('XISR7848LCEY', 'JWZ86070SJE766', 45, '2010-06-06 23:45:45', 'PVL943J4D0VDC411');
insert into Misurazione (Codice, Sensore, Valore, Timestamp, Edificio) values ('ICND9979NAQP', 'TJB58577ABG703', 62, '2010-06-06 23:45:45', 'PVL943J4D0VDC411');
insert into Misurazione (Codice, Sensore, Valore, Timestamp, Edificio) values ('HMIK1706PHWD', 'TTU12567GVN268', 10, '2010-06-06 23:45:45', 'FIO864T8K5QRG966');
insert into Misurazione (Codice, Sensore, Valore, Timestamp, Edificio) values ('MIHE9218YJIS', 'TER99893UNM601', 35, '2010-06-06 23:45:45', 'FIO864T8K5QRG966');
insert into Misurazione (Codice, Sensore, Valore, Timestamp, Edificio) values ('HAVZ3722JJTK', 'JSD70463XIS044', 21, '2010-01-01 10:00:00', 'FIO864T8K5QRG966');
insert into Misurazione (Codice, Sensore, Valore, Timestamp, Edificio) values ('NDAA9214WEDV', 'BUP89336FPB336', 20, '2010-06-06 23:45:45', 'FIO864T8K5QRG966');
insert into Misurazione (Codice, Sensore, Valore, Timestamp, Edificio) values ('BSZY9620FQQY', 'DWY61348BFC468', 44, '2010-01-01 10:00:00', 'FIO864T8K5QRG966');
insert into Misurazione (Codice, Sensore, Valore, Timestamp, Edificio) values ('PMKI1928XDBW', 'STC14875BYY717', 22, '2010-06-06 23:45:45', 'FIO864T8K5QRG966');
insert into Misurazione (Codice, Sensore, Valore, Timestamp, Edificio) values ('HBLU2552DHZZ', 'DOY56136SWZ881', 72, '2010-06-06 23:45:45', 'FIO864T8K5QRG966');
insert into Misurazione (Codice, Sensore, Valore, Timestamp, Edificio) values ('BIPI9011LJVH', 'EBK44706PHG836', 75, '2010-06-06 23:45:45', 'FIO864T8K5QRG966');
insert into Misurazione (Codice, Sensore, Valore, Timestamp, Edificio) values ('DYGN7727FITP', 'VMC18372UBV559', 40, '2010-06-06 23:45:45', 'FIO864T8K5QRG966');
insert into Misurazione (Codice, Sensore, Valore, Timestamp, Edificio) values ('ZNKS2141IBMR', 'HKO90275URK809', 18, '2010-06-06 23:45:45', 'FIO864T8K5QRG966');
insert into Misurazione (Codice, Sensore, Valore, Timestamp, Edificio) values ('LIVV7064YXUG', 'ZAZ00960ICV684', 44, '2010-06-06 23:45:45', 'FIO864T8K5QRG966');
insert into Misurazione (Codice, Sensore, Valore, Timestamp, Edificio) values ('TKQS9248HCIN', 'ZVR54621UHO637', 31, '2010-06-06 23:45:45', 'FLH648O9Y4AFZ128');
insert into Misurazione (Codice, Sensore, Valore, Timestamp, Edificio) values ('XNYD1031LBTR', 'FIN24524ASL816', 61, '2010-06-06 23:45:45', 'FLH648O9Y4AFZ128');
insert into Misurazione (Codice, Sensore, Valore, Timestamp, Edificio) values ('OAKS3937CAYY', 'YDJ33785AKL328', 31, '2010-06-06 23:45:45', 'PVL943J4D0VDC411');
insert into Misurazione (Codice, Sensore, Valore, Timestamp, Edificio) values ('ZPWA5535JMLN', 'IQJ05114PFB760', 23, '2010-06-06 23:45:45', 'PVL943J4D0VDC411');
insert into Misurazione (Codice, Sensore, Valore, Timestamp, Edificio) values ('MUWR8301XUBH', 'SVO32364TAQ737', 18, '2010-01-01 10:00:00', 'PVL943J4D0VDC411');
insert into Misurazione (Codice, Sensore, Valore, Timestamp, Edificio) values ('SNEW5940LVWB', 'JWZ86070SJE766', 69, '2010-06-06 23:45:45', 'PVL943J4D0VDC411');
insert into Misurazione (Codice, Sensore, Valore, Timestamp, Edificio) values ('UZBI0126RMBM', 'TJB58577ABG703', 69, '2010-06-06 23:45:45', 'FIO864T8K5QRG966');
insert into Misurazione (Codice, Sensore, Valore, Timestamp, Edificio) values ('YSHF9704NNUZ', 'TTU12567GVN268', 63, '2010-01-01 10:00:00', 'FIO864T8K5QRG966');
insert into Misurazione (Codice, Sensore, Valore, Timestamp, Edificio) values ('PHYO3946JBSL', 'TER99893UNM601', 54, '2010-01-01 10:00:00', 'FIO864T8K5QRG966');
insert into Misurazione (Codice, Sensore, Valore, Timestamp, Edificio) values ('KNJD8729YYBU', 'JSD70463XIS044', 56, '2010-06-06 23:45:45', 'FIO864T8K5QRG966');
insert into Misurazione (Codice, Sensore, Valore, Timestamp, Edificio) values ('XIRW4746FPSQ', 'BUP89336FPB336', 59, '2010-06-06 23:45:45', 'FIO864T8K5QRG966');
insert into Misurazione (Codice, Sensore, Valore, Timestamp, Edificio) values ('IHLK5536QWOY', 'DWY61348BFC468', 36, '2010-01-01 10:00:00', 'FIO864T8K5QRG966');
insert into Misurazione (Codice, Sensore, Valore, Timestamp, Edificio) values ('OFUI8085JPPN', 'STC14875BYY717', 33, '2010-01-01 10:00:00', 'FIO864T8K5QRG966');
insert into Misurazione (Codice, Sensore, Valore, Timestamp, Edificio) values ('GWVW5514NTTY', 'DOY56136SWZ881', 69, '2010-01-01 10:00:00', 'FIO864T8K5QRG966');
insert into Misurazione (Codice, Sensore, Valore, Timestamp, Edificio) values ('XZVC9590KOGZ', 'EBK44706PHG836', 30, '2010-06-06 23:45:45', 'FIO864T8K5QRG966');
insert into Misurazione (Codice, Sensore, Valore, Timestamp, Edificio) values ('CXPK7274MULZ', 'VMC18372UBV559', 33, '2010-06-06 23:45:45', 'FIO864T8K5QRG966');
insert into Misurazione (Codice, Sensore, Valore, Timestamp, Edificio) values ('OCWN1151TSPJ', 'HKO90275URK809', 50, '2010-01-01 10:00:00', 'FIO864T8K5QRG966');
insert into Misurazione (Codice, Sensore, Valore, Timestamp, Edificio) values ('VPYJ3448BOZP', 'ZAZ00960ICV684', 58, '2010-06-06 23:45:45', 'FLH648O9Y4AFZ128');
insert into Misurazione (Codice, Sensore, Valore, Timestamp, Edificio) values ('DMLL5585RUPL', 'ZVR54621UHO637', 48, '2010-01-01 10:00:00', 'FLH648O9Y4AFZ128');
insert into Misurazione (Codice, Sensore, Valore, Timestamp, Edificio) values ('QOUM2754RBUO', 'FIN24524ASL816', 35, '2010-06-06 23:45:45', 'PVL943J4D0VDC411');
insert into Misurazione (Codice, Sensore, Valore, Timestamp, Edificio) values ('LWMB3488UJDP', 'YDJ33785AKL328', 51, '2010-01-01 10:00:00', 'PVL943J4D0VDC411');
insert into Misurazione (Codice, Sensore, Valore, Timestamp, Edificio) values ('GKUU3749RNAQ', 'IQJ05114PFB760', 10, '2010-01-01 10:00:00', 'PVL943J4D0VDC411');
insert into Misurazione (Codice, Sensore, Valore, Timestamp, Edificio) values ('SOKC8212JDVK', 'SVO32364TAQ737', 64, '2010-01-01 10:00:00', 'PVL943J4D0VDC411');
insert into Misurazione (Codice, Sensore, Valore, Timestamp, Edificio) values ('ZZRF0949AEZS', 'JWZ86070SJE766', 75, '2010-06-06 23:45:45', 'FIO864T8K5QRG966');
insert into Misurazione (Codice, Sensore, Valore, Timestamp, Edificio) values ('EHNK3467TWQT', 'TJB58577ABG703', 20, '2010-06-06 23:45:45', 'FIO864T8K5QRG966');
insert into Misurazione (Codice, Sensore, Valore, Timestamp, Edificio) values ('ENCN7998XVXV', 'TTU12567GVN268', 59, '2010-06-06 23:45:45', 'FIO864T8K5QRG966');
insert into Misurazione (Codice, Sensore, Valore, Timestamp, Edificio) values ('MEUZ7325ZCKL', 'TER99893UNM601', 30, '2010-06-06 23:45:45', 'FIO864T8K5QRG966');
insert into Misurazione (Codice, Sensore, Valore, Timestamp, Edificio) values ('MAPC8832ERDF', 'JSD70463XIS044', 32, '2010-06-06 23:45:45', 'FIO864T8K5QRG966');
insert into Misurazione (Codice, Sensore, Valore, Timestamp, Edificio) values ('OHAI4770JVSH', 'BUP89336FPB336', 17, '2010-06-06 23:45:45', 'FIO864T8K5QRG966');
insert into Misurazione (Codice, Sensore, Valore, Timestamp, Edificio) values ('MQGE5715TCIN', 'DWY61348BFC468', 31, '2010-01-01 10:00:00', 'FIO864T8K5QRG966');
insert into Misurazione (Codice, Sensore, Valore, Timestamp, Edificio) values ('CGDT3530KBPC', 'STC14875BYY717', 32, '2010-06-06 23:45:45', 'FIO864T8K5QRG966');
insert into Misurazione (Codice, Sensore, Valore, Timestamp, Edificio) values ('KVDS1610IZVI', 'DOY56136SWZ881', 13, '2010-01-01 10:00:00', 'FIO864T8K5QRG966');
insert into Misurazione (Codice, Sensore, Valore, Timestamp, Edificio) values ('ENAC5013VGLY', 'EBK44706PHG836', 20, '2010-01-01 10:00:00', 'FIO864T8K5QRG966');
insert into Misurazione (Codice, Sensore, Valore, Timestamp, Edificio) values ('UOCI5486SLSO', 'VMC18372UBV559', 75, '2010-06-06 23:45:45', 'FIO864T8K5QRG966');
insert into Misurazione (Codice, Sensore, Valore, Timestamp, Edificio) values ('KFWD3442OAHA', 'HKO90275URK809', 31, '2010-01-01 10:00:00', 'FLH648O9Y4AFZ128');
insert into Misurazione (Codice, Sensore, Valore, Timestamp, Edificio) values ('RNOM0842KGSU', 'ZAZ00960ICV684', 17, '2010-01-01 10:00:00', 'FLH648O9Y4AFZ128');
insert into Misurazione (Codice, Sensore, Valore, Timestamp, Edificio) values ('DHVU9377LIZU', 'ZVR54621UHO637', 61, '2010-06-06 23:45:45', 'PVL943J4D0VDC411');
insert into Misurazione (Codice, Sensore, Valore, Timestamp, Edificio) values ('ANRK1915UJKD', 'FIN24524ASL816', 33, '2010-06-06 23:45:45', 'PVL943J4D0VDC411');
insert into Misurazione (Codice, Sensore, Valore, Timestamp, Edificio) values ('MLZD8594VPUE', 'YDJ33785AKL328', 58, '2010-01-01 10:00:00', 'PVL943J4D0VDC411');
insert into Misurazione (Codice, Sensore, Valore, Timestamp, Edificio) values ('FRYO8131UIUQ', 'IQJ05114PFB760', 23, '2010-01-01 10:00:00', 'PVL943J4D0VDC411');
insert into Misurazione (Codice, Sensore, Valore, Timestamp, Edificio) values ('MNHR1128GNKO', 'SVO32364TAQ737', 47, '2010-01-01 10:00:00', 'FIO864T8K5QRG966');
insert into Misurazione (Codice, Sensore, Valore, Timestamp, Edificio) values ('REJD3148HAVW', 'JWZ86070SJE766', 65, '2010-01-01 10:00:00', 'FIO864T8K5QRG966');
insert into Misurazione (Codice, Sensore, Valore, Timestamp, Edificio) values ('SMPH9440TCZA', 'TJB58577ABG703', 13, '2010-06-06 23:45:45', 'FIO864T8K5QRG966');
insert into Misurazione (Codice, Sensore, Valore, Timestamp, Edificio) values ('HTAV8607VVYE', 'TTU12567GVN268', 45, '2010-06-06 23:45:45', 'FIO864T8K5QRG966');
insert into Misurazione (Codice, Sensore, Valore, Timestamp, Edificio) values ('ZYIW4790TEFV', 'TER99893UNM601', 31, '2010-06-06 23:45:45', 'FIO864T8K5QRG966');
insert into Misurazione (Codice, Sensore, Valore, Timestamp, Edificio) values ('AGRR0489AJLU', 'JSD70463XIS044', 44, '2010-01-01 10:00:00', 'FIO864T8K5QRG966');
insert into Misurazione (Codice, Sensore, Valore, Timestamp, Edificio) values ('JOXK2941GYQH', 'BUP89336FPB336', 15, '2010-01-01 10:00:00', 'FIO864T8K5QRG966');
insert into Misurazione (Codice, Sensore, Valore, Timestamp, Edificio) values ('AIYG9625IAMH', 'DWY61348BFC468', 56, '2010-06-06 23:45:45', 'FIO864T8K5QRG966');
insert into Misurazione (Codice, Sensore, Valore, Timestamp, Edificio) values ('RMKQ0556JRIT', 'STC14875BYY717', 60, '2010-01-01 10:00:00', 'FIO864T8K5QRG966');
insert into Misurazione (Codice, Sensore, Valore, Timestamp, Edificio) values ('HKEV0129RPYB', 'DOY56136SWZ881', 24, '2010-01-01 10:00:00', 'FIO864T8K5QRG966');
insert into Misurazione (Codice, Sensore, Valore, Timestamp, Edificio) values ('SZJZ5236QNWX', 'EBK44706PHG836', 34, '2010-06-06 23:45:45', 'FIO864T8K5QRG966');
insert into Misurazione (Codice, Sensore, Valore, Timestamp, Edificio) values ('MXLE6156LXYL', 'VMC18372UBV559', 41, '2010-01-01 10:00:00', 'FLH648O9Y4AFZ128');
insert into Misurazione (Codice, Sensore, Valore, Timestamp, Edificio) values ('JHTD1187RBGB', 'HKO90275URK809', 76, '2010-01-01 10:00:00', 'FLH648O9Y4AFZ128');
insert into Misurazione (Codice, Sensore, Valore, Timestamp, Edificio) values ('QFZC6191YQEX', 'ZAZ00960ICV684', 57, '2010-06-06 23:45:45', 'PVL943J4D0VDC411');
insert into Misurazione (Codice, Sensore, Valore, Timestamp, Edificio) values ('RVBA0322JMRW', 'ZVR54621UHO637', 50, '2010-06-06 23:45:45', 'PVL943J4D0VDC411');
insert into Misurazione (Codice, Sensore, Valore, Timestamp, Edificio) values ('YICY7569QEVG', 'FIN24524ASL816', 58, '2010-01-01 10:00:00', 'PVL943J4D0VDC411');
insert into Misurazione (Codice, Sensore, Valore, Timestamp, Edificio) values ('SGYO0042CXTM', 'YDJ33785AKL328', 29, '2010-06-06 23:45:45', 'PVL943J4D0VDC411');
insert into Misurazione (Codice, Sensore, Valore, Timestamp, Edificio) values ('AFXE9976ATYY', 'IQJ05114PFB760', 13, '2010-06-06 23:45:45', 'FIO864T8K5QRG966');
insert into Misurazione (Codice, Sensore, Valore, Timestamp, Edificio) values ('BBVV8337HESH', 'SVO32364TAQ737', 13, '2010-01-01 10:00:00', 'FIO864T8K5QRG966');
insert into Misurazione (Codice, Sensore, Valore, Timestamp, Edificio) values ('JKVX5856HREM', 'JWZ86070SJE766', 41, '2010-06-06 23:45:45', 'FIO864T8K5QRG966');
insert into Misurazione (Codice, Sensore, Valore, Timestamp, Edificio) values ('UGKQ8304SNKD', 'TJB58577ABG703', 50, '2010-06-06 23:45:45', 'FIO864T8K5QRG966');
insert into Misurazione (Codice, Sensore, Valore, Timestamp, Edificio) values ('ZXAX5784AAWL', 'TTU12567GVN268', 11, '2010-01-01 10:00:00', 'FIO864T8K5QRG966');
insert into Misurazione (Codice, Sensore, Valore, Timestamp, Edificio) values ('IOYX7112XFCF', 'TER99893UNM601', 71, '2010-06-06 23:45:45', 'FIO864T8K5QRG966');
insert into Misurazione (Codice, Sensore, Valore, Timestamp, Edificio) values ('UFKF2223IOCM', 'JSD70463XIS044', 73, '2010-01-01 10:00:00', 'FIO864T8K5QRG966');
insert into Misurazione (Codice, Sensore, Valore, Timestamp, Edificio) values ('ASPQ6546IEDM', 'BUP89336FPB336', 63, '2010-06-06 23:45:45', 'FIO864T8K5QRG966');
insert into Misurazione (Codice, Sensore, Valore, Timestamp, Edificio) values ('VTYI4294PEBF', 'DWY61348BFC468', 29, '2010-06-06 23:45:45', 'FIO864T8K5QRG966');
insert into Misurazione (Codice, Sensore, Valore, Timestamp, Edificio) values ('DCOR5200WMFR', 'STC14875BYY717', 13, '2010-06-06 23:45:45', 'FIO864T8K5QRG966');
insert into Misurazione (Codice, Sensore, Valore, Timestamp, Edificio) values ('OGCT8364LVCP', 'DOY56136SWZ881', 24, '2010-06-06 23:45:45', 'FIO864T8K5QRG966');
insert into Misurazione (Codice, Sensore, Valore, Timestamp, Edificio) values ('VFEZ2110BLVJ', 'EBK44706PHG836', 73, '2010-06-06 23:45:45', 'FLH648O9Y4AFZ128');
insert into Misurazione (Codice, Sensore, Valore, Timestamp, Edificio) values ('GMFN8486QAKS', 'VMC18372UBV559', 64, '2010-01-01 10:00:00', 'FLH648O9Y4AFZ128');
insert into Misurazione (Codice, Sensore, Valore, Timestamp, Edificio) values ('VRWZ8521CABR', 'HKO90275URK809', 70, '2010-06-06 23:45:45', 'PVL943J4D0VDC411');
insert into Misurazione (Codice, Sensore, Valore, Timestamp, Edificio) values ('PXFP2057PPEY', 'ZAZ00960ICV684', 53, '2010-06-06 23:45:45', 'PVL943J4D0VDC411');
insert into Misurazione (Codice, Sensore, Valore, Timestamp, Edificio) values ('VJFH1910RJHI', 'ZVR54621UHO637', 76, '2010-01-01 10:00:00', 'PVL943J4D0VDC411');
insert into Misurazione (Codice, Sensore, Valore, Timestamp, Edificio) values ('LSCZ7770FTDE', 'FIN24524ASL816', 77, '2010-01-01 10:00:00', 'PVL943J4D0VDC411');
insert into Misurazione (Codice, Sensore, Valore, Timestamp, Edificio) values ('EUJL0962QNLP', 'YDJ33785AKL328', 75, '2010-01-01 10:00:00', 'FIO864T8K5QRG966');
insert into Misurazione (Codice, Sensore, Valore, Timestamp, Edificio) values ('JUPI5633PJEJ', 'IQJ05114PFB760', 45, '2010-01-01 10:00:00', 'FIO864T8K5QRG966');
insert into Misurazione (Codice, Sensore, Valore, Timestamp, Edificio) values ('HPAM7444HDAX', 'SVO32364TAQ737', 27, '2010-01-01 10:00:00', 'FIO864T8K5QRG966');
insert into Misurazione (Codice, Sensore, Valore, Timestamp, Edificio) values ('ZFWP9366VMWZ', 'JWZ86070SJE766', 71, '2010-01-01 10:00:00', 'FIO864T8K5QRG966');
insert into Misurazione (Codice, Sensore, Valore, Timestamp, Edificio) values ('EDIS5318EQCF', 'TJB58577ABG703', 31, '2010-01-01 10:00:00', 'FIO864T8K5QRG966');
insert into Misurazione (Codice, Sensore, Valore, Timestamp, Edificio) values ('CGRA3789FBCD', 'TTU12567GVN268', 15, '2010-06-06 23:45:45', 'FIO864T8K5QRG966');
insert into Misurazione (Codice, Sensore, Valore, Timestamp, Edificio) values ('GZMA3082RIES', 'TER99893UNM601', 19, '2010-01-01 10:00:00', 'FIO864T8K5QRG966');
insert into Misurazione (Codice, Sensore, Valore, Timestamp, Edificio) values ('BIYS3711VGPE', 'JSD70463XIS044', 26, '2010-06-06 23:45:45', 'FIO864T8K5QRG966');
insert into Misurazione (Codice, Sensore, Valore, Timestamp, Edificio) values ('VSVQ3866KMZO', 'BUP89336FPB336', 76, '2010-01-01 10:00:00', 'FIO864T8K5QRG966');
insert into Misurazione (Codice, Sensore, Valore, Timestamp, Edificio) values ('LFZU0457IXDO', 'DWY61348BFC468', 51, '2010-01-01 10:00:00', 'FIO864T8K5QRG966');
insert into Misurazione (Codice, Sensore, Valore, Timestamp, Edificio) values ('LKQM8578IHYR', 'STC14875BYY717', 49, '2010-01-01 10:00:00', 'FIO864T8K5QRG966');
insert into Misurazione (Codice, Sensore, Valore, Timestamp, Edificio) values ('PNEG4951FMEC', 'DOY56136SWZ881', 71, '2010-06-06 23:45:45', 'FLH648O9Y4AFZ128');
insert into Misurazione (Codice, Sensore, Valore, Timestamp, Edificio) values ('WHKE2377HNOE', 'EBK44706PHG836', 35, '2010-06-06 23:45:45', 'FLH648O9Y4AFZ128');
insert into Misurazione (Codice, Sensore, Valore, Timestamp, Edificio) values ('GAXE3969DZJR', 'VMC18372UBV559', 35, '2010-06-06 23:45:45', 'PVL943J4D0VDC411');
insert into Misurazione (Codice, Sensore, Valore, Timestamp, Edificio) values ('FDCL7837VQOW', 'HKO90275URK809', 23, '2010-06-06 23:45:45', 'PVL943J4D0VDC411');
insert into Misurazione (Codice, Sensore, Valore, Timestamp, Edificio) values ('KLTC1241WCLU', 'ZAZ00960ICV684', 53, '2010-06-06 23:45:45', 'PVL943J4D0VDC411');
insert into Misurazione (Codice, Sensore, Valore, Timestamp, Edificio) values ('ABEB4812KYIH', 'ZVR54621UHO637', 35, '2010-06-06 23:45:45', 'PVL943J4D0VDC411');
insert into Misurazione (Codice, Sensore, Valore, Timestamp, Edificio) values ('ZOHD6438MBKE', 'FIN24524ASL816', 48, '2010-06-06 23:45:45', 'FIO864T8K5QRG966');
insert into Misurazione (Codice, Sensore, Valore, Timestamp, Edificio) values ('ZHOV8536ZQJO', 'YDJ33785AKL328', 69, '2010-01-01 10:00:00', 'FIO864T8K5QRG966');
insert into Misurazione (Codice, Sensore, Valore, Timestamp, Edificio) values ('RRUK7177RBSO', 'IQJ05114PFB760', 68, '2010-06-06 23:45:45', 'FIO864T8K5QRG966');
insert into Misurazione (Codice, Sensore, Valore, Timestamp, Edificio) values ('JUXV6727QPTQ', 'SVO32364TAQ737', 14, '2010-01-01 10:00:00', 'FIO864T8K5QRG966');
insert into Misurazione (Codice, Sensore, Valore, Timestamp, Edificio) values ('ZGMR4262KOYD', 'JWZ86070SJE766', 55, '2010-01-01 10:00:00', 'FIO864T8K5QRG966');
insert into Misurazione (Codice, Sensore, Valore, Timestamp, Edificio) values ('ZOEM3521CNBT', 'TJB58577ABG703', 52, '2010-01-01 10:00:00', 'FIO864T8K5QRG966');
insert into Misurazione (Codice, Sensore, Valore, Timestamp, Edificio) values ('WUJW2990XMVE', 'TTU12567GVN268', 57, '2010-06-06 23:45:45', 'FIO864T8K5QRG966');
insert into Misurazione (Codice, Sensore, Valore, Timestamp, Edificio) values ('ACLL4120TELV', 'TER99893UNM601', 28, '2010-06-06 23:45:45', 'FIO864T8K5QRG966');
insert into Misurazione (Codice, Sensore, Valore, Timestamp, Edificio) values ('KULT5787YNVK', 'JSD70463XIS044', 12, '2010-01-01 10:00:00', 'FIO864T8K5QRG966');
insert into Misurazione (Codice, Sensore, Valore, Timestamp, Edificio) values ('MMOK0875EZZS', 'BUP89336FPB336', 18, '2010-01-01 10:00:00', 'FIO864T8K5QRG966');
insert into Misurazione (Codice, Sensore, Valore, Timestamp, Edificio) values ('JXTG2527AWQH', 'DWY61348BFC468', 71, '2010-01-01 10:00:00', 'FIO864T8K5QRG966');
insert into Misurazione (Codice, Sensore, Valore, Timestamp, Edificio) values ('IKPD8992SJEZ', 'STC14875BYY717', 40, '2010-01-01 10:00:00', 'FLH648O9Y4AFZ128');
insert into Misurazione (Codice, Sensore, Valore, Timestamp, Edificio) values ('TBTI5152XXXO', 'DOY56136SWZ881', 47, '2010-06-06 23:45:45', 'FLH648O9Y4AFZ128');
insert into Misurazione (Codice, Sensore, Valore, Timestamp, Edificio) values ('KEXV0650BNHJ', 'EBK44706PHG836', 45, '2010-01-01 10:00:00', 'PVL943J4D0VDC411');
insert into Misurazione (Codice, Sensore, Valore, Timestamp, Edificio) values ('LXAB2231WGIJ', 'VMC18372UBV559', 69, '2010-01-01 10:00:00', 'PVL943J4D0VDC411');
insert into Misurazione (Codice, Sensore, Valore, Timestamp, Edificio) values ('WUQE0136KYGX', 'HKO90275URK809', 31, '2010-06-06 23:45:45', 'PVL943J4D0VDC411');
insert into Misurazione (Codice, Sensore, Valore, Timestamp, Edificio) values ('ACOJ2054KSHY', 'ZAZ00960ICV684', 67, '2010-01-01 10:00:00', 'PVL943J4D0VDC411');
insert into Misurazione (Codice, Sensore, Valore, Timestamp, Edificio) values ('LOKS8073FJEZ', 'ZVR54621UHO637', 15, '2010-01-01 10:00:00', 'FIO864T8K5QRG966');
insert into Misurazione (Codice, Sensore, Valore, Timestamp, Edificio) values ('EGGF4937JFPN', 'FIN24524ASL816', 37, '2010-01-01 10:00:00', 'FIO864T8K5QRG966');
insert into Misurazione (Codice, Sensore, Valore, Timestamp, Edificio) values ('INTZ5057PDDJ', 'YDJ33785AKL328', 28, '2010-01-01 10:00:00', 'FIO864T8K5QRG966');
insert into Misurazione (Codice, Sensore, Valore, Timestamp, Edificio) values ('PKSL0182VNES', 'IQJ05114PFB760', 18, '2010-01-01 10:00:00', 'FIO864T8K5QRG966');
insert into Misurazione (Codice, Sensore, Valore, Timestamp, Edificio) values ('SZQT0376SYUR', 'SVO32364TAQ737', 20, '2010-06-06 23:45:45', 'FIO864T8K5QRG966');
insert into Misurazione (Codice, Sensore, Valore, Timestamp, Edificio) values ('IUNY9015QDFU', 'JWZ86070SJE766', 56, '2010-01-01 10:00:00', 'FIO864T8K5QRG966');
insert into Misurazione (Codice, Sensore, Valore, Timestamp, Edificio) values ('DYYW0691RSPW', 'TJB58577ABG703', 49, '2010-06-06 23:45:45', 'FIO864T8K5QRG966');
insert into Misurazione (Codice, Sensore, Valore, Timestamp, Edificio) values ('OHEY5183EKBD', 'TTU12567GVN268', 43, '2010-01-01 10:00:00', 'FIO864T8K5QRG966');
insert into Misurazione (Codice, Sensore, Valore, Timestamp, Edificio) values ('PKMU5372LNLA', 'TER99893UNM601', 50, '2010-06-06 23:45:45', 'FIO864T8K5QRG966');
insert into Misurazione (Codice, Sensore, Valore, Timestamp, Edificio) values ('PZKR4404TKHR', 'JSD70463XIS044', 76, '2010-06-06 23:45:45', 'FIO864T8K5QRG966');
insert into Misurazione (Codice, Sensore, Valore, Timestamp, Edificio) values ('KWRQ3278LQIY', 'BUP89336FPB336', 35, '2010-01-01 10:00:00', 'FIO864T8K5QRG966');
insert into Misurazione (Codice, Sensore, Valore, Timestamp, Edificio) values ('QGYR8960OQMC', 'DWY61348BFC468', 55, '2010-06-06 23:45:45', 'FLH648O9Y4AFZ128');
insert into Misurazione (Codice, Sensore, Valore, Timestamp, Edificio) values ('JPTI4822XEJP', 'STC14875BYY717', 32, '2010-06-06 23:45:45', 'FLH648O9Y4AFZ128');
insert into Misurazione (Codice, Sensore, Valore, Timestamp, Edificio) values ('VNSG5600EWBT', 'DOY56136SWZ881', 62, '2010-01-01 10:00:00', 'PVL943J4D0VDC411');
insert into Misurazione (Codice, Sensore, Valore, Timestamp, Edificio) values ('CURD5092ABTQ', 'EBK44706PHG836', 54, '2010-01-01 10:00:00', 'PVL943J4D0VDC411');
insert into Misurazione (Codice, Sensore, Valore, Timestamp, Edificio) values ('TNIP4986VKUJ', 'VMC18372UBV559', 75, '2010-06-06 23:45:45', 'PVL943J4D0VDC411');
insert into Misurazione (Codice, Sensore, Valore, Timestamp, Edificio) values ('KZUQ9282RBZO', 'HKO90275URK809', 71, '2010-01-01 10:00:00', 'PVL943J4D0VDC411');
insert into Misurazione (Codice, Sensore, Valore, Timestamp, Edificio) values ('HSII3102YQSP', 'ZAZ00960ICV684', 76, '2010-01-01 10:00:00', 'FIO864T8K5QRG966');
insert into Misurazione (Codice, Sensore, Valore, Timestamp, Edificio) values ('BRML1739GYVT', 'ZVR54621UHO637', 75, '2010-06-06 23:45:45', 'FIO864T8K5QRG966');
insert into Misurazione (Codice, Sensore, Valore, Timestamp, Edificio) values ('EJSB5659RYIA', 'FIN24524ASL816', 77, '2010-06-06 23:45:45', 'FIO864T8K5QRG966');
insert into Misurazione (Codice, Sensore, Valore, Timestamp, Edificio) values ('IEZV8337UCAJ', 'YDJ33785AKL328', 24, '2010-01-01 10:00:00', 'FIO864T8K5QRG966');
insert into Misurazione (Codice, Sensore, Valore, Timestamp, Edificio) values ('QRVM0909DKLW', 'IQJ05114PFB760', 34, '2010-06-06 23:45:45', 'FIO864T8K5QRG966');
insert into Misurazione (Codice, Sensore, Valore, Timestamp, Edificio) values ('TNLE5288OBLX', 'SVO32364TAQ737', 39, '2010-06-06 23:45:45', 'FIO864T8K5QRG966');
insert into Misurazione (Codice, Sensore, Valore, Timestamp, Edificio) values ('QQNJ9314PODL', 'JWZ86070SJE766', 63, '2010-01-01 10:00:00', 'FIO864T8K5QRG966');
insert into Misurazione (Codice, Sensore, Valore, Timestamp, Edificio) values ('RRQK0836SFMI', 'TJB58577ABG703', 23, '2010-01-01 10:00:00', 'FIO864T8K5QRG966');
insert into Misurazione (Codice, Sensore, Valore, Timestamp, Edificio) values ('ZELU3963NLMY', 'TTU12567GVN268', 74, '2010-01-01 10:00:00', 'FIO864T8K5QRG966');
insert into Misurazione (Codice, Sensore, Valore, Timestamp, Edificio) values ('LKUZ1440HXHW', 'TER99893UNM601', 33, '2010-06-06 23:45:45', 'FIO864T8K5QRG966');
insert into Misurazione (Codice, Sensore, Valore, Timestamp, Edificio) values ('VTKC5768QGVA', 'JSD70463XIS044', 64, '2010-01-01 10:00:00', 'FIO864T8K5QRG966');
insert into Misurazione (Codice, Sensore, Valore, Timestamp, Edificio) values ('APDC3654WLDF', 'BUP89336FPB336', 55, '2010-06-06 23:45:45', 'FLH648O9Y4AFZ128');
insert into Misurazione (Codice, Sensore, Valore, Timestamp, Edificio) values ('HCKO0355XKHS', 'DWY61348BFC468', 51, '2010-06-06 23:45:45', 'FLH648O9Y4AFZ128');
insert into Misurazione (Codice, Sensore, Valore, Timestamp, Edificio) values ('NFGW9116TBRH', 'STC14875BYY717', 76, '2010-01-01 10:00:00', 'PVL943J4D0VDC411');
insert into Misurazione (Codice, Sensore, Valore, Timestamp, Edificio) values ('EPHW5928BCQW', 'DOY56136SWZ881', 52, '2010-06-06 23:45:45', 'PVL943J4D0VDC411');
insert into Misurazione (Codice, Sensore, Valore, Timestamp, Edificio) values ('GGMF4254TDCM', 'EBK44706PHG836', 73, '2010-01-01 10:00:00', 'PVL943J4D0VDC411');
insert into Misurazione (Codice, Sensore, Valore, Timestamp, Edificio) values ('CPKM6876FOAY', 'VMC18372UBV559', 66, '2010-06-06 23:45:45', 'PVL943J4D0VDC411');
insert into Misurazione (Codice, Sensore, Valore, Timestamp, Edificio) values ('VZMT3282GWMO', 'HKO90275URK809', 62, '2010-06-06 23:45:45', 'FIO864T8K5QRG966');
insert into Misurazione (Codice, Sensore, Valore, Timestamp, Edificio) values ('COUZ0722VDPL', 'ZAZ00960ICV684', 76, '2010-01-01 10:00:00', 'FIO864T8K5QRG966');
insert into Misurazione (Codice, Sensore, Valore, Timestamp, Edificio) values ('TVFQ2645JLXB', 'ZVR54621UHO637', 56, '2010-06-06 23:45:45', 'FIO864T8K5QRG966');
insert into Misurazione (Codice, Sensore, Valore, Timestamp, Edificio) values ('KNED6554WZEI', 'FIN24524ASL816', 10, '2010-01-01 10:00:00', 'FIO864T8K5QRG966');
insert into Misurazione (Codice, Sensore, Valore, Timestamp, Edificio) values ('CCTA7754RWXC', 'YDJ33785AKL328', 56, '2010-01-01 10:00:00', 'FIO864T8K5QRG966');
insert into Misurazione (Codice, Sensore, Valore, Timestamp, Edificio) values ('CAFP8120NQHJ', 'IQJ05114PFB760', 66, '2010-06-06 23:45:45', 'FIO864T8K5QRG966');
insert into Misurazione (Codice, Sensore, Valore, Timestamp, Edificio) values ('KCTM5763RGWX', 'SVO32364TAQ737', 25, '2010-01-01 10:00:00', 'FIO864T8K5QRG966');
insert into Misurazione (Codice, Sensore, Valore, Timestamp, Edificio) values ('BYUO2284AFEN', 'JWZ86070SJE766', 27, '2010-06-06 23:45:45', 'FIO864T8K5QRG966');
insert into Misurazione (Codice, Sensore, Valore, Timestamp, Edificio) values ('VBDB9345LGSC', 'TJB58577ABG703', 42, '2010-06-06 23:45:45', 'FIO864T8K5QRG966');
insert into Misurazione (Codice, Sensore, Valore, Timestamp, Edificio) values ('DGSG2122OEBX', 'TTU12567GVN268', 42, '2010-06-06 23:45:45', 'FIO864T8K5QRG966');
insert into Misurazione (Codice, Sensore, Valore, Timestamp, Edificio) values ('SRVN3269WHPJ', 'TER99893UNM601', 72, '2010-06-06 23:45:45', 'FIO864T8K5QRG966');
insert into Misurazione (Codice, Sensore, Valore, Timestamp, Edificio) values ('KDMS1917VHXQ', 'JSD70463XIS044', 23, '2010-01-01 10:00:00', 'FLH648O9Y4AFZ128');
insert into Misurazione (Codice, Sensore, Valore, Timestamp, Edificio) values ('CQMO4660ZDBM', 'BUP89336FPB336', 55, '2010-06-06 23:45:45', 'FLH648O9Y4AFZ128');
insert into Misurazione (Codice, Sensore, Valore, Timestamp, Edificio) values ('JTQC5219IMJU', 'DWY61348BFC468', 44, '2010-06-06 23:45:45', 'PVL943J4D0VDC411');
insert into Misurazione (Codice, Sensore, Valore, Timestamp, Edificio) values ('WCIO7502LIBY', 'STC14875BYY717', 27, '2010-06-06 23:45:45', 'PVL943J4D0VDC411');
insert into Misurazione (Codice, Sensore, Valore, Timestamp, Edificio) values ('TELK2077YYVJ', 'DOY56136SWZ881', 27, '2010-06-06 23:45:45', 'PVL943J4D0VDC411');
insert into Misurazione (Codice, Sensore, Valore, Timestamp, Edificio) values ('HVPO7317DMTV', 'EBK44706PHG836', 12, '2010-01-01 10:00:00', 'PVL943J4D0VDC411');
insert into Misurazione (Codice, Sensore, Valore, Timestamp, Edificio) values ('BFOQ9078GBGG', 'VMC18372UBV559', 25, '2010-06-06 23:45:45', 'FIO864T8K5QRG966');
insert into Misurazione (Codice, Sensore, Valore, Timestamp, Edificio) values ('VCXV5697SWVZ', 'HKO90275URK809', 42, '2010-06-06 23:45:45', 'FIO864T8K5QRG966');
insert into Misurazione (Codice, Sensore, Valore, Timestamp, Edificio) values ('MPMU2135FHHC', 'ZAZ00960ICV684', 40, '2010-01-01 10:00:00', 'FIO864T8K5QRG966');
insert into Misurazione (Codice, Sensore, Valore, Timestamp, Edificio) values ('NBCP8035PIKI', 'ZVR54621UHO637', 19, '2010-06-06 23:45:45', 'FIO864T8K5QRG966');
insert into Misurazione (Codice, Sensore, Valore, Timestamp, Edificio) values ('DOSV1478JQAU', 'FIN24524ASL816', 64, '2010-06-06 23:45:45', 'FIO864T8K5QRG966');
insert into Misurazione (Codice, Sensore, Valore, Timestamp, Edificio) values ('WTNP3033JNMM', 'YDJ33785AKL328', 37, '2010-06-06 23:45:45', 'FIO864T8K5QRG966');
insert into Misurazione (Codice, Sensore, Valore, Timestamp, Edificio) values ('LSDO7188ZZRU', 'IQJ05114PFB760', 42, '2010-01-01 10:00:00', 'FIO864T8K5QRG966');
insert into Misurazione (Codice, Sensore, Valore, Timestamp, Edificio) values ('NSFS7278PRAI', 'SVO32364TAQ737', 69, '2010-01-01 10:00:00', 'FIO864T8K5QRG966');
insert into Misurazione (Codice, Sensore, Valore, Timestamp, Edificio) values ('WZQF6815INSN', 'JWZ86070SJE766', 54, '2010-06-06 23:45:45', 'FIO864T8K5QRG966');
insert into Misurazione (Codice, Sensore, Valore, Timestamp, Edificio) values ('ITUJ4534UVPP', 'TJB58577ABG703', 18, '2010-01-01 10:00:00', 'FIO864T8K5QRG966');
insert into Misurazione (Codice, Sensore, Valore, Timestamp, Edificio) values ('QQWP7325HDHW', 'TTU12567GVN268', 73, '2010-06-06 23:45:45', 'FIO864T8K5QRG966');
insert into Misurazione (Codice, Sensore, Valore, Timestamp, Edificio) values ('KJAP9962ADSF', 'TER99893UNM601', 11, '2010-06-06 23:45:45', 'FLH648O9Y4AFZ128');
insert into Misurazione (Codice, Sensore, Valore, Timestamp, Edificio) values ('SLFE6331NCOO', 'JSD70463XIS044', 44, '2010-01-01 10:00:00', 'FLH648O9Y4AFZ128');
insert into Misurazione (Codice, Sensore, Valore, Timestamp, Edificio) values ('NHPY1101ARRH', 'BUP89336FPB336', 13, '2010-06-06 23:45:45', 'PVL943J4D0VDC411');
insert into Misurazione (Codice, Sensore, Valore, Timestamp, Edificio) values ('GDQU1912PVXG', 'DWY61348BFC468', 39, '2010-01-01 10:00:00', 'PVL943J4D0VDC411');
insert into Misurazione (Codice, Sensore, Valore, Timestamp, Edificio) values ('ZTRK0390DIGM', 'STC14875BYY717', 28, '2010-01-01 10:00:00', 'PVL943J4D0VDC411');
insert into Misurazione (Codice, Sensore, Valore, Timestamp, Edificio) values ('SHQA6630UERL', 'DOY56136SWZ881', 31, '2010-06-06 23:45:45', 'PVL943J4D0VDC411');
insert into Misurazione (Codice, Sensore, Valore, Timestamp, Edificio) values ('BEFK1319MNRU', 'EBK44706PHG836', 20, '2010-06-06 23:45:45', 'FIO864T8K5QRG966');
insert into Misurazione (Codice, Sensore, Valore, Timestamp, Edificio) values ('FYLX7278VWUU', 'VMC18372UBV559', 70, '2010-01-01 10:00:00', 'FIO864T8K5QRG966');
insert into Misurazione (Codice, Sensore, Valore, Timestamp, Edificio) values ('UPME8298DHLK', 'HKO90275URK809', 41, '2010-06-06 23:45:45', 'FIO864T8K5QRG966');
insert into Misurazione (Codice, Sensore, Valore, Timestamp, Edificio) values ('JENN3527FFUG', 'ZAZ00960ICV684', 58, '2010-01-01 10:00:00', 'FIO864T8K5QRG966');
insert into Misurazione (Codice, Sensore, Valore, Timestamp, Edificio) values ('XNRW7665EEVK', 'ZVR54621UHO637', 39, '2010-06-06 23:45:45', 'FIO864T8K5QRG966');
insert into Misurazione (Codice, Sensore, Valore, Timestamp, Edificio) values ('BGGK7631FCWF', 'FIN24524ASL816', 18, '2010-01-01 10:00:00', 'FIO864T8K5QRG966');
insert into Misurazione (Codice, Sensore, Valore, Timestamp, Edificio) values ('UZRI9671NKMV', 'YDJ33785AKL328', 24, '2010-01-01 10:00:00', 'FIO864T8K5QRG966');
insert into Misurazione (Codice, Sensore, Valore, Timestamp, Edificio) values ('DGWI7687YPJQ', 'IQJ05114PFB760', 57, '2010-01-01 10:00:00', 'FIO864T8K5QRG966');
insert into Misurazione (Codice, Sensore, Valore, Timestamp, Edificio) values ('SSCA9892VUKY', 'SVO32364TAQ737', 49, '2010-01-01 10:00:00', 'FIO864T8K5QRG966');
insert into Misurazione (Codice, Sensore, Valore, Timestamp, Edificio) values ('KKMM4332ECKC', 'JWZ86070SJE766', 21, '2010-06-06 23:45:45', 'FIO864T8K5QRG966');
insert into Misurazione (Codice, Sensore, Valore, Timestamp, Edificio) values ('HCMI4596RVFK', 'TJB58577ABG703', 18, '2010-06-06 23:45:45', 'FIO864T8K5QRG966');
insert into Misurazione (Codice, Sensore, Valore, Timestamp, Edificio) values ('JZGT4140TPIM', 'TTU12567GVN268', 68, '2010-01-01 10:00:00', 'FLH648O9Y4AFZ128');
insert into Misurazione (Codice, Sensore, Valore, Timestamp, Edificio) values ('GPDV4547ILUZ', 'TER99893UNM601', 67, '2010-06-06 23:45:45', 'FLH648O9Y4AFZ128');
insert into Misurazione (Codice, Sensore, Valore, Timestamp, Edificio) values ('FLFI2239KGRC', 'JSD70463XIS044', 14, '2010-06-06 23:45:45', 'PVL943J4D0VDC411');
insert into Misurazione (Codice, Sensore, Valore, Timestamp, Edificio) values ('DDUD3389VXCH', 'BUP89336FPB336', 28, '2010-01-01 10:00:00', 'PVL943J4D0VDC411');
insert into Misurazione (Codice, Sensore, Valore, Timestamp, Edificio) values ('XWDW8373RNKT', 'DWY61348BFC468', 19, '2010-06-06 23:45:45', 'PVL943J4D0VDC411');
insert into Misurazione (Codice, Sensore, Valore, Timestamp, Edificio) values ('HWDN8903TVCY', 'STC14875BYY717', 66, '2010-06-06 23:45:45', 'PVL943J4D0VDC411');
insert into Misurazione (Codice, Sensore, Valore, Timestamp, Edificio) values ('IKKX2208PEKJ', 'DOY56136SWZ881', 54, '2010-01-01 10:00:00', 'FIO864T8K5QRG966');
insert into Misurazione (Codice, Sensore, Valore, Timestamp, Edificio) values ('KMBB8547SKGA', 'EBK44706PHG836', 44, '2010-06-06 23:45:45', 'FIO864T8K5QRG966');
insert into Misurazione (Codice, Sensore, Valore, Timestamp, Edificio) values ('YTPH4194BLJJ', 'VMC18372UBV559', 73, '2010-01-01 10:00:00', 'FIO864T8K5QRG966');
insert into Misurazione (Codice, Sensore, Valore, Timestamp, Edificio) values ('BYZS5953VBVC', 'HKO90275URK809', 42, '2010-06-06 23:45:45', 'FIO864T8K5QRG966');
insert into Misurazione (Codice, Sensore, Valore, Timestamp, Edificio) values ('LLKD1714VYJF', 'ZAZ00960ICV684', 62, '2010-06-06 23:45:45', 'FIO864T8K5QRG966');
insert into Misurazione (Codice, Sensore, Valore, Timestamp, Edificio) values ('CJSO2350AOTV', 'ZVR54621UHO637', 31, '2010-06-06 23:45:45', 'FIO864T8K5QRG966');
insert into Misurazione (Codice, Sensore, Valore, Timestamp, Edificio) values ('VCLY5381YRMQ', 'FIN24524ASL816', 60, '2010-01-01 10:00:00', 'FIO864T8K5QRG966');
insert into Misurazione (Codice, Sensore, Valore, Timestamp, Edificio) values ('ASJS6043QKUP', 'YDJ33785AKL328', 35, '2010-06-06 23:45:45', 'FIO864T8K5QRG966');
insert into Misurazione (Codice, Sensore, Valore, Timestamp, Edificio) values ('FGWJ0045BGYE', 'IQJ05114PFB760', 18, '2010-06-06 23:45:45', 'FIO864T8K5QRG966');
insert into Misurazione (Codice, Sensore, Valore, Timestamp, Edificio) values ('WDQK3703NHJS', 'SVO32364TAQ737', 71, '2010-06-06 23:45:45', 'FIO864T8K5QRG966');
insert into Misurazione (Codice, Sensore, Valore, Timestamp, Edificio) values ('RSRT5653MCTK', 'JWZ86070SJE766', 44, '2010-01-01 10:00:00', 'FIO864T8K5QRG966');
insert into Misurazione (Codice, Sensore, Valore, Timestamp, Edificio) values ('FYTE4374NZHE', 'TJB58577ABG703', 41, '2010-01-01 10:00:00', 'FLH648O9Y4AFZ128');
insert into Misurazione (Codice, Sensore, Valore, Timestamp, Edificio) values ('HCFU0450KEON', 'TTU12567GVN268', 61, '2010-01-01 10:00:00', 'FLH648O9Y4AFZ128');
insert into Misurazione (Codice, Sensore, Valore, Timestamp, Edificio) values ('DVGE7980GIKZ', 'TER99893UNM601', 16, '2010-01-01 10:00:00', 'PVL943J4D0VDC411');
insert into Misurazione (Codice, Sensore, Valore, Timestamp, Edificio) values ('CJSB1845KAIN', 'JSD70463XIS044', 26, '2010-01-01 10:00:00', 'PVL943J4D0VDC411');
insert into Misurazione (Codice, Sensore, Valore, Timestamp, Edificio) values ('BLXP6592ZYOW', 'BUP89336FPB336', 54, '2010-06-06 23:45:45', 'PVL943J4D0VDC411');
insert into Misurazione (Codice, Sensore, Valore, Timestamp, Edificio) values ('VSFV3816XRON', 'DWY61348BFC468', 53, '2010-06-06 23:45:45', 'PVL943J4D0VDC411');
insert into Misurazione (Codice, Sensore, Valore, Timestamp, Edificio) values ('DGGN5339CPGD', 'STC14875BYY717', 72, '2010-01-01 10:00:00', 'FIO864T8K5QRG966');
insert into Misurazione (Codice, Sensore, Valore, Timestamp, Edificio) values ('LDAG5150HYFC', 'DOY56136SWZ881', 63, '2010-01-01 10:00:00', 'FIO864T8K5QRG966');
insert into Misurazione (Codice, Sensore, Valore, Timestamp, Edificio) values ('CTFO8372YEEG', 'EBK44706PHG836', 11, '2010-06-06 23:45:45', 'FIO864T8K5QRG966');
insert into Misurazione (Codice, Sensore, Valore, Timestamp, Edificio) values ('PIAA8510BQKD', 'VMC18372UBV559', 67, '2010-01-01 10:00:00', 'FIO864T8K5QRG966');
insert into Misurazione (Codice, Sensore, Valore, Timestamp, Edificio) values ('LTBU0741PEIV', 'HKO90275URK809', 44, '2010-06-06 23:45:45', 'FIO864T8K5QRG966');
insert into Misurazione (Codice, Sensore, Valore, Timestamp, Edificio) values ('BWWG0929DHRP', 'ZAZ00960ICV684', 43, '2010-06-06 23:45:45', 'FIO864T8K5QRG966');
insert into Misurazione (Codice, Sensore, Valore, Timestamp, Edificio) values ('DLXV9864XCKZ', 'ZVR54621UHO637', 69, '2010-06-06 23:45:45', 'FIO864T8K5QRG966');
insert into Misurazione (Codice, Sensore, Valore, Timestamp, Edificio) values ('TWKS8474DMYA', 'FIN24524ASL816', 24, '2010-06-06 23:45:45', 'FIO864T8K5QRG966');
insert into Misurazione (Codice, Sensore, Valore, Timestamp, Edificio) values ('TOBI0518ZZHD', 'YDJ33785AKL328', 65, '2010-01-01 10:00:00', 'FIO864T8K5QRG966');
insert into Misurazione (Codice, Sensore, Valore, Timestamp, Edificio) values ('AKQM6092NUBI', 'IQJ05114PFB760', 31, '2010-06-06 23:45:45', 'FIO864T8K5QRG966');
insert into Misurazione (Codice, Sensore, Valore, Timestamp, Edificio) values ('SGAK7655EFLZ', 'SVO32364TAQ737', 78, '2010-01-01 10:00:00', 'FIO864T8K5QRG966');
insert into Misurazione (Codice, Sensore, Valore, Timestamp, Edificio) values ('VLTE3534LAUW', 'JWZ86070SJE766', 23, '2010-01-01 10:00:00', 'FLH648O9Y4AFZ128');
insert into Misurazione (Codice, Sensore, Valore, Timestamp, Edificio) values ('VOJY2029KNOJ', 'TJB58577ABG703', 77, '2010-01-01 10:00:00', 'FLH648O9Y4AFZ128');
insert into Misurazione (Codice, Sensore, Valore, Timestamp, Edificio) values ('QIIP5279DOWB', 'TTU12567GVN268', 77, '2010-01-01 10:00:00', 'PVL943J4D0VDC411');
insert into Misurazione (Codice, Sensore, Valore, Timestamp, Edificio) values ('IXYX8676JKBW', 'TER99893UNM601', 51, '2010-01-01 10:00:00', 'PVL943J4D0VDC411');
insert into Misurazione (Codice, Sensore, Valore, Timestamp, Edificio) values ('NKCL1991UCSF', 'JSD70463XIS044', 17, '2010-01-01 10:00:00', 'PVL943J4D0VDC411');
insert into Misurazione (Codice, Sensore, Valore, Timestamp, Edificio) values ('TJMU2552OGVK', 'BUP89336FPB336', 49, '2010-01-01 10:00:00', 'PVL943J4D0VDC411');
insert into Misurazione (Codice, Sensore, Valore, Timestamp, Edificio) values ('KBIS9129HCHV', 'DWY61348BFC468', 42, '2010-06-06 23:45:45', 'FIO864T8K5QRG966');
insert into Misurazione (Codice, Sensore, Valore, Timestamp, Edificio) values ('ALGS4127TCPZ', 'STC14875BYY717', 44, '2010-06-06 23:45:45', 'FIO864T8K5QRG966');
insert into Misurazione (Codice, Sensore, Valore, Timestamp, Edificio) values ('JEVL0228XTME', 'DOY56136SWZ881', 71, '2010-06-06 23:45:45', 'FIO864T8K5QRG966');
insert into Misurazione (Codice, Sensore, Valore, Timestamp, Edificio) values ('OUWT6639FMAF', 'EBK44706PHG836', 32, '2010-06-06 23:45:45', 'FIO864T8K5QRG966');
insert into Misurazione (Codice, Sensore, Valore, Timestamp, Edificio) values ('LZJT0513PXHY', 'VMC18372UBV559', 30, '2010-06-06 23:45:45', 'FIO864T8K5QRG966');
insert into Misurazione (Codice, Sensore, Valore, Timestamp, Edificio) values ('FMOO8308GVSR', 'HKO90275URK809', 23, '2010-06-06 23:45:45', 'FIO864T8K5QRG966');
insert into Misurazione (Codice, Sensore, Valore, Timestamp, Edificio) values ('NGYF9020VYKV', 'ZAZ00960ICV684', 41, '2010-01-01 10:00:00', 'FIO864T8K5QRG966');
insert into Misurazione (Codice, Sensore, Valore, Timestamp, Edificio) values ('ZJOH2369ZEIV', 'ZVR54621UHO637', 58, '2010-01-01 10:00:00', 'FIO864T8K5QRG966');
insert into Misurazione (Codice, Sensore, Valore, Timestamp, Edificio) values ('SANG7467CWEE', 'FIN24524ASL816', 37, '2010-06-06 23:45:45', 'FIO864T8K5QRG966');
insert into Misurazione (Codice, Sensore, Valore, Timestamp, Edificio) values ('RSET5491IHWW', 'YDJ33785AKL328', 53, '2010-06-06 23:45:45', 'FIO864T8K5QRG966');
insert into Misurazione (Codice, Sensore, Valore, Timestamp, Edificio) values ('UJFF2904HJMF', 'IQJ05114PFB760', 27, '2010-06-06 23:45:45', 'FIO864T8K5QRG966');
insert into Misurazione (Codice, Sensore, Valore, Timestamp, Edificio) values ('XPAW6066PVGZ', 'SVO32364TAQ737', 22, '2010-06-06 23:45:45', 'FLH648O9Y4AFZ128');
insert into Misurazione (Codice, Sensore, Valore, Timestamp, Edificio) values ('VRCO3904TGYB', 'JWZ86070SJE766', 76, '2010-01-01 10:00:00', 'FLH648O9Y4AFZ128');
insert into Misurazione (Codice, Sensore, Valore, Timestamp, Edificio) values ('VCOG0151TMDO', 'TJB58577ABG703', 34, '2010-06-06 23:45:45', 'PVL943J4D0VDC411');
insert into Misurazione (Codice, Sensore, Valore, Timestamp, Edificio) values ('RRFB8789DEZB', 'TTU12567GVN268', 29, '2010-01-01 10:00:00', 'PVL943J4D0VDC411');
insert into Misurazione (Codice, Sensore, Valore, Timestamp, Edificio) values ('QYBV6075PORC', 'TER99893UNM601', 62, '2010-01-01 10:00:00', 'PVL943J4D0VDC411');
insert into Misurazione (Codice, Sensore, Valore, Timestamp, Edificio) values ('EZCG3194JLUO', 'JSD70463XIS044', 20, '2010-01-01 10:00:00', 'PVL943J4D0VDC411');
insert into Misurazione (Codice, Sensore, Valore, Timestamp, Edificio) values ('KICR1510EAZB', 'BUP89336FPB336', 42, '2010-06-06 23:45:45', 'FIO864T8K5QRG966');
insert into Misurazione (Codice, Sensore, Valore, Timestamp, Edificio) values ('NSCH6008GOIA', 'DWY61348BFC468', 37, '2010-01-01 10:00:00', 'FIO864T8K5QRG966');
insert into Misurazione (Codice, Sensore, Valore, Timestamp, Edificio) values ('MYPU1231XMUS', 'STC14875BYY717', 50, '2010-01-01 10:00:00', 'FIO864T8K5QRG966');
insert into Misurazione (Codice, Sensore, Valore, Timestamp, Edificio) values ('PXCN1236HKWS', 'DOY56136SWZ881', 27, '2010-06-06 23:45:45', 'FIO864T8K5QRG966');
insert into Misurazione (Codice, Sensore, Valore, Timestamp, Edificio) values ('IEZA0442MYYP', 'EBK44706PHG836', 12, '2010-01-01 10:00:00', 'FIO864T8K5QRG966');
insert into Misurazione (Codice, Sensore, Valore, Timestamp, Edificio) values ('BGZE4430PDQD', 'VMC18372UBV559', 44, '2010-01-01 10:00:00', 'FIO864T8K5QRG966');
insert into Misurazione (Codice, Sensore, Valore, Timestamp, Edificio) values ('MYMM1484KJDV', 'HKO90275URK809', 69, '2010-06-06 23:45:45', 'FIO864T8K5QRG966');
insert into Misurazione (Codice, Sensore, Valore, Timestamp, Edificio) values ('EFCF2582NVCF', 'ZAZ00960ICV684', 65, '2010-01-01 10:00:00', 'FIO864T8K5QRG966');
insert into Misurazione (Codice, Sensore, Valore, Timestamp, Edificio) values ('BDZK7869KTSP', 'ZVR54621UHO637', 21, '2010-01-01 10:00:00', 'FIO864T8K5QRG966');
insert into Misurazione (Codice, Sensore, Valore, Timestamp, Edificio) values ('NFYR4585WTGH', 'FIN24524ASL816', 42, '2010-01-01 10:00:00', 'FIO864T8K5QRG966');
insert into Misurazione (Codice, Sensore, Valore, Timestamp, Edificio) values ('ZFYS7203JYXS', 'YDJ33785AKL328', 51, '2010-06-06 23:45:45', 'FIO864T8K5QRG966');
insert into Misurazione (Codice, Sensore, Valore, Timestamp, Edificio) values ('CBDI5114JWDK', 'IQJ05114PFB760', 42, '2010-01-01 10:00:00', 'FLH648O9Y4AFZ128');
insert into Misurazione (Codice, Sensore, Valore, Timestamp, Edificio) values ('SDQQ8363CINY', 'SVO32364TAQ737', 77, '2010-01-01 10:00:00', 'FLH648O9Y4AFZ128');
insert into Misurazione (Codice, Sensore, Valore, Timestamp, Edificio) values ('LMDZ1673VPYY', 'JWZ86070SJE766', 70, '2010-06-06 23:45:45', 'PVL943J4D0VDC411');
insert into Misurazione (Codice, Sensore, Valore, Timestamp, Edificio) values ('SPBX4058YTFD', 'TJB58577ABG703', 37, '2010-06-06 23:45:45', 'PVL943J4D0VDC411');
insert into Misurazione (Codice, Sensore, Valore, Timestamp, Edificio) values ('EUBG8040GWPL', 'TTU12567GVN268', 27, '2010-01-01 10:00:00', 'PVL943J4D0VDC411');
insert into Misurazione (Codice, Sensore, Valore, Timestamp, Edificio) values ('TGOB4455UJKQ', 'TER99893UNM601', 76, '2010-01-01 10:00:00', 'PVL943J4D0VDC411');
insert into Misurazione (Codice, Sensore, Valore, Timestamp, Edificio) values ('XMGY5859OJXM', 'JSD70463XIS044', 52, '2010-06-06 23:45:45', 'FIO864T8K5QRG966');
insert into Misurazione (Codice, Sensore, Valore, Timestamp, Edificio) values ('WZPO4196OFLJ', 'BUP89336FPB336', 29, '2010-01-01 10:00:00', 'FIO864T8K5QRG966');
insert into Misurazione (Codice, Sensore, Valore, Timestamp, Edificio) values ('ZMPF6686VVNU', 'DWY61348BFC468', 57, '2010-01-01 10:00:00', 'FIO864T8K5QRG966');
insert into Misurazione (Codice, Sensore, Valore, Timestamp, Edificio) values ('MBHO1231DZEV', 'STC14875BYY717', 12, '2010-01-01 10:00:00', 'FIO864T8K5QRG966');
insert into Misurazione (Codice, Sensore, Valore, Timestamp, Edificio) values ('JUOG5600TGUI', 'DOY56136SWZ881', 29, '2010-06-06 23:45:45', 'FIO864T8K5QRG966');
insert into Misurazione (Codice, Sensore, Valore, Timestamp, Edificio) values ('BPBM9920INRT', 'EBK44706PHG836', 63, '2010-06-06 23:45:45', 'FIO864T8K5QRG966');
insert into Misurazione (Codice, Sensore, Valore, Timestamp, Edificio) values ('RSNB5940EKKG', 'VMC18372UBV559', 69, '2010-06-06 23:45:45', 'FIO864T8K5QRG966');
insert into Misurazione (Codice, Sensore, Valore, Timestamp, Edificio) values ('UWEK5905AZRO', 'HKO90275URK809', 14, '2010-01-01 10:00:00', 'FIO864T8K5QRG966');
insert into Misurazione (Codice, Sensore, Valore, Timestamp, Edificio) values ('ASSK8132PAFD', 'ZAZ00960ICV684', 70, '2010-06-06 23:45:45', 'FIO864T8K5QRG966');
insert into Misurazione (Codice, Sensore, Valore, Timestamp, Edificio) values ('MLWB4272BLOQ', 'ZVR54621UHO637', 48, '2010-06-06 23:45:45', 'FIO864T8K5QRG966');
insert into Misurazione (Codice, Sensore, Valore, Timestamp, Edificio) values ('APEB9477ZTUB', 'FIN24524ASL816', 73, '2010-01-01 10:00:00', 'FIO864T8K5QRG966');
insert into Misurazione (Codice, Sensore, Valore, Timestamp, Edificio) values ('SEUG6888ZDGE', 'YDJ33785AKL328', 68, '2010-01-01 10:00:00', 'FLH648O9Y4AFZ128');
insert into Misurazione (Codice, Sensore, Valore, Timestamp, Edificio) values ('ASDC7498QEYR', 'IQJ05114PFB760', 32, '2010-06-06 23:45:45', 'FLH648O9Y4AFZ128');
insert into Misurazione (Codice, Sensore, Valore, Timestamp, Edificio) values ('XUKR8372AVNM', 'SVO32364TAQ737', 65, '2010-06-06 23:45:45', 'PVL943J4D0VDC411');
insert into Misurazione (Codice, Sensore, Valore, Timestamp, Edificio) values ('UQVM8959MVSO', 'JWZ86070SJE766', 34, '2010-01-01 10:00:00', 'PVL943J4D0VDC411');
insert into Misurazione (Codice, Sensore, Valore, Timestamp, Edificio) values ('NNZS4975FXBL', 'TJB58577ABG703', 64, '2010-01-01 10:00:00', 'PVL943J4D0VDC411');
insert into Misurazione (Codice, Sensore, Valore, Timestamp, Edificio) values ('YIQL2136GFBJ', 'TTU12567GVN268', 57, '2010-06-06 23:45:45', 'PVL943J4D0VDC411');
insert into Misurazione (Codice, Sensore, Valore, Timestamp, Edificio) values ('HOGE8156LANI', 'TER99893UNM601', 75, '2010-06-06 23:45:45', 'FIO864T8K5QRG966');
insert into Misurazione (Codice, Sensore, Valore, Timestamp, Edificio) values ('QSSZ4718DATW', 'JSD70463XIS044', 33, '2010-01-01 10:00:00', 'FIO864T8K5QRG966');
insert into Misurazione (Codice, Sensore, Valore, Timestamp, Edificio) values ('ZRIZ6277JLEO', 'BUP89336FPB336', 15, '2010-06-06 23:45:45', 'FIO864T8K5QRG966');
insert into Misurazione (Codice, Sensore, Valore, Timestamp, Edificio) values ('VGLK9747ONWL', 'DWY61348BFC468', 59, '2010-01-01 10:00:00', 'FIO864T8K5QRG966');
insert into Misurazione (Codice, Sensore, Valore, Timestamp, Edificio) values ('NWQT4893TPEN', 'STC14875BYY717', 46, '2010-06-06 23:45:45', 'FIO864T8K5QRG966');
insert into Misurazione (Codice, Sensore, Valore, Timestamp, Edificio) values ('GEQZ8899INBG', 'DOY56136SWZ881', 18, '2010-06-06 23:45:45', 'FIO864T8K5QRG966');
insert into Misurazione (Codice, Sensore, Valore, Timestamp, Edificio) values ('LZZB1469LBSS', 'EBK44706PHG836', 36, '2010-06-06 23:45:45', 'FIO864T8K5QRG966');
insert into Misurazione (Codice, Sensore, Valore, Timestamp, Edificio) values ('THFR4627RSWW', 'VMC18372UBV559', 43, '2010-01-01 10:00:00', 'FIO864T8K5QRG966');
insert into Misurazione (Codice, Sensore, Valore, Timestamp, Edificio) values ('SIIW2182LUNR', 'HKO90275URK809', 28, '2010-01-01 10:00:00', 'FIO864T8K5QRG966');
insert into Misurazione (Codice, Sensore, Valore, Timestamp, Edificio) values ('MJPR7069HUNE', 'ZAZ00960ICV684', 22, '2010-01-01 10:00:00', 'FIO864T8K5QRG966');
insert into Misurazione (Codice, Sensore, Valore, Timestamp, Edificio) values ('AAYO8619YTHL', 'ZVR54621UHO637', 28, '2010-06-06 23:45:45', 'FIO864T8K5QRG966');
insert into Misurazione (Codice, Sensore, Valore, Timestamp, Edificio) values ('PUDB1546VPQC', 'FIN24524ASL816', 60, '2010-01-01 10:00:00', 'FLH648O9Y4AFZ128');
insert into Misurazione (Codice, Sensore, Valore, Timestamp, Edificio) values ('HRFD8313WAGY', 'YDJ33785AKL328', 14, '2010-01-01 10:00:00', 'FLH648O9Y4AFZ128');
insert into Misurazione (Codice, Sensore, Valore, Timestamp, Edificio) values ('LRUL0485QFYK', 'IQJ05114PFB760', 22, '2010-06-06 23:45:45', 'PVL943J4D0VDC411');
insert into Misurazione (Codice, Sensore, Valore, Timestamp, Edificio) values ('LEXH4862PBYQ', 'SVO32364TAQ737', 44, '2010-06-06 23:45:45', 'PVL943J4D0VDC411');
insert into Misurazione (Codice, Sensore, Valore, Timestamp, Edificio) values ('YBWX0465QZAR', 'JWZ86070SJE766', 44, '2010-06-06 23:45:45', 'PVL943J4D0VDC411');
insert into Misurazione (Codice, Sensore, Valore, Timestamp, Edificio) values ('GITO4137IFPO', 'TJB58577ABG703', 36, '2010-06-06 23:45:45', 'PVL943J4D0VDC411');
insert into Misurazione (Codice, Sensore, Valore, Timestamp, Edificio) values ('FZTM8847NKUL', 'TTU12567GVN268', 43, '2010-06-06 23:45:45', 'FIO864T8K5QRG966');
insert into Misurazione (Codice, Sensore, Valore, Timestamp, Edificio) values ('XEIK4321IXQH', 'TER99893UNM601', 45, '2010-06-06 23:45:45', 'FIO864T8K5QRG966');
insert into Misurazione (Codice, Sensore, Valore, Timestamp, Edificio) values ('NBFG0519CHNY', 'JSD70463XIS044', 63, '2010-06-06 23:45:45', 'FIO864T8K5QRG966');
insert into Misurazione (Codice, Sensore, Valore, Timestamp, Edificio) values ('YJWO0046SZUU', 'BUP89336FPB336', 22, '2010-06-06 23:45:45', 'FIO864T8K5QRG966');
insert into Misurazione (Codice, Sensore, Valore, Timestamp, Edificio) values ('ZOOS3898JPIT', 'DWY61348BFC468', 13, '2010-01-01 10:00:00', 'FIO864T8K5QRG966');
insert into Misurazione (Codice, Sensore, Valore, Timestamp, Edificio) values ('RVRD1408ZEIF', 'STC14875BYY717', 64, '2010-01-01 10:00:00', 'FIO864T8K5QRG966');
insert into Misurazione (Codice, Sensore, Valore, Timestamp, Edificio) values ('TJTE2734CEDL', 'DOY56136SWZ881', 70, '2010-06-06 23:45:45', 'FIO864T8K5QRG966');
insert into Misurazione (Codice, Sensore, Valore, Timestamp, Edificio) values ('YKTJ2873VLUE', 'EBK44706PHG836', 42, '2010-06-06 23:45:45', 'FIO864T8K5QRG966');
insert into Misurazione (Codice, Sensore, Valore, Timestamp, Edificio) values ('NLAX5021GYSQ', 'VMC18372UBV559', 27, '2010-01-01 10:00:00', 'FIO864T8K5QRG966');
insert into Misurazione (Codice, Sensore, Valore, Timestamp, Edificio) values ('YAGC6093NHTX', 'HKO90275URK809', 33, '2010-01-01 10:00:00', 'FIO864T8K5QRG966');
insert into Misurazione (Codice, Sensore, Valore, Timestamp, Edificio) values ('KJWF2278PBRB', 'ZAZ00960ICV684', 74, '2010-01-01 10:00:00', 'FIO864T8K5QRG966');
insert into Misurazione (Codice, Sensore, Valore, Timestamp, Edificio) values ('ECHT3751HNHF', 'ZVR54621UHO637', 38, '2010-01-01 10:00:00', 'FLH648O9Y4AFZ128');
insert into Misurazione (Codice, Sensore, Valore, Timestamp, Edificio) values ('XKDO3845MSRF', 'FIN24524ASL816', 23, '2010-06-06 23:45:45', 'FLH648O9Y4AFZ128');
insert into Misurazione (Codice, Sensore, Valore, Timestamp, Edificio) values ('VKVK8317YLQZ', 'YDJ33785AKL328', 57, '2010-06-06 23:45:45', 'PVL943J4D0VDC411');
insert into Misurazione (Codice, Sensore, Valore, Timestamp, Edificio) values ('ZOHR6556TGWY', 'IQJ05114PFB760', 73, '2010-06-06 23:45:45', 'PVL943J4D0VDC411');
insert into Misurazione (Codice, Sensore, Valore, Timestamp, Edificio) values ('JKAW4385ZFPR', 'SVO32364TAQ737', 62, '2010-06-06 23:45:45', 'PVL943J4D0VDC411');
insert into Misurazione (Codice, Sensore, Valore, Timestamp, Edificio) values ('TAJF7399RMOA', 'JWZ86070SJE766', 12, '2010-06-06 23:45:45', 'PVL943J4D0VDC411');
insert into Misurazione (Codice, Sensore, Valore, Timestamp, Edificio) values ('IKLH8160GYUQ', 'TJB58577ABG703', 68, '2010-06-06 23:45:45', 'FIO864T8K5QRG966');
insert into Misurazione (Codice, Sensore, Valore, Timestamp, Edificio) values ('XLNO7506TGIO', 'TTU12567GVN268', 66, '2010-01-01 10:00:00', 'FIO864T8K5QRG966');
insert into Misurazione (Codice, Sensore, Valore, Timestamp, Edificio) values ('RLEM4826TSUN', 'TER99893UNM601', 31, '2010-06-06 23:45:45', 'FIO864T8K5QRG966');
insert into Misurazione (Codice, Sensore, Valore, Timestamp, Edificio) values ('DRFS5891XJWQ', 'JSD70463XIS044', 71, '2010-01-01 10:00:00', 'FIO864T8K5QRG966');
insert into Misurazione (Codice, Sensore, Valore, Timestamp, Edificio) values ('FXCO9199AJVP', 'BUP89336FPB336', 75, '2010-06-06 23:45:45', 'FIO864T8K5QRG966');
insert into Misurazione (Codice, Sensore, Valore, Timestamp, Edificio) values ('HHJZ6015LVLF', 'DWY61348BFC468', 68, '2010-06-06 23:45:45', 'FIO864T8K5QRG966');
insert into Misurazione (Codice, Sensore, Valore, Timestamp, Edificio) values ('ODAB0888VZPX', 'STC14875BYY717', 57, '2010-06-06 23:45:45', 'FIO864T8K5QRG966');
insert into Misurazione (Codice, Sensore, Valore, Timestamp, Edificio) values ('GDJV2180IWEC', 'DOY56136SWZ881', 73, '2010-01-01 10:00:00', 'FIO864T8K5QRG966');
insert into Misurazione (Codice, Sensore, Valore, Timestamp, Edificio) values ('FYYS0816LIWT', 'EBK44706PHG836', 27, '2010-06-06 23:45:45', 'FIO864T8K5QRG966');
insert into Misurazione (Codice, Sensore, Valore, Timestamp, Edificio) values ('ZQZW3750VKHY', 'VMC18372UBV559', 62, '2010-06-06 23:45:45', 'FIO864T8K5QRG966');
insert into Misurazione (Codice, Sensore, Valore, Timestamp, Edificio) values ('KFXP6764IQQT', 'HKO90275URK809', 78, '2010-06-06 23:45:45', 'FIO864T8K5QRG966');
insert into Misurazione (Codice, Sensore, Valore, Timestamp, Edificio) values ('XCLP0685BWEC', 'ZAZ00960ICV684', 49, '2010-01-01 10:00:00', 'FLH648O9Y4AFZ128');
insert into Misurazione (Codice, Sensore, Valore, Timestamp, Edificio) values ('HABP9196ILFE', 'ZVR54621UHO637', 77, '2010-01-01 10:00:00', 'FLH648O9Y4AFZ128');
insert into Misurazione (Codice, Sensore, Valore, Timestamp, Edificio) values ('ZGTO9144TBCQ', 'FIN24524ASL816', 22, '2010-06-06 23:45:45', 'PVL943J4D0VDC411');
insert into Misurazione (Codice, Sensore, Valore, Timestamp, Edificio) values ('EPZC4996TPKY', 'YDJ33785AKL328', 20, '2010-01-01 10:00:00', 'PVL943J4D0VDC411');
insert into Misurazione (Codice, Sensore, Valore, Timestamp, Edificio) values ('GRQF1562VCIV', 'IQJ05114PFB760', 46, '2010-01-01 10:00:00', 'PVL943J4D0VDC411');
insert into Misurazione (Codice, Sensore, Valore, Timestamp, Edificio) values ('EWIM1916ZDZC', 'SVO32364TAQ737', 61, '2010-01-01 10:00:00', 'PVL943J4D0VDC411');
insert into Misurazione (Codice, Sensore, Valore, Timestamp, Edificio) values ('LDSE0185VGRP', 'JWZ86070SJE766', 65, '2010-06-06 23:45:45', 'FIO864T8K5QRG966');
insert into Misurazione (Codice, Sensore, Valore, Timestamp, Edificio) values ('AZOM5350HIGC', 'TJB58577ABG703', 11, '2010-01-01 10:00:00', 'FIO864T8K5QRG966');
insert into Misurazione (Codice, Sensore, Valore, Timestamp, Edificio) values ('ULFK5612XOKC', 'TTU12567GVN268', 24, '2010-01-01 10:00:00', 'FIO864T8K5QRG966');
insert into Misurazione (Codice, Sensore, Valore, Timestamp, Edificio) values ('YSWC3376ZGWO', 'TER99893UNM601', 15, '2010-01-01 10:00:00', 'FIO864T8K5QRG966');
insert into Misurazione (Codice, Sensore, Valore, Timestamp, Edificio) values ('AKGO9583ESLK', 'JSD70463XIS044', 45, '2010-06-06 23:45:45', 'FIO864T8K5QRG966');
insert into Misurazione (Codice, Sensore, Valore, Timestamp, Edificio) values ('DJAQ3586MARN', 'BUP89336FPB336', 74, '2010-01-01 10:00:00', 'FIO864T8K5QRG966');
insert into Misurazione (Codice, Sensore, Valore, Timestamp, Edificio) values ('MKIM8657HCLV', 'DWY61348BFC468', 31, '2010-06-06 23:45:45', 'FIO864T8K5QRG966');
insert into Misurazione (Codice, Sensore, Valore, Timestamp, Edificio) values ('TUHR8911LUVN', 'STC14875BYY717', 16, '2010-06-06 23:45:45', 'FIO864T8K5QRG966');
insert into Misurazione (Codice, Sensore, Valore, Timestamp, Edificio) values ('QGNR8918CLJW', 'DOY56136SWZ881', 19, '2010-01-01 10:00:00', 'FIO864T8K5QRG966');
insert into Misurazione (Codice, Sensore, Valore, Timestamp, Edificio) values ('OSQX5416MTGI', 'EBK44706PHG836', 24, '2010-01-01 10:00:00', 'FIO864T8K5QRG966');
insert into Misurazione (Codice, Sensore, Valore, Timestamp, Edificio) values ('RFJQ3132RDXE', 'VMC18372UBV559', 68, '2010-01-01 10:00:00', 'FIO864T8K5QRG966');
insert into Misurazione (Codice, Sensore, Valore, Timestamp, Edificio) values ('TWNK6300CDTW', 'HKO90275URK809', 38, '2010-01-01 10:00:00', 'FLH648O9Y4AFZ128');
insert into Misurazione (Codice, Sensore, Valore, Timestamp, Edificio) values ('GQRT3097NIWR', 'ZAZ00960ICV684', 67, '2010-06-06 23:45:45', 'FLH648O9Y4AFZ128');
insert into Misurazione (Codice, Sensore, Valore, Timestamp, Edificio) values ('GWFC8134VLQP', 'ZVR54621UHO637', 59, '2010-06-06 23:45:45', 'PVL943J4D0VDC411');
insert into Misurazione (Codice, Sensore, Valore, Timestamp, Edificio) values ('ENDB9369XGIW', 'FIN24524ASL816', 47, '2010-06-06 23:45:45', 'PVL943J4D0VDC411');
insert into Misurazione (Codice, Sensore, Valore, Timestamp, Edificio) values ('BJRG0889QAQF', 'YDJ33785AKL328', 54, '2010-01-01 10:00:00', 'PVL943J4D0VDC411');
insert into Misurazione (Codice, Sensore, Valore, Timestamp, Edificio) values ('DWPG6736MRDD', 'IQJ05114PFB760', 56, '2010-06-06 23:45:45', 'PVL943J4D0VDC411');
insert into Misurazione (Codice, Sensore, Valore, Timestamp, Edificio) values ('NUTM9048UPYU', 'SVO32364TAQ737', 12, '2010-06-06 23:45:45', 'FIO864T8K5QRG966');
insert into Misurazione (Codice, Sensore, Valore, Timestamp, Edificio) values ('BROR6892DOUR', 'JWZ86070SJE766', 33, '2010-01-01 10:00:00', 'FIO864T8K5QRG966');
insert into Misurazione (Codice, Sensore, Valore, Timestamp, Edificio) values ('TSVG9971DGCO', 'TJB58577ABG703', 31, '2010-06-06 23:45:45', 'FIO864T8K5QRG966');
insert into Misurazione (Codice, Sensore, Valore, Timestamp, Edificio) values ('TEBM7266YUYY', 'TTU12567GVN268', 76, '2010-06-06 23:45:45', 'FIO864T8K5QRG966');
insert into Misurazione (Codice, Sensore, Valore, Timestamp, Edificio) values ('VLFY2072DIYM', 'TER99893UNM601', 36, '2010-06-06 23:45:45', 'FIO864T8K5QRG966');
insert into Misurazione (Codice, Sensore, Valore, Timestamp, Edificio) values ('GAUX0315TGUT', 'JSD70463XIS044', 43, '2010-01-01 10:00:00', 'FIO864T8K5QRG966');
insert into Misurazione (Codice, Sensore, Valore, Timestamp, Edificio) values ('OVTP7939MOWO', 'BUP89336FPB336', 62, '2010-01-01 10:00:00', 'FIO864T8K5QRG966');
insert into Misurazione (Codice, Sensore, Valore, Timestamp, Edificio) values ('YHCV1404CRWP', 'DWY61348BFC468', 32, '2010-01-01 10:00:00', 'FIO864T8K5QRG966');
insert into Misurazione (Codice, Sensore, Valore, Timestamp, Edificio) values ('LERU5110HFQY', 'STC14875BYY717', 54, '2010-06-06 23:45:45', 'FIO864T8K5QRG966');
insert into Misurazione (Codice, Sensore, Valore, Timestamp, Edificio) values ('MVYG9472HDXM', 'DOY56136SWZ881', 19, '2010-01-01 10:00:00', 'FIO864T8K5QRG966');
insert into Misurazione (Codice, Sensore, Valore, Timestamp, Edificio) values ('LMXA4008UOHK', 'EBK44706PHG836', 49, '2010-06-06 23:45:45', 'FIO864T8K5QRG966');
insert into Misurazione (Codice, Sensore, Valore, Timestamp, Edificio) values ('XGSB0250LVDF', 'VMC18372UBV559', 25, '2010-06-06 23:45:45', 'FLH648O9Y4AFZ128');
insert into Misurazione (Codice, Sensore, Valore, Timestamp, Edificio) values ('HDZD5890KZSJ', 'HKO90275URK809', 29, '2010-01-01 10:00:00', 'FLH648O9Y4AFZ128');
insert into Misurazione (Codice, Sensore, Valore, Timestamp, Edificio) values ('OGRA6966CDCH', 'ZAZ00960ICV684', 38, '2010-01-01 10:00:00', 'PVL943J4D0VDC411');
insert into Misurazione (Codice, Sensore, Valore, Timestamp, Edificio) values ('HFTC4096MRRE', 'ZVR54621UHO637', 67, '2010-01-01 10:00:00', 'PVL943J4D0VDC411');
insert into Misurazione (Codice, Sensore, Valore, Timestamp, Edificio) values ('CGKQ2354HCNR', 'FIN24524ASL816', 11, '2010-06-06 23:45:45', 'PVL943J4D0VDC411');
insert into Misurazione (Codice, Sensore, Valore, Timestamp, Edificio) values ('YUCF3784UDKF', 'YDJ33785AKL328', 60, '2010-06-06 23:45:45', 'PVL943J4D0VDC411');
insert into Misurazione (Codice, Sensore, Valore, Timestamp, Edificio) values ('KMED9609CROL', 'IQJ05114PFB760', 61, '2010-06-06 23:45:45', 'FIO864T8K5QRG966');
insert into Misurazione (Codice, Sensore, Valore, Timestamp, Edificio) values ('XFOM7742WXNI', 'SVO32364TAQ737', 46, '2010-01-01 10:00:00', 'FIO864T8K5QRG966');
insert into Misurazione (Codice, Sensore, Valore, Timestamp, Edificio) values ('ZDXE9757QCBJ', 'JWZ86070SJE766', 37, '2010-01-01 10:00:00', 'FIO864T8K5QRG966');
insert into Misurazione (Codice, Sensore, Valore, Timestamp, Edificio) values ('ACGT7149YCTD', 'TJB58577ABG703', 65, '2010-06-06 23:45:45', 'FIO864T8K5QRG966');
insert into Misurazione (Codice, Sensore, Valore, Timestamp, Edificio) values ('RJNC6895LWEN', 'TTU12567GVN268', 22, '2010-01-01 10:00:00', 'FIO864T8K5QRG966');
insert into Misurazione (Codice, Sensore, Valore, Timestamp, Edificio) values ('EXOX5057ENQU', 'TER99893UNM601', 27, '2010-01-01 10:00:00', 'FIO864T8K5QRG966');
insert into Misurazione (Codice, Sensore, Valore, Timestamp, Edificio) values ('AKYT6832KTRG', 'JSD70463XIS044', 34, '2010-06-06 23:45:45', 'FIO864T8K5QRG966');
insert into Misurazione (Codice, Sensore, Valore, Timestamp, Edificio) values ('SPIG8154YANY', 'BUP89336FPB336', 26, '2010-01-01 10:00:00', 'FIO864T8K5QRG966');
insert into Misurazione (Codice, Sensore, Valore, Timestamp, Edificio) values ('HVSX9875PXDW', 'DWY61348BFC468', 62, '2010-01-01 10:00:00', 'FIO864T8K5QRG966');
insert into Misurazione (Codice, Sensore, Valore, Timestamp, Edificio) values ('UKTT4884CICS', 'STC14875BYY717', 73, '2010-01-01 10:00:00', 'FIO864T8K5QRG966');
insert into Misurazione (Codice, Sensore, Valore, Timestamp, Edificio) values ('WROS1761APAW', 'DOY56136SWZ881', 10, '2010-06-06 23:45:45', 'FIO864T8K5QRG966');
insert into Misurazione (Codice, Sensore, Valore, Timestamp, Edificio) values ('BPKO9316EDWH', 'EBK44706PHG836', 19, '2010-06-06 23:45:45', 'FLH648O9Y4AFZ128');
insert into Misurazione (Codice, Sensore, Valore, Timestamp, Edificio) values ('GPCP4951QRYE', 'VMC18372UBV559', 39, '2010-01-01 10:00:00', 'FLH648O9Y4AFZ128');
insert into Misurazione (Codice, Sensore, Valore, Timestamp, Edificio) values ('KRVA3160RGHL', 'HKO90275URK809', 29, '2010-01-01 10:00:00', 'PVL943J4D0VDC411');
insert into Misurazione (Codice, Sensore, Valore, Timestamp, Edificio) values ('UKSC2553CZUI', 'ZAZ00960ICV684', 24, '2010-01-01 10:00:00', 'PVL943J4D0VDC411');
insert into Misurazione (Codice, Sensore, Valore, Timestamp, Edificio) values ('TDFG5180PJVO', 'ZVR54621UHO637', 21, '2010-01-01 10:00:00', 'PVL943J4D0VDC411');
insert into Misurazione (Codice, Sensore, Valore, Timestamp, Edificio) values ('HAGM9284FSZR', 'FIN24524ASL816', 27, '2010-01-01 10:00:00', 'PVL943J4D0VDC411');
insert into Misurazione (Codice, Sensore, Valore, Timestamp, Edificio) values ('LIQV0458QHRP', 'YDJ33785AKL328', 53, '2010-01-01 10:00:00', 'FIO864T8K5QRG966');
insert into Misurazione (Codice, Sensore, Valore, Timestamp, Edificio) values ('GUUG2988ECOS', 'IQJ05114PFB760', 29, '2010-01-01 10:00:00', 'FIO864T8K5QRG966');
insert into Misurazione (Codice, Sensore, Valore, Timestamp, Edificio) values ('HFSR4040TZJF', 'SVO32364TAQ737', 48, '2010-01-01 10:00:00', 'FIO864T8K5QRG966');
insert into Misurazione (Codice, Sensore, Valore, Timestamp, Edificio) values ('WWEX4281IGUH', 'JWZ86070SJE766', 44, '2010-01-01 10:00:00', 'FIO864T8K5QRG966');
insert into Misurazione (Codice, Sensore, Valore, Timestamp, Edificio) values ('LXKI5497QQFP', 'TJB58577ABG703', 46, '2010-06-06 23:45:45', 'FIO864T8K5QRG966');
insert into Misurazione (Codice, Sensore, Valore, Timestamp, Edificio) values ('CPCB9220UFID', 'TTU12567GVN268', 68, '2010-06-06 23:45:45', 'FIO864T8K5QRG966');
insert into Misurazione (Codice, Sensore, Valore, Timestamp, Edificio) values ('DUVY7856EPSU', 'TER99893UNM601', 76, '2010-01-01 10:00:00', 'FIO864T8K5QRG966');
insert into Misurazione (Codice, Sensore, Valore, Timestamp, Edificio) values ('UANY4361WLSY', 'JSD70463XIS044', 23, '2010-01-01 10:00:00', 'FIO864T8K5QRG966');
insert into Misurazione (Codice, Sensore, Valore, Timestamp, Edificio) values ('PXKY2264ECNV', 'BUP89336FPB336', 28, '2010-01-01 10:00:00', 'FIO864T8K5QRG966');
insert into Misurazione (Codice, Sensore, Valore, Timestamp, Edificio) values ('MCDN4546FOPD', 'DWY61348BFC468', 18, '2010-06-06 23:45:45', 'FIO864T8K5QRG966');
insert into Misurazione (Codice, Sensore, Valore, Timestamp, Edificio) values ('REPL0773HOAO', 'STC14875BYY717', 30, '2010-01-01 10:00:00', 'FIO864T8K5QRG966');
insert into Misurazione (Codice, Sensore, Valore, Timestamp, Edificio) values ('IXWH1981NUSP', 'DOY56136SWZ881', 73, '2010-06-06 23:45:45', 'FLH648O9Y4AFZ128');
insert into Misurazione (Codice, Sensore, Valore, Timestamp, Edificio) values ('GTYJ7695OZXI', 'EBK44706PHG836', 59, '2010-01-01 10:00:00', 'FLH648O9Y4AFZ128');
insert into Misurazione (Codice, Sensore, Valore, Timestamp, Edificio) values ('WJNZ2023VQZS', 'VMC18372UBV559', 26, '2010-06-06 23:45:45', 'PVL943J4D0VDC411');
insert into Misurazione (Codice, Sensore, Valore, Timestamp, Edificio) values ('WCAH0405VWTM', 'HKO90275URK809', 67, '2010-06-06 23:45:45', 'PVL943J4D0VDC411');
insert into Misurazione (Codice, Sensore, Valore, Timestamp, Edificio) values ('IKDP3974CTXH', 'ZAZ00960ICV684', 74, '2010-01-01 10:00:00', 'PVL943J4D0VDC411');
insert into Misurazione (Codice, Sensore, Valore, Timestamp, Edificio) values ('LJYW0031AJDQ', 'ZVR54621UHO637', 45, '2010-06-06 23:45:45', 'PVL943J4D0VDC411');
insert into Misurazione (Codice, Sensore, Valore, Timestamp, Edificio) values ('BBRW1077DVIW', 'FIN24524ASL816', 43, '2010-06-06 23:45:45', 'FIO864T8K5QRG966');
insert into Misurazione (Codice, Sensore, Valore, Timestamp, Edificio) values ('SQKV8104MFPW', 'YDJ33785AKL328', 25, '2010-01-01 10:00:00', 'FIO864T8K5QRG966');
insert into Misurazione (Codice, Sensore, Valore, Timestamp, Edificio) values ('FFFZ3694HAOR', 'IQJ05114PFB760', 75, '2010-01-01 10:00:00', 'FIO864T8K5QRG966');
insert into Misurazione (Codice, Sensore, Valore, Timestamp, Edificio) values ('DCHD8699MXYO', 'SVO32364TAQ737', 51, '2010-06-06 23:45:45', 'FIO864T8K5QRG966');
insert into Misurazione (Codice, Sensore, Valore, Timestamp, Edificio) values ('FKIV9246QBMN', 'JWZ86070SJE766', 32, '2010-01-01 10:00:00', 'FIO864T8K5QRG966');
insert into Misurazione (Codice, Sensore, Valore, Timestamp, Edificio) values ('WLKV9454SIHC', 'TJB58577ABG703', 43, '2010-06-06 23:45:45', 'FIO864T8K5QRG966');
insert into Misurazione (Codice, Sensore, Valore, Timestamp, Edificio) values ('JNOH8751ARSI', 'TTU12567GVN268', 10, '2010-01-01 10:00:00', 'FIO864T8K5QRG966');
insert into Misurazione (Codice, Sensore, Valore, Timestamp, Edificio) values ('CDUT9844FOXI', 'TER99893UNM601', 49, '2010-01-01 10:00:00', 'FIO864T8K5QRG966');
insert into Misurazione (Codice, Sensore, Valore, Timestamp, Edificio) values ('CEUX1081RNQP', 'JSD70463XIS044', 67, '2010-01-01 10:00:00', 'FIO864T8K5QRG966');
insert into Misurazione (Codice, Sensore, Valore, Timestamp, Edificio) values ('VKLV8006UMEG', 'BUP89336FPB336', 61, '2010-06-06 23:45:45', 'FIO864T8K5QRG966');
insert into Misurazione (Codice, Sensore, Valore, Timestamp, Edificio) values ('VGUI7847NXWQ', 'DWY61348BFC468', 20, '2010-01-01 10:00:00', 'FIO864T8K5QRG966');
insert into Misurazione (Codice, Sensore, Valore, Timestamp, Edificio) values ('FPBP1615BWSK', 'STC14875BYY717', 25, '2010-01-01 10:00:00', 'FLH648O9Y4AFZ128');
insert into Misurazione (Codice, Sensore, Valore, Timestamp, Edificio) values ('CWGK7447GIFJ', 'DOY56136SWZ881', 63, '2010-01-01 10:00:00', 'FLH648O9Y4AFZ128');
insert into Misurazione (Codice, Sensore, Valore, Timestamp, Edificio) values ('OFFG6064FVQJ', 'EBK44706PHG836', 58, '2010-06-06 23:45:45', 'PVL943J4D0VDC411');
insert into Misurazione (Codice, Sensore, Valore, Timestamp, Edificio) values ('TZUZ8767NAVC', 'VMC18372UBV559', 56, '2010-01-01 10:00:00', 'PVL943J4D0VDC411');
insert into Misurazione (Codice, Sensore, Valore, Timestamp, Edificio) values ('FDOW3059BFEY', 'HKO90275URK809', 68, '2010-01-01 10:00:00', 'PVL943J4D0VDC411');
insert into Misurazione (Codice, Sensore, Valore, Timestamp, Edificio) values ('GGVH8992LOUM', 'ZAZ00960ICV684', 41, '2010-06-06 23:45:45', 'PVL943J4D0VDC411');
insert into Misurazione (Codice, Sensore, Valore, Timestamp, Edificio) values ('XZOX8039BXAT', 'ZVR54621UHO637', 22, '2010-06-06 23:45:45', 'FIO864T8K5QRG966');
insert into Misurazione (Codice, Sensore, Valore, Timestamp, Edificio) values ('JKUW7447IWTJ', 'FIN24524ASL816', 53, '2010-06-06 23:45:45', 'FIO864T8K5QRG966');
insert into Misurazione (Codice, Sensore, Valore, Timestamp, Edificio) values ('TUBO3199GOBA', 'YDJ33785AKL328', 73, '2010-06-06 23:45:45', 'FIO864T8K5QRG966');
insert into Misurazione (Codice, Sensore, Valore, Timestamp, Edificio) values ('URTG0987ZSPV', 'IQJ05114PFB760', 15, '2010-01-01 10:00:00', 'FIO864T8K5QRG966');
insert into Misurazione (Codice, Sensore, Valore, Timestamp, Edificio) values ('USZT0748JADE', 'SVO32364TAQ737', 55, '2010-01-01 10:00:00', 'FIO864T8K5QRG966');
insert into Misurazione (Codice, Sensore, Valore, Timestamp, Edificio) values ('NBZM1544UWQO', 'JWZ86070SJE766', 22, '2010-06-06 23:45:45', 'FIO864T8K5QRG966');
insert into Misurazione (Codice, Sensore, Valore, Timestamp, Edificio) values ('SFJX8110KHGW', 'TJB58577ABG703', 11, '2010-01-01 10:00:00', 'FIO864T8K5QRG966');
insert into Misurazione (Codice, Sensore, Valore, Timestamp, Edificio) values ('YMUP2267ARGW', 'TTU12567GVN268', 55, '2010-01-01 10:00:00', 'FIO864T8K5QRG966');
insert into Misurazione (Codice, Sensore, Valore, Timestamp, Edificio) values ('RYKV9261HROP', 'TER99893UNM601', 53, '2010-01-01 10:00:00', 'FIO864T8K5QRG966');
insert into Misurazione (Codice, Sensore, Valore, Timestamp, Edificio) values ('TZVA7494XVSW', 'JSD70463XIS044', 46, '2010-01-01 10:00:00', 'FIO864T8K5QRG966');
insert into Misurazione (Codice, Sensore, Valore, Timestamp, Edificio) values ('EUPR2034JHCV', 'BUP89336FPB336', 33, '2010-01-01 10:00:00', 'FIO864T8K5QRG966');
insert into Misurazione (Codice, Sensore, Valore, Timestamp, Edificio) values ('PWVZ1665UKWD', 'DWY61348BFC468', 56, '2010-01-01 10:00:00', 'FLH648O9Y4AFZ128');
insert into Misurazione (Codice, Sensore, Valore, Timestamp, Edificio) values ('AXAZ1500AHCA', 'STC14875BYY717', 49, '2010-06-06 23:45:45', 'FLH648O9Y4AFZ128');
insert into Misurazione (Codice, Sensore, Valore, Timestamp, Edificio) values ('YSOS7950LBUE', 'DOY56136SWZ881', 25, '2010-06-06 23:45:45', 'PVL943J4D0VDC411');
insert into Misurazione (Codice, Sensore, Valore, Timestamp, Edificio) values ('YHDH6037PTHX', 'EBK44706PHG836', 50, '2010-06-06 23:45:45', 'PVL943J4D0VDC411');
insert into Misurazione (Codice, Sensore, Valore, Timestamp, Edificio) values ('PXPJ7826BQRL', 'VMC18372UBV559', 64, '2010-01-01 10:00:00', 'PVL943J4D0VDC411');
insert into Misurazione (Codice, Sensore, Valore, Timestamp, Edificio) values ('KRIK2424QEUC', 'HKO90275URK809', 38, '2010-01-01 10:00:00', 'PVL943J4D0VDC411');
insert into Misurazione (Codice, Sensore, Valore, Timestamp, Edificio) values ('VGAE1060WORH', 'ZAZ00960ICV684', 77, '2010-01-01 10:00:00', 'FIO864T8K5QRG966');
insert into Misurazione (Codice, Sensore, Valore, Timestamp, Edificio) values ('GRFX9054IBQN', 'ZVR54621UHO637', 33, '2010-01-01 10:00:00', 'FIO864T8K5QRG966');
insert into Misurazione (Codice, Sensore, Valore, Timestamp, Edificio) values ('DLYM5326ZYYN', 'FIN24524ASL816', 10, '2010-06-06 23:45:45', 'FIO864T8K5QRG966');
insert into Misurazione (Codice, Sensore, Valore, Timestamp, Edificio) values ('NUZC3285SIVQ', 'YDJ33785AKL328', 70, '2010-01-01 10:00:00', 'FIO864T8K5QRG966');
insert into Misurazione (Codice, Sensore, Valore, Timestamp, Edificio) values ('CCAH1057IFDC', 'IQJ05114PFB760', 37, '2010-06-06 23:45:45', 'FIO864T8K5QRG966');
insert into Misurazione (Codice, Sensore, Valore, Timestamp, Edificio) values ('WXBA3670LLMZ', 'SVO32364TAQ737', 57, '2010-06-06 23:45:45', 'FIO864T8K5QRG966');
insert into Misurazione (Codice, Sensore, Valore, Timestamp, Edificio) values ('ACIY2769VVUJ', 'JWZ86070SJE766', 64, '2010-06-06 23:45:45', 'FIO864T8K5QRG966');
insert into Misurazione (Codice, Sensore, Valore, Timestamp, Edificio) values ('KYHG1929BGHM', 'TJB58577ABG703', 67, '2010-01-01 10:00:00', 'FIO864T8K5QRG966');
insert into Misurazione (Codice, Sensore, Valore, Timestamp, Edificio) values ('GVXW0169MFIY', 'TTU12567GVN268', 61, '2010-06-06 23:45:45', 'FIO864T8K5QRG966');
insert into Misurazione (Codice, Sensore, Valore, Timestamp, Edificio) values ('QKMS2945YAUE', 'TER99893UNM601', 50, '2010-06-06 23:45:45', 'FIO864T8K5QRG966');
insert into Misurazione (Codice, Sensore, Valore, Timestamp, Edificio) values ('VATY6622ZQHB', 'JSD70463XIS044', 55, '2010-01-01 10:00:00', 'FIO864T8K5QRG966');
insert into Misurazione (Codice, Sensore, Valore, Timestamp, Edificio) values ('JSNQ9206XEWT', 'BUP89336FPB336', 73, '2010-06-06 23:45:45', 'FLH648O9Y4AFZ128');
insert into Misurazione (Codice, Sensore, Valore, Timestamp, Edificio) values ('FAAE9972CDFP', 'DWY61348BFC468', 74, '2010-06-06 23:45:45', 'FLH648O9Y4AFZ128');
insert into Misurazione (Codice, Sensore, Valore, Timestamp, Edificio) values ('YPWI0264DWRF', 'STC14875BYY717', 15, '2010-01-01 10:00:00', 'PVL943J4D0VDC411');
insert into Misurazione (Codice, Sensore, Valore, Timestamp, Edificio) values ('CDGN7260BBOF', 'DOY56136SWZ881', 44, '2010-01-01 10:00:00', 'PVL943J4D0VDC411');
insert into Misurazione (Codice, Sensore, Valore, Timestamp, Edificio) values ('CQXH9660VAHU', 'EBK44706PHG836', 48, '2010-06-06 23:45:45', 'PVL943J4D0VDC411');
insert into Misurazione (Codice, Sensore, Valore, Timestamp, Edificio) values ('TWDM5721REKG', 'VMC18372UBV559', 44, '2010-01-01 10:00:00', 'PVL943J4D0VDC411');
insert into Misurazione (Codice, Sensore, Valore, Timestamp, Edificio) values ('SQTL4089WCBL', 'HKO90275URK809', 65, '2010-06-06 23:45:45', 'FIO864T8K5QRG966');
insert into Misurazione (Codice, Sensore, Valore, Timestamp, Edificio) values ('WVXM4590PAQJ', 'ZAZ00960ICV684', 74, '2010-01-01 10:00:00', 'FIO864T8K5QRG966');
insert into Misurazione (Codice, Sensore, Valore, Timestamp, Edificio) values ('MVOE2634WDAI', 'ZVR54621UHO637', 66, '2010-01-01 10:00:00', 'FIO864T8K5QRG966');
insert into Misurazione (Codice, Sensore, Valore, Timestamp, Edificio) values ('YKJF1658SEFZ', 'FIN24524ASL816', 38, '2010-06-06 23:45:45', 'FIO864T8K5QRG966');
insert into Misurazione (Codice, Sensore, Valore, Timestamp, Edificio) values ('BVGJ5964FQGW', 'YDJ33785AKL328', 44, '2010-06-06 23:45:45', 'FIO864T8K5QRG966');
insert into Misurazione (Codice, Sensore, Valore, Timestamp, Edificio) values ('SROA2134CAAR', 'IQJ05114PFB760', 56, '2010-06-06 23:45:45', 'FIO864T8K5QRG966');
insert into Misurazione (Codice, Sensore, Valore, Timestamp, Edificio) values ('MQOE7764QBYN', 'SVO32364TAQ737', 29, '2010-06-06 23:45:45', 'FIO864T8K5QRG966');
insert into Misurazione (Codice, Sensore, Valore, Timestamp, Edificio) values ('MSEI7894KTJI', 'JWZ86070SJE766', 60, '2010-01-01 10:00:00', 'FIO864T8K5QRG966');
insert into Misurazione (Codice, Sensore, Valore, Timestamp, Edificio) values ('ADSJ4787TPER', 'TJB58577ABG703', 54, '2010-06-06 23:45:45', 'FIO864T8K5QRG966');
insert into Misurazione (Codice, Sensore, Valore, Timestamp, Edificio) values ('YCFT1671EAXF', 'TTU12567GVN268', 52, '2010-06-06 23:45:45', 'FIO864T8K5QRG966');
insert into Misurazione (Codice, Sensore, Valore, Timestamp, Edificio) values ('HLTM8239RDOR', 'TER99893UNM601', 56, '2010-06-06 23:45:45', 'FIO864T8K5QRG966');
insert into Misurazione (Codice, Sensore, Valore, Timestamp, Edificio) values ('LXEK0070IWFU', 'JSD70463XIS044', 57, '2010-06-06 23:45:45', 'FLH648O9Y4AFZ128');
insert into Misurazione (Codice, Sensore, Valore, Timestamp, Edificio) values ('JRIF0934GIUS', 'BUP89336FPB336', 68, '2010-01-01 10:00:00', 'FLH648O9Y4AFZ128');
insert into Misurazione (Codice, Sensore, Valore, Timestamp, Edificio) values ('NQLZ4018PLHO', 'DWY61348BFC468', 70, '2010-01-01 10:00:00', 'PVL943J4D0VDC411');
insert into Misurazione (Codice, Sensore, Valore, Timestamp, Edificio) values ('QMKW7194KHYD', 'STC14875BYY717', 70, '2010-01-01 10:00:00', 'PVL943J4D0VDC411');
insert into Misurazione (Codice, Sensore, Valore, Timestamp, Edificio) values ('DQXT5198PMFN', 'DOY56136SWZ881', 78, '2010-06-06 23:45:45', 'PVL943J4D0VDC411');
insert into Misurazione (Codice, Sensore, Valore, Timestamp, Edificio) values ('IWAO7171JRLB', 'EBK44706PHG836', 41, '2010-06-06 23:45:45', 'PVL943J4D0VDC411');
insert into Misurazione (Codice, Sensore, Valore, Timestamp, Edificio) values ('NDGC5555JSLC', 'VMC18372UBV559', 48, '2010-01-01 10:00:00', 'FIO864T8K5QRG966');
insert into Misurazione (Codice, Sensore, Valore, Timestamp, Edificio) values ('BBPS0579SIVN', 'HKO90275URK809', 57, '2010-06-06 23:45:45', 'FIO864T8K5QRG966');
insert into Misurazione (Codice, Sensore, Valore, Timestamp, Edificio) values ('MWKV7959ALJG', 'ZAZ00960ICV684', 38, '2010-06-06 23:45:45', 'FIO864T8K5QRG966');
insert into Misurazione (Codice, Sensore, Valore, Timestamp, Edificio) values ('HTUP3432CCRE', 'ZVR54621UHO637', 61, '2010-01-01 10:00:00', 'FIO864T8K5QRG966');
insert into Misurazione (Codice, Sensore, Valore, Timestamp, Edificio) values ('YYPN1593BEKN', 'FIN24524ASL816', 37, '2010-01-01 10:00:00', 'FIO864T8K5QRG966');
insert into Misurazione (Codice, Sensore, Valore, Timestamp, Edificio) values ('AQSL1492UQNN', 'YDJ33785AKL328', 54, '2010-06-06 23:45:45', 'FIO864T8K5QRG966');
insert into Misurazione (Codice, Sensore, Valore, Timestamp, Edificio) values ('OKAM0614FTQH', 'IQJ05114PFB760', 33, '2010-01-01 10:00:00', 'FIO864T8K5QRG966');
insert into Misurazione (Codice, Sensore, Valore, Timestamp, Edificio) values ('BLXE6952KSOJ', 'SVO32364TAQ737', 14, '2010-06-06 23:45:45', 'FIO864T8K5QRG966');
insert into Misurazione (Codice, Sensore, Valore, Timestamp, Edificio) values ('DAXJ6972RCMW', 'JWZ86070SJE766', 33, '2010-06-06 23:45:45', 'FIO864T8K5QRG966');
insert into Misurazione (Codice, Sensore, Valore, Timestamp, Edificio) values ('OKCA0494KOTN', 'TJB58577ABG703', 55, '2010-01-01 10:00:00', 'FIO864T8K5QRG966');
insert into Misurazione (Codice, Sensore, Valore, Timestamp, Edificio) values ('KEMA7688DKEJ', 'TTU12567GVN268', 65, '2010-06-06 23:45:45', 'FIO864T8K5QRG966');
insert into Misurazione (Codice, Sensore, Valore, Timestamp, Edificio) values ('ESHE8859OQMT', 'TER99893UNM601', 39, '2010-06-06 23:45:45', 'FLH648O9Y4AFZ128');
insert into Misurazione (Codice, Sensore, Valore, Timestamp, Edificio) values ('NKSE3976NZPF', 'JSD70463XIS044', 78, '2010-06-06 23:45:45', 'FLH648O9Y4AFZ128');
insert into Misurazione (Codice, Sensore, Valore, Timestamp, Edificio) values ('XIBC3025BITJ', 'BUP89336FPB336', 10, '2010-01-01 10:00:00', 'PVL943J4D0VDC411');
insert into Misurazione (Codice, Sensore, Valore, Timestamp, Edificio) values ('BPST1845TIXK', 'DWY61348BFC468', 50, '2010-06-06 23:45:45', 'PVL943J4D0VDC411');
insert into Misurazione (Codice, Sensore, Valore, Timestamp, Edificio) values ('CCGP5082UFNT', 'STC14875BYY717', 30, '2010-06-06 23:45:45', 'PVL943J4D0VDC411');
insert into Misurazione (Codice, Sensore, Valore, Timestamp, Edificio) values ('WJPY6432ZHGO', 'DOY56136SWZ881', 64, '2010-01-01 10:00:00', 'PVL943J4D0VDC411');
insert into Misurazione (Codice, Sensore, Valore, Timestamp, Edificio) values ('XGQG9414ZIBB', 'EBK44706PHG836', 32, '2010-06-06 23:45:45', 'FIO864T8K5QRG966');
insert into Misurazione (Codice, Sensore, Valore, Timestamp, Edificio) values ('QHNW9237BDVB', 'VMC18372UBV559', 18, '2010-01-01 10:00:00', 'FIO864T8K5QRG966');
insert into Misurazione (Codice, Sensore, Valore, Timestamp, Edificio) values ('RFSR1853JOQM', 'HKO90275URK809', 45, '2010-01-01 10:00:00', 'FIO864T8K5QRG966');
insert into Misurazione (Codice, Sensore, Valore, Timestamp, Edificio) values ('MNCA1257GOXD', 'ZAZ00960ICV684', 30, '2010-01-01 10:00:00', 'FIO864T8K5QRG966');
insert into Misurazione (Codice, Sensore, Valore, Timestamp, Edificio) values ('VJGW6396RUZU', 'ZVR54621UHO637', 30, '2010-01-01 10:00:00', 'FIO864T8K5QRG966');
insert into Misurazione (Codice, Sensore, Valore, Timestamp, Edificio) values ('CFBS9157QPYB', 'FIN24524ASL816', 28, '2010-06-06 23:45:45', 'FIO864T8K5QRG966');
insert into Misurazione (Codice, Sensore, Valore, Timestamp, Edificio) values ('FXHJ0855GVUR', 'YDJ33785AKL328', 58, '2010-06-06 23:45:45', 'FIO864T8K5QRG966');
insert into Misurazione (Codice, Sensore, Valore, Timestamp, Edificio) values ('IEBH7374HGRY', 'IQJ05114PFB760', 67, '2010-06-06 23:45:45', 'FIO864T8K5QRG966');
insert into Misurazione (Codice, Sensore, Valore, Timestamp, Edificio) values ('XJIG2200ACTN', 'SVO32364TAQ737', 66, '2010-06-06 23:45:45', 'FIO864T8K5QRG966');
insert into Misurazione (Codice, Sensore, Valore, Timestamp, Edificio) values ('LOMS0151ZRJS', 'JWZ86070SJE766', 63, '2010-06-06 23:45:45', 'FIO864T8K5QRG966');
insert into Misurazione (Codice, Sensore, Valore, Timestamp, Edificio) values ('SBOK4468CCFA', 'TJB58577ABG703', 41, '2010-01-01 10:00:00', 'FIO864T8K5QRG966');
insert into Misurazione (Codice, Sensore, Valore, Timestamp, Edificio) values ('WYNJ0516FZRZ', 'TTU12567GVN268', 72, '2010-01-01 10:00:00', 'FLH648O9Y4AFZ128');
insert into Misurazione (Codice, Sensore, Valore, Timestamp, Edificio) values ('ALYQ4676GOIU', 'TER99893UNM601', 62, '2010-06-06 23:45:45', 'FLH648O9Y4AFZ128');
insert into Misurazione (Codice, Sensore, Valore, Timestamp, Edificio) values ('KDKK5761GMKB', 'JSD70463XIS044', 13, '2010-01-01 10:00:00', 'PVL943J4D0VDC411');
insert into Misurazione (Codice, Sensore, Valore, Timestamp, Edificio) values ('DAIN6066NGKD', 'BUP89336FPB336', 39, '2010-01-01 10:00:00', 'PVL943J4D0VDC411');
insert into Misurazione (Codice, Sensore, Valore, Timestamp, Edificio) values ('OKZW9608OILX', 'DWY61348BFC468', 36, '2010-06-06 23:45:45', 'PVL943J4D0VDC411');
insert into Misurazione (Codice, Sensore, Valore, Timestamp, Edificio) values ('BDNT1201DVWP', 'STC14875BYY717', 17, '2010-06-06 23:45:45', 'PVL943J4D0VDC411');
insert into Misurazione (Codice, Sensore, Valore, Timestamp, Edificio) values ('ABHD0735WNAO', 'DOY56136SWZ881', 18, '2010-01-01 10:00:00', 'FIO864T8K5QRG966');
insert into Misurazione (Codice, Sensore, Valore, Timestamp, Edificio) values ('AOOQ0484QLIY', 'EBK44706PHG836', 50, '2010-01-01 10:00:00', 'FIO864T8K5QRG966');
insert into Misurazione (Codice, Sensore, Valore, Timestamp, Edificio) values ('HPKV7348NAOA', 'VMC18372UBV559', 74, '2010-06-06 23:45:45', 'FIO864T8K5QRG966');
insert into Misurazione (Codice, Sensore, Valore, Timestamp, Edificio) values ('QFEV3291RFEI', 'HKO90275URK809', 17, '2010-06-06 23:45:45', 'FIO864T8K5QRG966');
insert into Misurazione (Codice, Sensore, Valore, Timestamp, Edificio) values ('EHWD0822CMCF', 'ZAZ00960ICV684', 45, '2010-06-06 23:45:45', 'FIO864T8K5QRG966');
insert into Misurazione (Codice, Sensore, Valore, Timestamp, Edificio) values ('RSNJ9208SMRC', 'ZVR54621UHO637', 53, '2010-06-06 23:45:45', 'FIO864T8K5QRG966');
insert into Misurazione (Codice, Sensore, Valore, Timestamp, Edificio) values ('ZUIF1157TDTF', 'FIN24524ASL816', 12, '2010-01-01 10:00:00', 'FIO864T8K5QRG966');
insert into Misurazione (Codice, Sensore, Valore, Timestamp, Edificio) values ('OEPJ4616VVXZ', 'YDJ33785AKL328', 19, '2010-06-06 23:45:45', 'FIO864T8K5QRG966');
insert into Misurazione (Codice, Sensore, Valore, Timestamp, Edificio) values ('DLNY8254CNEK', 'IQJ05114PFB760', 42, '2010-01-01 10:00:00', 'FIO864T8K5QRG966');
insert into Misurazione (Codice, Sensore, Valore, Timestamp, Edificio) values ('FPAT9097LSGC', 'SVO32364TAQ737', 27, '2010-06-06 23:45:45', 'FIO864T8K5QRG966');
insert into Misurazione (Codice, Sensore, Valore, Timestamp, Edificio) values ('HKNF6369IGHP', 'JWZ86070SJE766', 53, '2010-06-06 23:45:45', 'FIO864T8K5QRG966');
insert into Misurazione (Codice, Sensore, Valore, Timestamp, Edificio) values ('YEPL6727SIHQ', 'TJB58577ABG703', 30, '2010-06-06 23:45:45', 'FLH648O9Y4AFZ128');
insert into Misurazione (Codice, Sensore, Valore, Timestamp, Edificio) values ('OGVR1579QRVV', 'TTU12567GVN268', 61, '2010-06-06 23:45:45', 'FLH648O9Y4AFZ128');
insert into Misurazione (Codice, Sensore, Valore, Timestamp, Edificio) values ('VNGC7480CCUS', 'TER99893UNM601', 65, '2010-06-06 23:45:45', 'PVL943J4D0VDC411');
insert into Misurazione (Codice, Sensore, Valore, Timestamp, Edificio) values ('FMJL1350WJFQ', 'JSD70463XIS044', 31, '2010-06-06 23:45:45', 'PVL943J4D0VDC411');
insert into Misurazione (Codice, Sensore, Valore, Timestamp, Edificio) values ('LLLB2500EERM', 'BUP89336FPB336', 16, '2010-06-06 23:45:45', 'PVL943J4D0VDC411');
insert into Misurazione (Codice, Sensore, Valore, Timestamp, Edificio) values ('FILB6809AHLD', 'DWY61348BFC468', 19, '2010-01-01 10:00:00', 'PVL943J4D0VDC411');
insert into Misurazione (Codice, Sensore, Valore, Timestamp, Edificio) values ('VUTW1888TUYH', 'STC14875BYY717', 23, '2010-06-06 23:45:45', 'FIO864T8K5QRG966');
insert into Misurazione (Codice, Sensore, Valore, Timestamp, Edificio) values ('ARAL8436RXIU', 'DOY56136SWZ881', 20, '2010-01-01 10:00:00', 'FIO864T8K5QRG966');
insert into Misurazione (Codice, Sensore, Valore, Timestamp, Edificio) values ('JZFG1860ZLUQ', 'EBK44706PHG836', 20, '2010-06-06 23:45:45', 'FIO864T8K5QRG966');
insert into Misurazione (Codice, Sensore, Valore, Timestamp, Edificio) values ('XENF0410OOLL', 'VMC18372UBV559', 66, '2010-06-06 23:45:45', 'FIO864T8K5QRG966');
insert into Misurazione (Codice, Sensore, Valore, Timestamp, Edificio) values ('DBEJ1641HYIU', 'HKO90275URK809', 47, '2010-06-06 23:45:45', 'FIO864T8K5QRG966');
insert into Misurazione (Codice, Sensore, Valore, Timestamp, Edificio) values ('BPXM9865FNUH', 'ZAZ00960ICV684', 65, '2010-06-06 23:45:45', 'FIO864T8K5QRG966');
insert into Misurazione (Codice, Sensore, Valore, Timestamp, Edificio) values ('PHMM7078MOQB', 'ZVR54621UHO637', 55, '2010-01-01 10:00:00', 'FIO864T8K5QRG966');
insert into Misurazione (Codice, Sensore, Valore, Timestamp, Edificio) values ('HIQJ2470KOPB', 'FIN24524ASL816', 40, '2010-01-01 10:00:00', 'FIO864T8K5QRG966');
insert into Misurazione (Codice, Sensore, Valore, Timestamp, Edificio) values ('ANVU0090IWUM', 'YDJ33785AKL328', 38, '2010-06-06 23:45:45', 'FIO864T8K5QRG966');
insert into Misurazione (Codice, Sensore, Valore, Timestamp, Edificio) values ('ZAZD4611AYPC', 'IQJ05114PFB760', 33, '2010-06-06 23:45:45', 'FIO864T8K5QRG966');
insert into Misurazione (Codice, Sensore, Valore, Timestamp, Edificio) values ('UGOK1942CORM', 'SVO32364TAQ737', 12, '2010-01-01 10:00:00', 'FIO864T8K5QRG966');
insert into Misurazione (Codice, Sensore, Valore, Timestamp, Edificio) values ('TSMK6761XIBD', 'JWZ86070SJE766', 49, '2010-06-06 23:45:45', 'FLH648O9Y4AFZ128');
insert into Misurazione (Codice, Sensore, Valore, Timestamp, Edificio) values ('BNPG2130SCRL', 'TJB58577ABG703', 34, '2010-06-06 23:45:45', 'FLH648O9Y4AFZ128');
insert into Misurazione (Codice, Sensore, Valore, Timestamp, Edificio) values ('QWBS5452JVEZ', 'TTU12567GVN268', 53, '2010-06-06 23:45:45', 'PVL943J4D0VDC411');
insert into Misurazione (Codice, Sensore, Valore, Timestamp, Edificio) values ('PWEV2042ZNSO', 'TER99893UNM601', 24, '2010-06-06 23:45:45', 'PVL943J4D0VDC411');
insert into Misurazione (Codice, Sensore, Valore, Timestamp, Edificio) values ('YSDX5574SJIC', 'JSD70463XIS044', 76, '2010-06-06 23:45:45', 'PVL943J4D0VDC411');
insert into Misurazione (Codice, Sensore, Valore, Timestamp, Edificio) values ('TCYQ3589JKGY', 'BUP89336FPB336', 33, '2010-01-01 10:00:00', 'PVL943J4D0VDC411');
insert into Misurazione (Codice, Sensore, Valore, Timestamp, Edificio) values ('GGGL5263BXTJ', 'DWY61348BFC468', 72, '2010-06-06 23:45:45', 'FIO864T8K5QRG966');
insert into Misurazione (Codice, Sensore, Valore, Timestamp, Edificio) values ('AEPA6081TTLK', 'STC14875BYY717', 68, '2010-01-01 10:00:00', 'FIO864T8K5QRG966');
insert into Misurazione (Codice, Sensore, Valore, Timestamp, Edificio) values ('WXWK1183TKIN', 'DOY56136SWZ881', 65, '2010-06-06 23:45:45', 'FIO864T8K5QRG966');
insert into Misurazione (Codice, Sensore, Valore, Timestamp, Edificio) values ('GOXU7563QRRZ', 'EBK44706PHG836', 57, '2010-01-01 10:00:00', 'FIO864T8K5QRG966');
insert into Misurazione (Codice, Sensore, Valore, Timestamp, Edificio) values ('BNAT1451BZDR', 'VMC18372UBV559', 24, '2010-06-06 23:45:45', 'FIO864T8K5QRG966');
insert into Misurazione (Codice, Sensore, Valore, Timestamp, Edificio) values ('JTGW7172HEVW', 'HKO90275URK809', 37, '2010-01-01 10:00:00', 'FIO864T8K5QRG966');
insert into Misurazione (Codice, Sensore, Valore, Timestamp, Edificio) values ('IEYD2206YBEN', 'ZAZ00960ICV684', 22, '2010-01-01 10:00:00', 'FIO864T8K5QRG966');
insert into Misurazione (Codice, Sensore, Valore, Timestamp, Edificio) values ('JSPW0895YSVO', 'ZVR54621UHO637', 75, '2010-01-01 10:00:00', 'FIO864T8K5QRG966');
insert into Misurazione (Codice, Sensore, Valore, Timestamp, Edificio) values ('TOVA5895UVED', 'FIN24524ASL816', 11, '2010-01-01 10:00:00', 'FIO864T8K5QRG966');
insert into Misurazione (Codice, Sensore, Valore, Timestamp, Edificio) values ('OXSA9557WDTP', 'YDJ33785AKL328', 38, '2010-06-06 23:45:45', 'FIO864T8K5QRG966');
insert into Misurazione (Codice, Sensore, Valore, Timestamp, Edificio) values ('MKMB4055KZGL', 'IQJ05114PFB760', 78, '2010-06-06 23:45:45', 'FIO864T8K5QRG966');
insert into Misurazione (Codice, Sensore, Valore, Timestamp, Edificio) values ('RSAP0358NWJL', 'SVO32364TAQ737', 30, '2010-01-01 10:00:00', 'FLH648O9Y4AFZ128');
insert into Misurazione (Codice, Sensore, Valore, Timestamp, Edificio) values ('XSJI7675NMKL', 'JWZ86070SJE766', 77, '2010-06-06 23:45:45', 'FLH648O9Y4AFZ128');
insert into Misurazione (Codice, Sensore, Valore, Timestamp, Edificio) values ('WMBY9432ILTI', 'TJB58577ABG703', 41, '2010-06-06 23:45:45', 'PVL943J4D0VDC411');
insert into Misurazione (Codice, Sensore, Valore, Timestamp, Edificio) values ('CDTD1652EUBY', 'TTU12567GVN268', 37, '2010-06-06 23:45:45', 'PVL943J4D0VDC411');
insert into Misurazione (Codice, Sensore, Valore, Timestamp, Edificio) values ('JQAS5893CXUD', 'TER99893UNM601', 78, '2010-06-06 23:45:45', 'PVL943J4D0VDC411');
insert into Misurazione (Codice, Sensore, Valore, Timestamp, Edificio) values ('AMAH4293GFPA', 'JSD70463XIS044', 30, '2010-06-06 23:45:45', 'PVL943J4D0VDC411');
insert into Misurazione (Codice, Sensore, Valore, Timestamp, Edificio) values ('EOEB9112MLIN', 'BUP89336FPB336', 42, '2010-01-01 10:00:00', 'FIO864T8K5QRG966');
insert into Misurazione (Codice, Sensore, Valore, Timestamp, Edificio) values ('EMUS5812XCAY', 'DWY61348BFC468', 74, '2010-06-06 23:45:45', 'FIO864T8K5QRG966');
insert into Misurazione (Codice, Sensore, Valore, Timestamp, Edificio) values ('QJOA5191WKDS', 'STC14875BYY717', 56, '2010-01-01 10:00:00', 'FIO864T8K5QRG966');
insert into Misurazione (Codice, Sensore, Valore, Timestamp, Edificio) values ('AEPS8110RPGG', 'DOY56136SWZ881', 20, '2010-01-01 10:00:00', 'FIO864T8K5QRG966');
insert into Misurazione (Codice, Sensore, Valore, Timestamp, Edificio) values ('GOZY2716NRFP', 'EBK44706PHG836', 22, '2010-06-06 23:45:45', 'FIO864T8K5QRG966');
insert into Misurazione (Codice, Sensore, Valore, Timestamp, Edificio) values ('JDSJ8805RMCB', 'VMC18372UBV559', 67, '2010-06-06 23:45:45', 'FIO864T8K5QRG966');
insert into Misurazione (Codice, Sensore, Valore, Timestamp, Edificio) values ('GJXR5171VBPR', 'HKO90275URK809', 30, '2010-06-06 23:45:45', 'FIO864T8K5QRG966');
insert into Misurazione (Codice, Sensore, Valore, Timestamp, Edificio) values ('XJKD9329KAQB', 'ZAZ00960ICV684', 47, '2010-01-01 10:00:00', 'FIO864T8K5QRG966');
insert into Misurazione (Codice, Sensore, Valore, Timestamp, Edificio) values ('EOGC3112YHYY', 'ZVR54621UHO637', 74, '2010-01-01 10:00:00', 'FIO864T8K5QRG966');
insert into Misurazione (Codice, Sensore, Valore, Timestamp, Edificio) values ('BRTJ3567SUDF', 'FIN24524ASL816', 64, '2010-01-01 10:00:00', 'FIO864T8K5QRG966');
insert into Misurazione (Codice, Sensore, Valore, Timestamp, Edificio) values ('OFOD3646PELL', 'YDJ33785AKL328', 64, '2010-06-06 23:45:45', 'FIO864T8K5QRG966');
insert into Misurazione (Codice, Sensore, Valore, Timestamp, Edificio) values ('MLEZ3625NGMN', 'IQJ05114PFB760', 40, '2010-06-06 23:45:45', 'FLH648O9Y4AFZ128');
insert into Misurazione (Codice, Sensore, Valore, Timestamp, Edificio) values ('LXBT1185LCFN', 'SVO32364TAQ737', 14, '2010-01-01 10:00:00', 'FLH648O9Y4AFZ128');
insert into Misurazione (Codice, Sensore, Valore, Timestamp, Edificio) values ('WSPR6142ULLA', 'JWZ86070SJE766', 17, '2010-01-01 10:00:00', 'PVL943J4D0VDC411');
insert into Misurazione (Codice, Sensore, Valore, Timestamp, Edificio) values ('DEVQ2051SRVB', 'TJB58577ABG703', 41, '2010-06-06 23:45:45', 'PVL943J4D0VDC411');
insert into Misurazione (Codice, Sensore, Valore, Timestamp, Edificio) values ('DXRV9879WPMX', 'TTU12567GVN268', 54, '2010-06-06 23:45:45', 'PVL943J4D0VDC411');
insert into Misurazione (Codice, Sensore, Valore, Timestamp, Edificio) values ('PFWH2160YIAG', 'TER99893UNM601', 47, '2010-01-01 10:00:00', 'PVL943J4D0VDC411');
insert into Misurazione (Codice, Sensore, Valore, Timestamp, Edificio) values ('LWJC9280GEJY', 'JSD70463XIS044', 55, '2010-06-06 23:45:45', 'FIO864T8K5QRG966');
insert into Misurazione (Codice, Sensore, Valore, Timestamp, Edificio) values ('BVPK9582ILDZ', 'BUP89336FPB336', 67, '2010-06-06 23:45:45', 'FIO864T8K5QRG966');
insert into Misurazione (Codice, Sensore, Valore, Timestamp, Edificio) values ('ZJEZ2477DIPP', 'DWY61348BFC468', 34, '2010-01-01 10:00:00', 'FIO864T8K5QRG966');
insert into Misurazione (Codice, Sensore, Valore, Timestamp, Edificio) values ('ABDL5306WZOG', 'STC14875BYY717', 37, '2010-06-06 23:45:45', 'FIO864T8K5QRG966');
insert into Misurazione (Codice, Sensore, Valore, Timestamp, Edificio) values ('MYYO2980LNVE', 'DOY56136SWZ881', 72, '2010-06-06 23:45:45', 'FIO864T8K5QRG966');
insert into Misurazione (Codice, Sensore, Valore, Timestamp, Edificio) values ('WWEU0438OCDN', 'EBK44706PHG836', 59, '2010-01-01 10:00:00', 'FIO864T8K5QRG966');
insert into Misurazione (Codice, Sensore, Valore, Timestamp, Edificio) values ('VNGY4817SAGO', 'VMC18372UBV559', 38, '2010-01-01 10:00:00', 'FIO864T8K5QRG966');
insert into Misurazione (Codice, Sensore, Valore, Timestamp, Edificio) values ('XEOM6719QZYJ', 'HKO90275URK809', 13, '2010-06-06 23:45:45', 'FIO864T8K5QRG966');
insert into Misurazione (Codice, Sensore, Valore, Timestamp, Edificio) values ('PPNE0846HFDA', 'ZAZ00960ICV684', 11, '2010-01-01 10:00:00', 'FIO864T8K5QRG966');
insert into Misurazione (Codice, Sensore, Valore, Timestamp, Edificio) values ('CDSM4654PVKP', 'ZVR54621UHO637', 42, '2010-06-06 23:45:45', 'FIO864T8K5QRG966');
insert into Misurazione (Codice, Sensore, Valore, Timestamp, Edificio) values ('BKBZ9664FHAP', 'FIN24524ASL816', 36, '2010-01-01 10:00:00', 'FIO864T8K5QRG966');
insert into Misurazione (Codice, Sensore, Valore, Timestamp, Edificio) values ('WTKA6224SNOT', 'YDJ33785AKL328', 60, '2010-01-01 10:00:00', 'FLH648O9Y4AFZ128');
insert into Misurazione (Codice, Sensore, Valore, Timestamp, Edificio) values ('QLVP1843WCKU', 'IQJ05114PFB760', 15, '2010-06-06 23:45:45', 'FLH648O9Y4AFZ128');
insert into Misurazione (Codice, Sensore, Valore, Timestamp, Edificio) values ('VLSM2733WOLC', 'SVO32364TAQ737', 51, '2010-01-01 10:00:00', 'PVL943J4D0VDC411');
insert into Misurazione (Codice, Sensore, Valore, Timestamp, Edificio) values ('WJJO0945SUAL', 'JWZ86070SJE766', 68, '2010-01-01 10:00:00', 'PVL943J4D0VDC411');
insert into Misurazione (Codice, Sensore, Valore, Timestamp, Edificio) values ('RNGR8138JBHE', 'TJB58577ABG703', 15, '2010-01-01 10:00:00', 'PVL943J4D0VDC411');
insert into Misurazione (Codice, Sensore, Valore, Timestamp, Edificio) values ('MSQP4035JGDC', 'TTU12567GVN268', 74, '2010-06-06 23:45:45', 'PVL943J4D0VDC411');
insert into Misurazione (Codice, Sensore, Valore, Timestamp, Edificio) values ('UORG9694BHPX', 'TER99893UNM601', 14, '2010-06-06 23:45:45', 'FIO864T8K5QRG966');
insert into Misurazione (Codice, Sensore, Valore, Timestamp, Edificio) values ('EDLT9914AJOZ', 'JSD70463XIS044', 72, '2010-01-01 10:00:00', 'FIO864T8K5QRG966');
insert into Misurazione (Codice, Sensore, Valore, Timestamp, Edificio) values ('EKKK2173CEWX', 'BUP89336FPB336', 76, '2010-06-06 23:45:45', 'FIO864T8K5QRG966');
insert into Misurazione (Codice, Sensore, Valore, Timestamp, Edificio) values ('FRAK6340TULF', 'DWY61348BFC468', 29, '2010-01-01 10:00:00', 'FIO864T8K5QRG966');
insert into Misurazione (Codice, Sensore, Valore, Timestamp, Edificio) values ('VXWM4660POYW', 'STC14875BYY717', 15, '2010-06-06 23:45:45', 'FIO864T8K5QRG966');
insert into Misurazione (Codice, Sensore, Valore, Timestamp, Edificio) values ('PJPO6872PVAZ', 'DOY56136SWZ881', 49, '2010-01-01 10:00:00', 'FIO864T8K5QRG966');
insert into Misurazione (Codice, Sensore, Valore, Timestamp, Edificio) values ('LWRL4120RVIP', 'EBK44706PHG836', 41, '2010-01-01 10:00:00', 'FIO864T8K5QRG966');
insert into Misurazione (Codice, Sensore, Valore, Timestamp, Edificio) values ('RVJT0351PSYU', 'VMC18372UBV559', 22, '2010-06-06 23:45:45', 'FIO864T8K5QRG966');
insert into Misurazione (Codice, Sensore, Valore, Timestamp, Edificio) values ('KRFR7904QIXB', 'HKO90275URK809', 48, '2010-06-06 23:45:45', 'FIO864T8K5QRG966');
insert into Misurazione (Codice, Sensore, Valore, Timestamp, Edificio) values ('XOUO2283LJFB', 'ZAZ00960ICV684', 74, '2010-06-06 23:45:45', 'FIO864T8K5QRG966');
insert into Misurazione (Codice, Sensore, Valore, Timestamp, Edificio) values ('NDIX7443FDUU', 'ZVR54621UHO637', 36, '2010-01-01 10:00:00', 'FIO864T8K5QRG966');
insert into Misurazione (Codice, Sensore, Valore, Timestamp, Edificio) values ('UAEJ4991PMZM', 'FIN24524ASL816', 10, '2010-06-06 23:45:45', 'FLH648O9Y4AFZ128');
insert into Misurazione (Codice, Sensore, Valore, Timestamp, Edificio) values ('IUDF7696FVBO', 'YDJ33785AKL328', 49, '2010-01-01 10:00:00', 'FLH648O9Y4AFZ128');
insert into Misurazione (Codice, Sensore, Valore, Timestamp, Edificio) values ('ELTV2095JUTL', 'IQJ05114PFB760', 58, '2010-06-06 23:45:45', 'PVL943J4D0VDC411');
insert into Misurazione (Codice, Sensore, Valore, Timestamp, Edificio) values ('AJLZ2735PAVK', 'SVO32364TAQ737', 35, '2010-01-01 10:00:00', 'PVL943J4D0VDC411');
insert into Misurazione (Codice, Sensore, Valore, Timestamp, Edificio) values ('NWMA4731PGYB', 'JWZ86070SJE766', 43, '2010-06-06 23:45:45', 'PVL943J4D0VDC411');
insert into Misurazione (Codice, Sensore, Valore, Timestamp, Edificio) values ('YTNA3598MASQ', 'TJB58577ABG703', 35, '2010-01-01 10:00:00', 'PVL943J4D0VDC411');
insert into Misurazione (Codice, Sensore, Valore, Timestamp, Edificio) values ('NXPJ2027HYJK', 'TTU12567GVN268', 52, '2010-01-01 10:00:00', 'FIO864T8K5QRG966');
insert into Misurazione (Codice, Sensore, Valore, Timestamp, Edificio) values ('OVXD9813VDWI', 'TER99893UNM601', 48, '2010-01-01 10:00:00', 'FIO864T8K5QRG966');
insert into Misurazione (Codice, Sensore, Valore, Timestamp, Edificio) values ('XKLO0291SONF', 'JSD70463XIS044', 52, '2010-06-06 23:45:45', 'FIO864T8K5QRG966');
insert into Misurazione (Codice, Sensore, Valore, Timestamp, Edificio) values ('BUBN2937LQEK', 'BUP89336FPB336', 11, '2010-06-06 23:45:45', 'FIO864T8K5QRG966');
insert into Misurazione (Codice, Sensore, Valore, Timestamp, Edificio) values ('DTRP2431ULFX', 'DWY61348BFC468', 10, '2010-06-06 23:45:45', 'FIO864T8K5QRG966');
insert into Misurazione (Codice, Sensore, Valore, Timestamp, Edificio) values ('GCXU9572VZJN', 'STC14875BYY717', 64, '2010-06-06 23:45:45', 'FIO864T8K5QRG966');
insert into Misurazione (Codice, Sensore, Valore, Timestamp, Edificio) values ('OXZJ4474WHVZ', 'DOY56136SWZ881', 29, '2010-06-06 23:45:45', 'FIO864T8K5QRG966');
insert into Misurazione (Codice, Sensore, Valore, Timestamp, Edificio) values ('BZWN2102PYCE', 'EBK44706PHG836', 56, '2010-06-06 23:45:45', 'FIO864T8K5QRG966');
insert into Misurazione (Codice, Sensore, Valore, Timestamp, Edificio) values ('HJVL5826LUKE', 'VMC18372UBV559', 52, '2010-01-01 10:00:00', 'FIO864T8K5QRG966');
insert into Misurazione (Codice, Sensore, Valore, Timestamp, Edificio) values ('QHRC9578KJPL', 'HKO90275URK809', 77, '2010-01-01 10:00:00', 'FIO864T8K5QRG966');
insert into Misurazione (Codice, Sensore, Valore, Timestamp, Edificio) values ('FAFM3242XYZJ', 'ZAZ00960ICV684', 51, '2010-06-06 23:45:45', 'FIO864T8K5QRG966');
insert into Misurazione (Codice, Sensore, Valore, Timestamp, Edificio) values ('YICX8871HNLR', 'ZVR54621UHO637', 30, '2010-01-01 10:00:00', 'FLH648O9Y4AFZ128');
insert into Misurazione (Codice, Sensore, Valore, Timestamp, Edificio) values ('ZAMY1920HFWC', 'FIN24524ASL816', 24, '2010-01-01 10:00:00', 'FLH648O9Y4AFZ128');
insert into Misurazione (Codice, Sensore, Valore, Timestamp, Edificio) values ('OQJE6924HQMI', 'YDJ33785AKL328', 40, '2010-01-01 10:00:00', 'PVL943J4D0VDC411');
insert into Misurazione (Codice, Sensore, Valore, Timestamp, Edificio) values ('BFMG2839AEFM', 'IQJ05114PFB760', 66, '2010-01-01 10:00:00', 'PVL943J4D0VDC411');
insert into Misurazione (Codice, Sensore, Valore, Timestamp, Edificio) values ('QITZ1123FEHJ', 'SVO32364TAQ737', 10, '2010-06-06 23:45:45', 'PVL943J4D0VDC411');
insert into Misurazione (Codice, Sensore, Valore, Timestamp, Edificio) values ('GLDL2125VVSH', 'JWZ86070SJE766', 20, '2010-01-01 10:00:00', 'PVL943J4D0VDC411');
insert into Misurazione (Codice, Sensore, Valore, Timestamp, Edificio) values ('CWSQ1760ZAOA', 'TJB58577ABG703', 75, '2010-01-01 10:00:00', 'FIO864T8K5QRG966');
insert into Misurazione (Codice, Sensore, Valore, Timestamp, Edificio) values ('RGOR8232BKNQ', 'TTU12567GVN268', 32, '2010-06-06 23:45:45', 'FIO864T8K5QRG966');
insert into Misurazione (Codice, Sensore, Valore, Timestamp, Edificio) values ('WTCH2917JWTV', 'TER99893UNM601', 70, '2010-01-01 10:00:00', 'FIO864T8K5QRG966');
insert into Misurazione (Codice, Sensore, Valore, Timestamp, Edificio) values ('YSCF2320IFZN', 'JSD70463XIS044', 58, '2010-06-06 23:45:45', 'FIO864T8K5QRG966');
insert into Misurazione (Codice, Sensore, Valore, Timestamp, Edificio) values ('HCSM1513FLMM', 'BUP89336FPB336', 59, '2010-06-06 23:45:45', 'FIO864T8K5QRG966');
insert into Misurazione (Codice, Sensore, Valore, Timestamp, Edificio) values ('YCDF4466YWEA', 'DWY61348BFC468', 62, '2010-01-01 10:00:00', 'FIO864T8K5QRG966');
insert into Misurazione (Codice, Sensore, Valore, Timestamp, Edificio) values ('PWBV2946NIDP', 'STC14875BYY717', 69, '2010-06-06 23:45:45', 'FIO864T8K5QRG966');
insert into Misurazione (Codice, Sensore, Valore, Timestamp, Edificio) values ('VAPK8500IJKB', 'DOY56136SWZ881', 57, '2010-06-06 23:45:45', 'FIO864T8K5QRG966');
insert into Misurazione (Codice, Sensore, Valore, Timestamp, Edificio) values ('DHAW9393PULG', 'EBK44706PHG836', 14, '2010-01-01 10:00:00', 'FIO864T8K5QRG966');
insert into Misurazione (Codice, Sensore, Valore, Timestamp, Edificio) values ('ILYZ4692KGVU', 'VMC18372UBV559', 12, '2010-06-06 23:45:45', 'FIO864T8K5QRG966');
insert into Misurazione (Codice, Sensore, Valore, Timestamp, Edificio) values ('LRYB0324SQZH', 'HKO90275URK809', 64, '2010-01-01 10:00:00', 'FIO864T8K5QRG966');
insert into Misurazione (Codice, Sensore, Valore, Timestamp, Edificio) values ('YJLK3734FXZC', 'ZAZ00960ICV684', 61, '2010-01-01 10:00:00', 'FLH648O9Y4AFZ128');
insert into Misurazione (Codice, Sensore, Valore, Timestamp, Edificio) values ('QHVG9322ABDI', 'ZVR54621UHO637', 59, '2010-01-01 10:00:00', 'FLH648O9Y4AFZ128');
insert into Misurazione (Codice, Sensore, Valore, Timestamp, Edificio) values ('ZQVA6707FKAG', 'FIN24524ASL816', 76, '2010-06-06 23:45:45', 'PVL943J4D0VDC411');
insert into Misurazione (Codice, Sensore, Valore, Timestamp, Edificio) values ('YBXC5970ZDIY', 'YDJ33785AKL328', 61, '2010-06-06 23:45:45', 'PVL943J4D0VDC411');
insert into Misurazione (Codice, Sensore, Valore, Timestamp, Edificio) values ('IZGB5565JXGU', 'IQJ05114PFB760', 55, '2010-01-01 10:00:00', 'PVL943J4D0VDC411');
insert into Misurazione (Codice, Sensore, Valore, Timestamp, Edificio) values ('XTZY7188PZPC', 'SVO32364TAQ737', 11, '2010-01-01 10:00:00', 'PVL943J4D0VDC411');
insert into Misurazione (Codice, Sensore, Valore, Timestamp, Edificio) values ('MDVQ6966ONEK', 'JWZ86070SJE766', 70, '2010-01-01 10:00:00', 'FIO864T8K5QRG966');
insert into Misurazione (Codice, Sensore, Valore, Timestamp, Edificio) values ('BFAE6753JNUZ', 'TJB58577ABG703', 39, '2010-01-01 10:00:00', 'FIO864T8K5QRG966');
insert into Misurazione (Codice, Sensore, Valore, Timestamp, Edificio) values ('PHNF2376RONJ', 'TTU12567GVN268', 22, '2010-06-06 23:45:45', 'FIO864T8K5QRG966');
insert into Misurazione (Codice, Sensore, Valore, Timestamp, Edificio) values ('CIST6020CDWF', 'TER99893UNM601', 57, '2010-01-01 10:00:00', 'FIO864T8K5QRG966');
insert into Misurazione (Codice, Sensore, Valore, Timestamp, Edificio) values ('MQZU6171TJHZ', 'JSD70463XIS044', 58, '2010-01-01 10:00:00', 'FIO864T8K5QRG966');
insert into Misurazione (Codice, Sensore, Valore, Timestamp, Edificio) values ('AIAK9136IENU', 'BUP89336FPB336', 66, '2010-06-06 23:45:45', 'FIO864T8K5QRG966');
insert into Misurazione (Codice, Sensore, Valore, Timestamp, Edificio) values ('VRFT4982DWXI', 'DWY61348BFC468', 75, '2010-01-01 10:00:00', 'FIO864T8K5QRG966');
insert into Misurazione (Codice, Sensore, Valore, Timestamp, Edificio) values ('AARE3618JTLY', 'STC14875BYY717', 12, '2010-01-01 10:00:00', 'FIO864T8K5QRG966');
insert into Misurazione (Codice, Sensore, Valore, Timestamp, Edificio) values ('HLRE6264DMFD', 'DOY56136SWZ881', 72, '2010-01-01 10:00:00', 'FIO864T8K5QRG966');
insert into Misurazione (Codice, Sensore, Valore, Timestamp, Edificio) values ('NRYE1378GYQY', 'EBK44706PHG836', 55, '2010-01-01 10:00:00', 'FIO864T8K5QRG966');
insert into Misurazione (Codice, Sensore, Valore, Timestamp, Edificio) values ('PVPY3360CRWT', 'VMC18372UBV559', 64, '2010-06-06 23:45:45', 'FIO864T8K5QRG966');
insert into Misurazione (Codice, Sensore, Valore, Timestamp, Edificio) values ('VPQT1428FDTK', 'HKO90275URK809', 11, '2010-06-06 23:45:45', 'FLH648O9Y4AFZ128');
insert into Misurazione (Codice, Sensore, Valore, Timestamp, Edificio) values ('PDYT3766ERTG', 'ZAZ00960ICV684', 14, '2010-01-01 10:00:00', 'FLH648O9Y4AFZ128');
insert into Misurazione (Codice, Sensore, Valore, Timestamp, Edificio) values ('GJBN7040RFCO', 'ZVR54621UHO637', 40, '2010-01-01 10:00:00', 'PVL943J4D0VDC411');
insert into Misurazione (Codice, Sensore, Valore, Timestamp, Edificio) values ('SCNV7420BZQO', 'FIN24524ASL816', 41, '2010-01-01 10:00:00', 'PVL943J4D0VDC411');
insert into Misurazione (Codice, Sensore, Valore, Timestamp, Edificio) values ('PZMT6040PLKR', 'YDJ33785AKL328', 68, '2010-06-06 23:45:45', 'PVL943J4D0VDC411');
insert into Misurazione (Codice, Sensore, Valore, Timestamp, Edificio) values ('RENU2495HSKP', 'IQJ05114PFB760', 70, '2010-06-06 23:45:45', 'PVL943J4D0VDC411');
insert into Misurazione (Codice, Sensore, Valore, Timestamp, Edificio) values ('HWPK6112DVMA', 'SVO32364TAQ737', 70, '2010-01-01 10:00:00', 'FIO864T8K5QRG966');
insert into Misurazione (Codice, Sensore, Valore, Timestamp, Edificio) values ('LEEJ9850IDZR', 'JWZ86070SJE766', 26, '2010-01-01 10:00:00', 'FIO864T8K5QRG966');
insert into Misurazione (Codice, Sensore, Valore, Timestamp, Edificio) values ('BOPW6247UCTF', 'TJB58577ABG703', 18, '2010-06-06 23:45:45', 'FIO864T8K5QRG966');
insert into Misurazione (Codice, Sensore, Valore, Timestamp, Edificio) values ('ARTC7415MYJD', 'TTU12567GVN268', 52, '2010-06-06 23:45:45', 'FIO864T8K5QRG966');
insert into Misurazione (Codice, Sensore, Valore, Timestamp, Edificio) values ('UCML5995PJGW', 'TER99893UNM601', 43, '2010-01-01 10:00:00', 'FIO864T8K5QRG966');
insert into Misurazione (Codice, Sensore, Valore, Timestamp, Edificio) values ('RYIR1907NEHI', 'JSD70463XIS044', 30, '2010-06-06 23:45:45', 'FIO864T8K5QRG966');
insert into Misurazione (Codice, Sensore, Valore, Timestamp, Edificio) values ('IZHU3643RPZA', 'BUP89336FPB336', 58, '2010-06-06 23:45:45', 'FIO864T8K5QRG966');
insert into Misurazione (Codice, Sensore, Valore, Timestamp, Edificio) values ('HFLX4255EEYE', 'DWY61348BFC468', 54, '2010-01-01 10:00:00', 'FIO864T8K5QRG966');
insert into Misurazione (Codice, Sensore, Valore, Timestamp, Edificio) values ('SERV7604XAVH', 'STC14875BYY717', 40, '2010-01-01 10:00:00', 'FIO864T8K5QRG966');
insert into Misurazione (Codice, Sensore, Valore, Timestamp, Edificio) values ('SBXL0238GHBK', 'DOY56136SWZ881', 28, '2010-06-06 23:45:45', 'FIO864T8K5QRG966');
insert into Misurazione (Codice, Sensore, Valore, Timestamp, Edificio) values ('AYUJ2966TPVS', 'EBK44706PHG836', 78, '2010-06-06 23:45:45', 'FIO864T8K5QRG966');
insert into Misurazione (Codice, Sensore, Valore, Timestamp, Edificio) values ('POCB4421REWN', 'VMC18372UBV559', 45, '2010-06-06 23:45:45', 'FLH648O9Y4AFZ128');
insert into Misurazione (Codice, Sensore, Valore, Timestamp, Edificio) values ('SPXN2664PCWY', 'HKO90275URK809', 19, '2010-06-06 23:45:45', 'FLH648O9Y4AFZ128');
insert into Misurazione (Codice, Sensore, Valore, Timestamp, Edificio) values ('RZOS6366YDXC', 'ZAZ00960ICV684', 63, '2010-01-01 10:00:00', 'PVL943J4D0VDC411');
insert into Misurazione (Codice, Sensore, Valore, Timestamp, Edificio) values ('FEJP3327SMJT', 'ZVR54621UHO637', 31, '2010-06-06 23:45:45', 'PVL943J4D0VDC411');
insert into Misurazione (Codice, Sensore, Valore, Timestamp, Edificio) values ('CHTA5498LLJJ', 'FIN24524ASL816', 22, '2010-06-06 23:45:45', 'PVL943J4D0VDC411');
insert into Misurazione (Codice, Sensore, Valore, Timestamp, Edificio) values ('LXPM0192MZUS', 'YDJ33785AKL328', 41, '2010-01-01 10:00:00', 'PVL943J4D0VDC411');
insert into Misurazione (Codice, Sensore, Valore, Timestamp, Edificio) values ('ZWRZ7816XWRQ', 'IQJ05114PFB760', 14, '2010-06-06 23:45:45', 'FIO864T8K5QRG966');
insert into Misurazione (Codice, Sensore, Valore, Timestamp, Edificio) values ('CWPI1568ALOG', 'SVO32364TAQ737', 73, '2010-01-01 10:00:00', 'FIO864T8K5QRG966');
insert into Misurazione (Codice, Sensore, Valore, Timestamp, Edificio) values ('HKPH4986IWNR', 'JWZ86070SJE766', 36, '2010-06-06 23:45:45', 'FIO864T8K5QRG966');
insert into Misurazione (Codice, Sensore, Valore, Timestamp, Edificio) values ('FPXL8384QRRC', 'TJB58577ABG703', 23, '2010-01-01 10:00:00', 'FIO864T8K5QRG966');
insert into Misurazione (Codice, Sensore, Valore, Timestamp, Edificio) values ('BWYO2810RVRC', 'TTU12567GVN268', 43, '2010-06-06 23:45:45', 'FIO864T8K5QRG966');
insert into Misurazione (Codice, Sensore, Valore, Timestamp, Edificio) values ('EVXA4867AQKI', 'TER99893UNM601', 18, '2010-01-01 10:00:00', 'FIO864T8K5QRG966');
insert into Misurazione (Codice, Sensore, Valore, Timestamp, Edificio) values ('CAZU0080SQIW', 'JSD70463XIS044', 26, '2010-06-06 23:45:45', 'FIO864T8K5QRG966');
insert into Misurazione (Codice, Sensore, Valore, Timestamp, Edificio) values ('EPQW9326UIAQ', 'BUP89336FPB336', 15, '2010-06-06 23:45:45', 'FIO864T8K5QRG966');
insert into Misurazione (Codice, Sensore, Valore, Timestamp, Edificio) values ('GNUN0831VLFO', 'DWY61348BFC468', 40, '2010-06-06 23:45:45', 'FIO864T8K5QRG966');
insert into Misurazione (Codice, Sensore, Valore, Timestamp, Edificio) values ('UYGB4678GXQJ', 'STC14875BYY717', 55, '2010-01-01 10:00:00', 'FIO864T8K5QRG966');
insert into Misurazione (Codice, Sensore, Valore, Timestamp, Edificio) values ('FJCN5756HAMN', 'DOY56136SWZ881', 77, '2010-06-06 23:45:45', 'FIO864T8K5QRG966');
insert into Misurazione (Codice, Sensore, Valore, Timestamp, Edificio) values ('UTND5544TSDV', 'EBK44706PHG836', 51, '2010-01-01 10:00:00', 'FLH648O9Y4AFZ128');
insert into Misurazione (Codice, Sensore, Valore, Timestamp, Edificio) values ('QVYP0813TJCZ', 'VMC18372UBV559', 34, '2010-01-01 10:00:00', 'FLH648O9Y4AFZ128');
insert into Misurazione (Codice, Sensore, Valore, Timestamp, Edificio) values ('KTSG1479LAJC', 'HKO90275URK809', 65, '2010-06-06 23:45:45', 'PVL943J4D0VDC411');
insert into Misurazione (Codice, Sensore, Valore, Timestamp, Edificio) values ('GGLO2862WUOY', 'ZAZ00960ICV684', 24, '2010-01-01 10:00:00', 'PVL943J4D0VDC411');
insert into Misurazione (Codice, Sensore, Valore, Timestamp, Edificio) values ('XNKP7363LVUR', 'ZVR54621UHO637', 19, '2010-01-01 10:00:00', 'PVL943J4D0VDC411');
insert into Misurazione (Codice, Sensore, Valore, Timestamp, Edificio) values ('KLNZ6463TVTS', 'FIN24524ASL816', 78, '2010-01-01 10:00:00', 'PVL943J4D0VDC411');
insert into Misurazione (Codice, Sensore, Valore, Timestamp, Edificio) values ('NZYP0593GPVG', 'YDJ33785AKL328', 70, '2010-01-01 10:00:00', 'FIO864T8K5QRG966');
insert into Misurazione (Codice, Sensore, Valore, Timestamp, Edificio) values ('ZNDH2893KYYL', 'IQJ05114PFB760', 69, '2010-06-06 23:45:45', 'FIO864T8K5QRG966');
insert into Misurazione (Codice, Sensore, Valore, Timestamp, Edificio) values ('GCOO1457ORHK', 'SVO32364TAQ737', 41, '2010-06-06 23:45:45', 'FIO864T8K5QRG966');
insert into Misurazione (Codice, Sensore, Valore, Timestamp, Edificio) values ('ZCJH5151IGKZ', 'JWZ86070SJE766', 58, '2010-06-06 23:45:45', 'FIO864T8K5QRG966');
insert into Misurazione (Codice, Sensore, Valore, Timestamp, Edificio) values ('EBIU9207RDFS', 'TJB58577ABG703', 32, '2010-06-06 23:45:45', 'FIO864T8K5QRG966');
insert into Misurazione (Codice, Sensore, Valore, Timestamp, Edificio) values ('UOZL3045MQGM', 'TTU12567GVN268', 45, '2010-01-01 10:00:00', 'FIO864T8K5QRG966');
insert into Misurazione (Codice, Sensore, Valore, Timestamp, Edificio) values ('VZBP5234XUXA', 'TER99893UNM601', 17, '2010-06-06 23:45:45', 'FIO864T8K5QRG966');
insert into Misurazione (Codice, Sensore, Valore, Timestamp, Edificio) values ('SIIA6622BXMD', 'JSD70463XIS044', 62, '2010-01-01 10:00:00', 'FIO864T8K5QRG966');
insert into Misurazione (Codice, Sensore, Valore, Timestamp, Edificio) values ('ZQQT0132MQZQ', 'BUP89336FPB336', 67, '2010-01-01 10:00:00', 'FIO864T8K5QRG966');
insert into Misurazione (Codice, Sensore, Valore, Timestamp, Edificio) values ('SJIA3198LGZB', 'DWY61348BFC468', 72, '2010-01-01 10:00:00', 'FIO864T8K5QRG966');
insert into Misurazione (Codice, Sensore, Valore, Timestamp, Edificio) values ('UOZM4066BJEP', 'STC14875BYY717', 42, '2010-06-06 23:45:45', 'FIO864T8K5QRG966');
insert into Misurazione (Codice, Sensore, Valore, Timestamp, Edificio) values ('PKJG4030XRCZ', 'DOY56136SWZ881', 53, '2010-06-06 23:45:45', 'FLH648O9Y4AFZ128');
insert into Misurazione (Codice, Sensore, Valore, Timestamp, Edificio) values ('VRCC5477KQSB', 'EBK44706PHG836', 53, '2010-06-06 23:45:45', 'FLH648O9Y4AFZ128');
insert into Misurazione (Codice, Sensore, Valore, Timestamp, Edificio) values ('ELMC7584XUFF', 'VMC18372UBV559', 21, '2010-01-01 10:00:00', 'PVL943J4D0VDC411');
insert into Misurazione (Codice, Sensore, Valore, Timestamp, Edificio) values ('EDDR6542BLXC', 'HKO90275URK809', 12, '2010-06-06 23:45:45', 'PVL943J4D0VDC411');
insert into Misurazione (Codice, Sensore, Valore, Timestamp, Edificio) values ('VDTE7236JWXL', 'ZAZ00960ICV684', 52, '2010-06-06 23:45:45', 'PVL943J4D0VDC411');
insert into Misurazione (Codice, Sensore, Valore, Timestamp, Edificio) values ('PZKV3973RTKC', 'ZVR54621UHO637', 57, '2010-06-06 23:45:45', 'PVL943J4D0VDC411');
insert into Misurazione (Codice, Sensore, Valore, Timestamp, Edificio) values ('PJXF7838ATZX', 'FIN24524ASL816', 17, '2010-01-01 10:00:00', 'FIO864T8K5QRG966');
insert into Misurazione (Codice, Sensore, Valore, Timestamp, Edificio) values ('BIAX2079YISA', 'YDJ33785AKL328', 64, '2010-06-06 23:45:45', 'FIO864T8K5QRG966');
insert into Misurazione (Codice, Sensore, Valore, Timestamp, Edificio) values ('HWPH3046JGKX', 'IQJ05114PFB760', 15, '2010-06-06 23:45:45', 'FIO864T8K5QRG966');
insert into Misurazione (Codice, Sensore, Valore, Timestamp, Edificio) values ('EGLF8346INSI', 'SVO32364TAQ737', 53, '2010-06-06 23:45:45', 'FIO864T8K5QRG966');
insert into Misurazione (Codice, Sensore, Valore, Timestamp, Edificio) values ('VGMO8507IBFU', 'JWZ86070SJE766', 64, '2010-06-06 23:45:45', 'FIO864T8K5QRG966');
insert into Misurazione (Codice, Sensore, Valore, Timestamp, Edificio) values ('MDCK9804AYWM', 'TJB58577ABG703', 56, '2010-01-01 10:00:00', 'FIO864T8K5QRG966');
insert into Misurazione (Codice, Sensore, Valore, Timestamp, Edificio) values ('AHHA1916LAGR', 'TTU12567GVN268', 17, '2010-01-01 10:00:00', 'FIO864T8K5QRG966');
insert into Misurazione (Codice, Sensore, Valore, Timestamp, Edificio) values ('NGYB3060DNXC', 'TER99893UNM601', 15, '2010-01-01 10:00:00', 'FIO864T8K5QRG966');
insert into Misurazione (Codice, Sensore, Valore, Timestamp, Edificio) values ('CEBU2913AEZA', 'JSD70463XIS044', 74, '2010-01-01 10:00:00', 'FIO864T8K5QRG966');
insert into Misurazione (Codice, Sensore, Valore, Timestamp, Edificio) values ('KSKF6728SJLX', 'BUP89336FPB336', 73, '2010-01-01 10:00:00', 'FIO864T8K5QRG966');
insert into Misurazione (Codice, Sensore, Valore, Timestamp, Edificio) values ('TISV2344ZTMF', 'DWY61348BFC468', 27, '2010-06-06 23:45:45', 'FIO864T8K5QRG966');
insert into Misurazione (Codice, Sensore, Valore, Timestamp, Edificio) values ('UTSO7812MTPV', 'STC14875BYY717', 74, '2010-01-01 10:00:00', 'FLH648O9Y4AFZ128');
insert into Misurazione (Codice, Sensore, Valore, Timestamp, Edificio) values ('PLZR2990YUNV', 'DOY56136SWZ881', 14, '2010-01-01 10:00:00', 'FLH648O9Y4AFZ128');
insert into Misurazione (Codice, Sensore, Valore, Timestamp, Edificio) values ('SDCU2590EOZY', 'EBK44706PHG836', 14, '2010-06-06 23:45:45', 'PVL943J4D0VDC411');
insert into Misurazione (Codice, Sensore, Valore, Timestamp, Edificio) values ('KOJS9574IRYZ', 'VMC18372UBV559', 69, '2010-01-01 10:00:00', 'PVL943J4D0VDC411');
insert into Misurazione (Codice, Sensore, Valore, Timestamp, Edificio) values ('DCTN4904RKEI', 'HKO90275URK809', 30, '2010-06-06 23:45:45', 'PVL943J4D0VDC411');
insert into Misurazione (Codice, Sensore, Valore, Timestamp, Edificio) values ('YEFV9132ALBE', 'ZAZ00960ICV684', 36, '2010-06-06 23:45:45', 'PVL943J4D0VDC411');
insert into Misurazione (Codice, Sensore, Valore, Timestamp, Edificio) values ('KIOX2871VZPL', 'ZVR54621UHO637', 60, '2010-01-01 10:00:00', 'FIO864T8K5QRG966');
insert into Misurazione (Codice, Sensore, Valore, Timestamp, Edificio) values ('ZLKI5818HFCH', 'FIN24524ASL816', 58, '2010-01-01 10:00:00', 'FIO864T8K5QRG966');
insert into Misurazione (Codice, Sensore, Valore, Timestamp, Edificio) values ('KQXD7541BLRX', 'YDJ33785AKL328', 72, '2010-06-06 23:45:45', 'FIO864T8K5QRG966');
insert into Misurazione (Codice, Sensore, Valore, Timestamp, Edificio) values ('TWRN2825HHJY', 'IQJ05114PFB760', 15, '2010-01-01 10:00:00', 'FIO864T8K5QRG966');
insert into Misurazione (Codice, Sensore, Valore, Timestamp, Edificio) values ('IVHL3822LGCS', 'SVO32364TAQ737', 14, '2010-01-01 10:00:00', 'FIO864T8K5QRG966');
insert into Misurazione (Codice, Sensore, Valore, Timestamp, Edificio) values ('SZEN9842KBTY', 'JWZ86070SJE766', 20, '2010-06-06 23:45:45', 'FIO864T8K5QRG966');
insert into Misurazione (Codice, Sensore, Valore, Timestamp, Edificio) values ('OHUY0031WAOK', 'TJB58577ABG703', 58, '2010-01-01 10:00:00', 'FIO864T8K5QRG966');
insert into Misurazione (Codice, Sensore, Valore, Timestamp, Edificio) values ('ZJMF3494TIUT', 'TTU12567GVN268', 14, '2010-01-01 10:00:00', 'FIO864T8K5QRG966');
insert into Misurazione (Codice, Sensore, Valore, Timestamp, Edificio) values ('ZHKP1677UWSG', 'TER99893UNM601', 15, '2010-01-01 10:00:00', 'FIO864T8K5QRG966');
insert into Misurazione (Codice, Sensore, Valore, Timestamp, Edificio) values ('VSIB6674INQF', 'JSD70463XIS044', 23, '2010-01-01 10:00:00', 'FIO864T8K5QRG966');
insert into Misurazione (Codice, Sensore, Valore, Timestamp, Edificio) values ('FFPG3650PEYS', 'BUP89336FPB336', 59, '2010-01-01 10:00:00', 'FIO864T8K5QRG966');
insert into Misurazione (Codice, Sensore, Valore, Timestamp, Edificio) values ('FDXT7129FWYF', 'DWY61348BFC468', 53, '2010-01-01 10:00:00', 'FLH648O9Y4AFZ128');
insert into Misurazione (Codice, Sensore, Valore, Timestamp, Edificio) values ('TWGS5440ZQYL', 'STC14875BYY717', 32, '2010-06-06 23:45:45', 'FLH648O9Y4AFZ128');
insert into Misurazione (Codice, Sensore, Valore, Timestamp, Edificio) values ('VTZD7102BLYF', 'DOY56136SWZ881', 15, '2010-01-01 10:00:00', 'PVL943J4D0VDC411');
insert into Misurazione (Codice, Sensore, Valore, Timestamp, Edificio) values ('RBTF2820KSWI', 'EBK44706PHG836', 11, '2010-06-06 23:45:45', 'PVL943J4D0VDC411');
insert into Misurazione (Codice, Sensore, Valore, Timestamp, Edificio) values ('TCSW8645CRLU', 'VMC18372UBV559', 27, '2010-06-06 23:45:45', 'PVL943J4D0VDC411');
insert into Misurazione (Codice, Sensore, Valore, Timestamp, Edificio) values ('BKHM4258IEBX', 'HKO90275URK809', 37, '2010-06-06 23:45:45', 'PVL943J4D0VDC411');
insert into Misurazione (Codice, Sensore, Valore, Timestamp, Edificio) values ('TLLP7451PXSO', 'ZAZ00960ICV684', 59, '2010-01-01 10:00:00', 'FIO864T8K5QRG966');
insert into Misurazione (Codice, Sensore, Valore, Timestamp, Edificio) values ('UVPZ2928ANIJ', 'ZVR54621UHO637', 68, '2010-06-06 23:45:45', 'FIO864T8K5QRG966');
insert into Misurazione (Codice, Sensore, Valore, Timestamp, Edificio) values ('VHCU1450WAHH', 'FIN24524ASL816', 25, '2010-06-06 23:45:45', 'FIO864T8K5QRG966');
insert into Misurazione (Codice, Sensore, Valore, Timestamp, Edificio) values ('XKMS0617UILU', 'YDJ33785AKL328', 76, '2010-06-06 23:45:45', 'FIO864T8K5QRG966');
insert into Misurazione (Codice, Sensore, Valore, Timestamp, Edificio) values ('GULF2430OXRR', 'IQJ05114PFB760', 15, '2010-01-01 10:00:00', 'FIO864T8K5QRG966');
insert into Misurazione (Codice, Sensore, Valore, Timestamp, Edificio) values ('WZPV0352KTUI', 'SVO32364TAQ737', 30, '2010-01-01 10:00:00', 'FIO864T8K5QRG966');
insert into Misurazione (Codice, Sensore, Valore, Timestamp, Edificio) values ('YSPA3794YVVQ', 'JWZ86070SJE766', 70, '2010-06-06 23:45:45', 'FIO864T8K5QRG966');
insert into Misurazione (Codice, Sensore, Valore, Timestamp, Edificio) values ('RKQZ0399KFLQ', 'TJB58577ABG703', 57, '2010-06-06 23:45:45', 'FIO864T8K5QRG966');
insert into Misurazione (Codice, Sensore, Valore, Timestamp, Edificio) values ('WPOG2947KIGI', 'TTU12567GVN268', 66, '2010-06-06 23:45:45', 'FIO864T8K5QRG966');
insert into Misurazione (Codice, Sensore, Valore, Timestamp, Edificio) values ('RUUU5986HKTS', 'TER99893UNM601', 11, '2010-01-01 10:00:00', 'FIO864T8K5QRG966');
insert into Misurazione (Codice, Sensore, Valore, Timestamp, Edificio) values ('KXNV0944RQSO', 'JSD70463XIS044', 51, '2010-06-06 23:45:45', 'FIO864T8K5QRG966');
insert into Misurazione (Codice, Sensore, Valore, Timestamp, Edificio) values ('ULEH4983GLPW', 'BUP89336FPB336', 67, '2010-01-01 10:00:00', 'FLH648O9Y4AFZ128');
insert into Misurazione (Codice, Sensore, Valore, Timestamp, Edificio) values ('YOWQ8225HMNI', 'DWY61348BFC468', 53, '2010-01-01 10:00:00', 'FLH648O9Y4AFZ128');
insert into Misurazione (Codice, Sensore, Valore, Timestamp, Edificio) values ('GDJU2226PYIC', 'STC14875BYY717', 57, '2010-06-06 23:45:45', 'PVL943J4D0VDC411');
insert into Misurazione (Codice, Sensore, Valore, Timestamp, Edificio) values ('QYLD6978PSQL', 'DOY56136SWZ881', 53, '2010-06-06 23:45:45', 'PVL943J4D0VDC411');
insert into Misurazione (Codice, Sensore, Valore, Timestamp, Edificio) values ('HIHZ4590KIFH', 'EBK44706PHG836', 26, '2010-06-06 23:45:45', 'PVL943J4D0VDC411');
insert into Misurazione (Codice, Sensore, Valore, Timestamp, Edificio) values ('FTWP0664KVCV', 'VMC18372UBV559', 14, '2010-06-06 23:45:45', 'PVL943J4D0VDC411');
insert into Misurazione (Codice, Sensore, Valore, Timestamp, Edificio) values ('UFCN6904IUXX', 'HKO90275URK809', 62, '2010-01-01 10:00:00', 'FIO864T8K5QRG966');
insert into Misurazione (Codice, Sensore, Valore, Timestamp, Edificio) values ('VMXA9772BMUO', 'ZAZ00960ICV684', 31, '2010-01-01 10:00:00', 'FIO864T8K5QRG966');
insert into Misurazione (Codice, Sensore, Valore, Timestamp, Edificio) values ('QJLO2126UBAB', 'ZVR54621UHO637', 30, '2010-06-06 23:45:45', 'FIO864T8K5QRG966');
insert into Misurazione (Codice, Sensore, Valore, Timestamp, Edificio) values ('VDMV0349TTOJ', 'FIN24524ASL816', 41, '2010-06-06 23:45:45', 'FIO864T8K5QRG966');
insert into Misurazione (Codice, Sensore, Valore, Timestamp, Edificio) values ('AYKG5584YIYY', 'YDJ33785AKL328', 65, '2010-06-06 23:45:45', 'FIO864T8K5QRG966');
insert into Misurazione (Codice, Sensore, Valore, Timestamp, Edificio) values ('PUYI7619HLLS', 'IQJ05114PFB760', 43, '2010-06-06 23:45:45', 'FIO864T8K5QRG966');
insert into Misurazione (Codice, Sensore, Valore, Timestamp, Edificio) values ('JZYD3240IOZJ', 'SVO32364TAQ737', 41, '2010-01-01 10:00:00', 'FIO864T8K5QRG966');
insert into Misurazione (Codice, Sensore, Valore, Timestamp, Edificio) values ('MUBR2723JHZH', 'JWZ86070SJE766', 29, '2010-06-06 23:45:45', 'FIO864T8K5QRG966');
insert into Misurazione (Codice, Sensore, Valore, Timestamp, Edificio) values ('ABET5017NCRA', 'TJB58577ABG703', 46, '2010-06-06 23:45:45', 'FIO864T8K5QRG966');
insert into Misurazione (Codice, Sensore, Valore, Timestamp, Edificio) values ('BNTL9858VWEQ', 'TTU12567GVN268', 77, '2010-06-06 23:45:45', 'FIO864T8K5QRG966');
insert into Misurazione (Codice, Sensore, Valore, Timestamp, Edificio) values ('AFNS0418NHSS', 'TER99893UNM601', 41, '2010-01-01 10:00:00', 'FIO864T8K5QRG966');
insert into Misurazione (Codice, Sensore, Valore, Timestamp, Edificio) values ('FUTS4281GEGZ', 'JSD70463XIS044', 47, '2010-06-06 23:45:45', 'FLH648O9Y4AFZ128');
insert into Misurazione (Codice, Sensore, Valore, Timestamp, Edificio) values ('LGIE9272SLVN', 'BUP89336FPB336', 34, '2010-01-01 10:00:00', 'FLH648O9Y4AFZ128');
insert into Misurazione (Codice, Sensore, Valore, Timestamp, Edificio) values ('EUGQ1741OZTS', 'DWY61348BFC468', 20, '2010-01-01 10:00:00', 'PVL943J4D0VDC411');
insert into Misurazione (Codice, Sensore, Valore, Timestamp, Edificio) values ('NNKX9763JYOL', 'STC14875BYY717', 62, '2010-01-01 10:00:00', 'PVL943J4D0VDC411');
insert into Misurazione (Codice, Sensore, Valore, Timestamp, Edificio) values ('YAMT8274PMFX', 'DOY56136SWZ881', 20, '2010-06-06 23:45:45', 'PVL943J4D0VDC411');
insert into Misurazione (Codice, Sensore, Valore, Timestamp, Edificio) values ('IBTJ7541SYTU', 'EBK44706PHG836', 41, '2010-06-06 23:45:45', 'PVL943J4D0VDC411');
insert into Misurazione (Codice, Sensore, Valore, Timestamp, Edificio) values ('OMFB3018HSQO', 'VMC18372UBV559', 51, '2010-01-01 10:00:00', 'FIO864T8K5QRG966');
insert into Misurazione (Codice, Sensore, Valore, Timestamp, Edificio) values ('JRMG0367FVRX', 'HKO90275URK809', 33, '2010-06-06 23:45:45', 'FIO864T8K5QRG966');
insert into Misurazione (Codice, Sensore, Valore, Timestamp, Edificio) values ('XUBX4295KGPR', 'ZAZ00960ICV684', 65, '2010-01-01 10:00:00', 'FIO864T8K5QRG966');
insert into Misurazione (Codice, Sensore, Valore, Timestamp, Edificio) values ('ZRLN0341DRAS', 'ZVR54621UHO637', 53, '2010-01-01 10:00:00', 'FIO864T8K5QRG966');
insert into Misurazione (Codice, Sensore, Valore, Timestamp, Edificio) values ('RBPH4182SPSI', 'FIN24524ASL816', 18, '2010-01-01 10:00:00', 'FIO864T8K5QRG966');
insert into Misurazione (Codice, Sensore, Valore, Timestamp, Edificio) values ('GPSE9194FJKX', 'YDJ33785AKL328', 16, '2010-06-06 23:45:45', 'FIO864T8K5QRG966');
insert into Misurazione (Codice, Sensore, Valore, Timestamp, Edificio) values ('GFZD8438RYZB', 'IQJ05114PFB760', 69, '2010-01-01 10:00:00', 'FIO864T8K5QRG966');
insert into Misurazione (Codice, Sensore, Valore, Timestamp, Edificio) values ('YYTI0838XYTU', 'SVO32364TAQ737', 27, '2010-06-06 23:45:45', 'FIO864T8K5QRG966');
insert into Misurazione (Codice, Sensore, Valore, Timestamp, Edificio) values ('PHBS2288EAQI', 'JWZ86070SJE766', 30, '2010-01-01 10:00:00', 'FIO864T8K5QRG966');
insert into Misurazione (Codice, Sensore, Valore, Timestamp, Edificio) values ('FRWD5263QQIZ', 'TJB58577ABG703', 27, '2010-06-06 23:45:45', 'FIO864T8K5QRG966');
insert into Misurazione (Codice, Sensore, Valore, Timestamp, Edificio) values ('IQBE7840OXSD', 'TTU12567GVN268', 73, '2010-06-06 23:45:45', 'FIO864T8K5QRG966');
insert into Misurazione (Codice, Sensore, Valore, Timestamp, Edificio) values ('FMDN0290OBKS', 'TER99893UNM601', 10, '2010-06-06 23:45:45', 'FLH648O9Y4AFZ128');
insert into Misurazione (Codice, Sensore, Valore, Timestamp, Edificio) values ('PGSW1771NDDJ', 'JSD70463XIS044', 67, '2010-06-06 23:45:45', 'FLH648O9Y4AFZ128');
insert into Misurazione (Codice, Sensore, Valore, Timestamp, Edificio) values ('EIWZ5738XSJH', 'BUP89336FPB336', 51, '2010-01-01 10:00:00', 'PVL943J4D0VDC411');
insert into Misurazione (Codice, Sensore, Valore, Timestamp, Edificio) values ('GXHX9573TDRL', 'DWY61348BFC468', 15, '2010-01-01 10:00:00', 'PVL943J4D0VDC411');
insert into Misurazione (Codice, Sensore, Valore, Timestamp, Edificio) values ('IRJK8203LASU', 'STC14875BYY717', 43, '2010-01-01 10:00:00', 'PVL943J4D0VDC411');
insert into Misurazione (Codice, Sensore, Valore, Timestamp, Edificio) values ('OZAF8917UZXA', 'DOY56136SWZ881', 69, '2010-06-06 23:45:45', 'PVL943J4D0VDC411');
insert into Misurazione (Codice, Sensore, Valore, Timestamp, Edificio) values ('ZBSO1463COTD', 'EBK44706PHG836', 51, '2010-01-01 10:00:00', 'FIO864T8K5QRG966');
insert into Misurazione (Codice, Sensore, Valore, Timestamp, Edificio) values ('ZWBA8925LRKQ', 'VMC18372UBV559', 63, '2010-06-06 23:45:45', 'FIO864T8K5QRG966');
insert into Misurazione (Codice, Sensore, Valore, Timestamp, Edificio) values ('RSRZ4732XRZN', 'HKO90275URK809', 50, '2010-06-06 23:45:45', 'FIO864T8K5QRG966');
insert into Misurazione (Codice, Sensore, Valore, Timestamp, Edificio) values ('YDFE8181ZXYV', 'ZAZ00960ICV684', 13, '2010-01-01 10:00:00', 'FIO864T8K5QRG966');
insert into Misurazione (Codice, Sensore, Valore, Timestamp, Edificio) values ('SRHZ8411TPVQ', 'ZVR54621UHO637', 30, '2010-06-06 23:45:45', 'FIO864T8K5QRG966');
insert into Misurazione (Codice, Sensore, Valore, Timestamp, Edificio) values ('RQEI9901SOMT', 'FIN24524ASL816', 53, '2010-01-01 10:00:00', 'FIO864T8K5QRG966');
insert into Misurazione (Codice, Sensore, Valore, Timestamp, Edificio) values ('JXQS6705ZNXX', 'YDJ33785AKL328', 58, '2010-01-01 10:00:00', 'FIO864T8K5QRG966');
insert into Misurazione (Codice, Sensore, Valore, Timestamp, Edificio) values ('FKDA6503UYSH', 'IQJ05114PFB760', 78, '2010-06-06 23:45:45', 'FIO864T8K5QRG966');
insert into Misurazione (Codice, Sensore, Valore, Timestamp, Edificio) values ('JYCP2454SVTV', 'SVO32364TAQ737', 70, '2010-06-06 23:45:45', 'FIO864T8K5QRG966');
insert into Misurazione (Codice, Sensore, Valore, Timestamp, Edificio) values ('LUBO1093SHPA', 'JWZ86070SJE766', 43, '2010-01-01 10:00:00', 'FIO864T8K5QRG966');
insert into Misurazione (Codice, Sensore, Valore, Timestamp, Edificio) values ('SASN9336BJTY', 'TJB58577ABG703', 26, '2010-01-01 10:00:00', 'FIO864T8K5QRG966');
insert into Misurazione (Codice, Sensore, Valore, Timestamp, Edificio) values ('QLGF8266QKVP', 'TTU12567GVN268', 75, '2010-01-01 10:00:00', 'FLH648O9Y4AFZ128');
insert into Misurazione (Codice, Sensore, Valore, Timestamp, Edificio) values ('GMGF5902OJSW', 'TER99893UNM601', 75, '2010-06-06 23:45:45', 'FLH648O9Y4AFZ128');
insert into Misurazione (Codice, Sensore, Valore, Timestamp, Edificio) values ('GNRD5708KEPB', 'JSD70463XIS044', 69, '2010-01-01 10:00:00', 'PVL943J4D0VDC411');
insert into Misurazione (Codice, Sensore, Valore, Timestamp, Edificio) values ('NFXU4146AEDG', 'BUP89336FPB336', 33, '2010-01-01 10:00:00', 'PVL943J4D0VDC411');
insert into Misurazione (Codice, Sensore, Valore, Timestamp, Edificio) values ('KUHZ5798JOIY', 'DWY61348BFC468', 76, '2010-01-01 10:00:00', 'PVL943J4D0VDC411');
insert into Misurazione (Codice, Sensore, Valore, Timestamp, Edificio) values ('IMJG5420NZLT', 'STC14875BYY717', 60, '2010-01-01 10:00:00', 'PVL943J4D0VDC411');
insert into Misurazione (Codice, Sensore, Valore, Timestamp, Edificio) values ('EJYN6280UQMK', 'DOY56136SWZ881', 60, '2010-06-06 23:45:45', 'FIO864T8K5QRG966');
insert into Misurazione (Codice, Sensore, Valore, Timestamp, Edificio) values ('RFXC1202XQMD', 'EBK44706PHG836', 57, '2010-01-01 10:00:00', 'FIO864T8K5QRG966');
insert into Misurazione (Codice, Sensore, Valore, Timestamp, Edificio) values ('VEXH0333OFVJ', 'VMC18372UBV559', 50, '2010-01-01 10:00:00', 'FIO864T8K5QRG966');
insert into Misurazione (Codice, Sensore, Valore, Timestamp, Edificio) values ('FYSD4888YDBQ', 'HKO90275URK809', 37, '2010-06-06 23:45:45', 'FIO864T8K5QRG966');
insert into Misurazione (Codice, Sensore, Valore, Timestamp, Edificio) values ('MUVD7074XQWS', 'ZAZ00960ICV684', 38, '2010-01-01 10:00:00', 'FIO864T8K5QRG966');
insert into Misurazione (Codice, Sensore, Valore, Timestamp, Edificio) values ('XFEX4397KCZK', 'ZVR54621UHO637', 50, '2010-01-01 10:00:00', 'FIO864T8K5QRG966');
insert into Misurazione (Codice, Sensore, Valore, Timestamp, Edificio) values ('ARJB1487DUGI', 'FIN24524ASL816', 53, '2010-01-01 10:00:00', 'FIO864T8K5QRG966');
insert into Misurazione (Codice, Sensore, Valore, Timestamp, Edificio) values ('HKFU5334CVJR', 'YDJ33785AKL328', 74, '2010-06-06 23:45:45', 'FIO864T8K5QRG966');
insert into Misurazione (Codice, Sensore, Valore, Timestamp, Edificio) values ('TSAH9348XFQS', 'IQJ05114PFB760', 39, '2010-01-01 10:00:00', 'FIO864T8K5QRG966');
insert into Misurazione (Codice, Sensore, Valore, Timestamp, Edificio) values ('SSSC6815BSGN', 'SVO32364TAQ737', 52, '2010-01-01 10:00:00', 'FIO864T8K5QRG966');
insert into Misurazione (Codice, Sensore, Valore, Timestamp, Edificio) values ('SEZV0742ESEK', 'JWZ86070SJE766', 17, '2010-01-01 10:00:00', 'FIO864T8K5QRG966');
insert into Misurazione (Codice, Sensore, Valore, Timestamp, Edificio) values ('FUXS1056OQPG', 'TJB58577ABG703', 60, '2010-06-06 23:45:45', 'FLH648O9Y4AFZ128');
insert into Misurazione (Codice, Sensore, Valore, Timestamp, Edificio) values ('XVSW0793RKZO', 'TTU12567GVN268', 50, '2010-06-06 23:45:45', 'FLH648O9Y4AFZ128');
insert into Misurazione (Codice, Sensore, Valore, Timestamp, Edificio) values ('AKRE8558RPBK', 'TER99893UNM601', 41, '2010-06-06 23:45:45', 'PVL943J4D0VDC411');
insert into Misurazione (Codice, Sensore, Valore, Timestamp, Edificio) values ('PAQG0540VIMU', 'JSD70463XIS044', 45, '2010-01-01 10:00:00', 'PVL943J4D0VDC411');
insert into Misurazione (Codice, Sensore, Valore, Timestamp, Edificio) values ('DIBI6938OQUF', 'BUP89336FPB336', 42, '2010-06-06 23:45:45', 'PVL943J4D0VDC411');
insert into Misurazione (Codice, Sensore, Valore, Timestamp, Edificio) values ('WAJB3942LCPJ', 'DWY61348BFC468', 17, '2010-01-01 10:00:00', 'PVL943J4D0VDC411');
insert into Misurazione (Codice, Sensore, Valore, Timestamp, Edificio) values ('MQVM0349AABT', 'STC14875BYY717', 24, '2010-01-01 10:00:00', 'FIO864T8K5QRG966');
insert into Misurazione (Codice, Sensore, Valore, Timestamp, Edificio) values ('MSRG4554KEUQ', 'DOY56136SWZ881', 30, '2010-01-01 10:00:00', 'FIO864T8K5QRG966');
insert into Misurazione (Codice, Sensore, Valore, Timestamp, Edificio) values ('FIJQ1359BYWT', 'EBK44706PHG836', 16, '2010-06-06 23:45:45', 'FIO864T8K5QRG966');
insert into Misurazione (Codice, Sensore, Valore, Timestamp, Edificio) values ('UIUL9610KIFF', 'VMC18372UBV559', 32, '2010-01-01 10:00:00', 'FIO864T8K5QRG966');
insert into Misurazione (Codice, Sensore, Valore, Timestamp, Edificio) values ('XFJL8710MXHT', 'HKO90275URK809', 61, '2010-01-01 10:00:00', 'FIO864T8K5QRG966');
insert into Misurazione (Codice, Sensore, Valore, Timestamp, Edificio) values ('ECJX7404ZUOK', 'ZAZ00960ICV684', 37, '2010-06-06 23:45:45', 'FIO864T8K5QRG966');
insert into Misurazione (Codice, Sensore, Valore, Timestamp, Edificio) values ('KYCF9743RQSV', 'ZVR54621UHO637', 20, '2010-01-01 10:00:00', 'FIO864T8K5QRG966');
insert into Misurazione (Codice, Sensore, Valore, Timestamp, Edificio) values ('KBRJ4085YKZZ', 'FIN24524ASL816', 68, '2010-06-06 23:45:45', 'FIO864T8K5QRG966');
insert into Misurazione (Codice, Sensore, Valore, Timestamp, Edificio) values ('PMVJ4799PAZQ', 'YDJ33785AKL328', 41, '2010-01-01 10:00:00', 'FIO864T8K5QRG966');
insert into Misurazione (Codice, Sensore, Valore, Timestamp, Edificio) values ('ESSM9647IOAX', 'IQJ05114PFB760', 58, '2010-01-01 10:00:00', 'FIO864T8K5QRG966');
insert into Misurazione (Codice, Sensore, Valore, Timestamp, Edificio) values ('QOXG6065UKON', 'SVO32364TAQ737', 33, '2010-01-01 10:00:00', 'FIO864T8K5QRG966');
insert into Misurazione (Codice, Sensore, Valore, Timestamp, Edificio) values ('AQXV0802DRSL', 'JWZ86070SJE766', 42, '2010-06-06 23:45:45', 'FLH648O9Y4AFZ128');
insert into Misurazione (Codice, Sensore, Valore, Timestamp, Edificio) values ('HXSB5755ASVF', 'TJB58577ABG703', 23, '2010-06-06 23:45:45', 'FLH648O9Y4AFZ128');
insert into Misurazione (Codice, Sensore, Valore, Timestamp, Edificio) values ('PZDX0801TRLY', 'TTU12567GVN268', 55, '2010-01-01 10:00:00', 'PVL943J4D0VDC411');
insert into Misurazione (Codice, Sensore, Valore, Timestamp, Edificio) values ('BEUB4528OHKF', 'TER99893UNM601', 46, '2010-06-06 23:45:45', 'PVL943J4D0VDC411');
insert into Misurazione (Codice, Sensore, Valore, Timestamp, Edificio) values ('NSVA0743UFAS', 'JSD70463XIS044', 58, '2010-01-01 10:00:00', 'PVL943J4D0VDC411');
insert into Misurazione (Codice, Sensore, Valore, Timestamp, Edificio) values ('GUPM3972NNYO', 'BUP89336FPB336', 17, '2010-06-06 23:45:45', 'PVL943J4D0VDC411');
insert into Misurazione (Codice, Sensore, Valore, Timestamp, Edificio) values ('THGC4109FYWF', 'DWY61348BFC468', 57, '2010-01-01 10:00:00', 'FIO864T8K5QRG966');
insert into Misurazione (Codice, Sensore, Valore, Timestamp, Edificio) values ('HYQJ3381KIAD', 'STC14875BYY717', 73, '2010-01-01 10:00:00', 'FIO864T8K5QRG966');
insert into Misurazione (Codice, Sensore, Valore, Timestamp, Edificio) values ('XPDL8360CHHV', 'DOY56136SWZ881', 69, '2010-01-01 10:00:00', 'FIO864T8K5QRG966');
insert into Misurazione (Codice, Sensore, Valore, Timestamp, Edificio) values ('YFMI7910YAXE', 'EBK44706PHG836', 68, '2010-06-06 23:45:45', 'FIO864T8K5QRG966');
insert into Misurazione (Codice, Sensore, Valore, Timestamp, Edificio) values ('KOXI9589WNCN', 'VMC18372UBV559', 46, '2010-01-01 10:00:00', 'FIO864T8K5QRG966');
insert into Misurazione (Codice, Sensore, Valore, Timestamp, Edificio) values ('BBCS5855PXFK', 'HKO90275URK809', 28, '2010-01-01 10:00:00', 'FIO864T8K5QRG966');
insert into Misurazione (Codice, Sensore, Valore, Timestamp, Edificio) values ('LWUH6754ACEF', 'ZAZ00960ICV684', 18, '2010-01-01 10:00:00', 'FIO864T8K5QRG966');
insert into Misurazione (Codice, Sensore, Valore, Timestamp, Edificio) values ('MYWG4032YVHX', 'ZVR54621UHO637', 11, '2010-06-06 23:45:45', 'FIO864T8K5QRG966');
insert into Misurazione (Codice, Sensore, Valore, Timestamp, Edificio) values ('KACV7137ODIC', 'FIN24524ASL816', 56, '2010-01-01 10:00:00', 'FIO864T8K5QRG966');
insert into Misurazione (Codice, Sensore, Valore, Timestamp, Edificio) values ('RKDM0753HGWY', 'YDJ33785AKL328', 26, '2010-01-01 10:00:00', 'FIO864T8K5QRG966');
insert into Misurazione (Codice, Sensore, Valore, Timestamp, Edificio) values ('JEPV9486WJMG', 'IQJ05114PFB760', 13, '2010-01-01 10:00:00', 'FIO864T8K5QRG966');
insert into Misurazione (Codice, Sensore, Valore, Timestamp, Edificio) values ('JLWV2566JROD', 'SVO32364TAQ737', 68, '2010-01-01 10:00:00', 'FLH648O9Y4AFZ128');
insert into Misurazione (Codice, Sensore, Valore, Timestamp, Edificio) values ('LFTS0812QKYJ', 'JWZ86070SJE766', 64, '2010-01-01 10:00:00', 'FLH648O9Y4AFZ128');
insert into Misurazione (Codice, Sensore, Valore, Timestamp, Edificio) values ('QXPS5047ZYAL', 'TJB58577ABG703', 50, '2010-06-06 23:45:45', 'PVL943J4D0VDC411');
insert into Misurazione (Codice, Sensore, Valore, Timestamp, Edificio) values ('RAAK6780IWQH', 'TTU12567GVN268', 24, '2010-06-06 23:45:45', 'PVL943J4D0VDC411');
insert into Misurazione (Codice, Sensore, Valore, Timestamp, Edificio) values ('XHQO9234OQHD', 'TER99893UNM601', 70, '2010-01-01 10:00:00', 'PVL943J4D0VDC411');
insert into Misurazione (Codice, Sensore, Valore, Timestamp, Edificio) values ('VKEL4309DIRE', 'JSD70463XIS044', 57, '2010-01-01 10:00:00', 'PVL943J4D0VDC411');
insert into Misurazione (Codice, Sensore, Valore, Timestamp, Edificio) values ('GDDT0924OKVA', 'BUP89336FPB336', 77, '2010-01-01 10:00:00', 'FIO864T8K5QRG966');
insert into Misurazione (Codice, Sensore, Valore, Timestamp, Edificio) values ('HWBO0290LDBL', 'DWY61348BFC468', 54, '2010-06-06 23:45:45', 'FIO864T8K5QRG966');
insert into Misurazione (Codice, Sensore, Valore, Timestamp, Edificio) values ('VUIC8099FBSA', 'STC14875BYY717', 41, '2010-01-01 10:00:00', 'FIO864T8K5QRG966');
insert into Misurazione (Codice, Sensore, Valore, Timestamp, Edificio) values ('PTIV9432DPKT', 'DOY56136SWZ881', 48, '2010-01-01 10:00:00', 'FIO864T8K5QRG966');
insert into Misurazione (Codice, Sensore, Valore, Timestamp, Edificio) values ('WUVY8650FZAF', 'EBK44706PHG836', 76, '2010-06-06 23:45:45', 'FIO864T8K5QRG966');
insert into Misurazione (Codice, Sensore, Valore, Timestamp, Edificio) values ('KNXU3645IQKU', 'VMC18372UBV559', 71, '2010-01-01 10:00:00', 'FIO864T8K5QRG966');
insert into Misurazione (Codice, Sensore, Valore, Timestamp, Edificio) values ('MMBF5139VAQX', 'HKO90275URK809', 78, '2010-06-06 23:45:45', 'FIO864T8K5QRG966');
insert into Misurazione (Codice, Sensore, Valore, Timestamp, Edificio) values ('XPNE0099UJFO', 'ZAZ00960ICV684', 14, '2010-01-01 10:00:00', 'FIO864T8K5QRG966');
insert into Misurazione (Codice, Sensore, Valore, Timestamp, Edificio) values ('KGSC9441ODGA', 'ZVR54621UHO637', 14, '2010-06-06 23:45:45', 'FIO864T8K5QRG966');
insert into Misurazione (Codice, Sensore, Valore, Timestamp, Edificio) values ('OMTE1410RFUM', 'FIN24524ASL816', 44, '2010-01-01 10:00:00', 'FIO864T8K5QRG966');
insert into Misurazione (Codice, Sensore, Valore, Timestamp, Edificio) values ('GDFN8288XQFY', 'YDJ33785AKL328', 78, '2010-01-01 10:00:00', 'FIO864T8K5QRG966');
insert into Misurazione (Codice, Sensore, Valore, Timestamp, Edificio) values ('SUSO5414LSEE', 'IQJ05114PFB760', 61, '2010-06-06 23:45:45', 'FLH648O9Y4AFZ128');
insert into Misurazione (Codice, Sensore, Valore, Timestamp, Edificio) values ('BPCB0564AWJL', 'SVO32364TAQ737', 51, '2010-01-01 10:00:00', 'FLH648O9Y4AFZ128');
insert into Misurazione (Codice, Sensore, Valore, Timestamp, Edificio) values ('MIRU8776IGTR', 'JWZ86070SJE766', 73, '2010-01-01 10:00:00', 'PVL943J4D0VDC411');
insert into Misurazione (Codice, Sensore, Valore, Timestamp, Edificio) values ('GTSM2210ZELU', 'TJB58577ABG703', 48, '2010-01-01 10:00:00', 'PVL943J4D0VDC411');
insert into Misurazione (Codice, Sensore, Valore, Timestamp, Edificio) values ('OOTC2772MEIP', 'TTU12567GVN268', 52, '2010-06-06 23:45:45', 'PVL943J4D0VDC411');
insert into Misurazione (Codice, Sensore, Valore, Timestamp, Edificio) values ('EFXR7506SSIU', 'TER99893UNM601', 51, '2010-01-01 10:00:00', 'PVL943J4D0VDC411');
insert into Misurazione (Codice, Sensore, Valore, Timestamp, Edificio) values ('DLPW7503HGJJ', 'JSD70463XIS044', 48, '2010-01-01 10:00:00', 'FIO864T8K5QRG966');
insert into Misurazione (Codice, Sensore, Valore, Timestamp, Edificio) values ('RVYE8797IGLH', 'BUP89336FPB336', 14, '2010-01-01 10:00:00', 'FIO864T8K5QRG966');
insert into Misurazione (Codice, Sensore, Valore, Timestamp, Edificio) values ('HLHO2976YGTA', 'DWY61348BFC468', 37, '2010-01-01 10:00:00', 'FIO864T8K5QRG966');
insert into Misurazione (Codice, Sensore, Valore, Timestamp, Edificio) values ('PUWE9249AKEI', 'STC14875BYY717', 57, '2010-06-06 23:45:45', 'FIO864T8K5QRG966');
insert into Misurazione (Codice, Sensore, Valore, Timestamp, Edificio) values ('ULZK7597BJWN', 'DOY56136SWZ881', 10, '2010-01-01 10:00:00', 'FIO864T8K5QRG966');
insert into Misurazione (Codice, Sensore, Valore, Timestamp, Edificio) values ('BBUM9058XWLR', 'EBK44706PHG836', 62, '2010-06-06 23:45:45', 'FIO864T8K5QRG966');
insert into Misurazione (Codice, Sensore, Valore, Timestamp, Edificio) values ('ZQQF3678UNLX', 'VMC18372UBV559', 49, '2010-06-06 23:45:45', 'FIO864T8K5QRG966');
insert into Misurazione (Codice, Sensore, Valore, Timestamp, Edificio) values ('EIAY9500MBFP', 'HKO90275URK809', 19, '2010-01-01 10:00:00', 'FIO864T8K5QRG966');
insert into Misurazione (Codice, Sensore, Valore, Timestamp, Edificio) values ('ZFHO6943MUOM', 'ZAZ00960ICV684', 12, '2010-06-06 23:45:45', 'FIO864T8K5QRG966');
insert into Misurazione (Codice, Sensore, Valore, Timestamp, Edificio) values ('TVQF1456MFKB', 'ZVR54621UHO637', 65, '2010-06-06 23:45:45', 'FIO864T8K5QRG966');
insert into Misurazione (Codice, Sensore, Valore, Timestamp, Edificio) values ('GNNI4461LOFF', 'FIN24524ASL816', 65, '2010-01-01 10:00:00', 'FIO864T8K5QRG966');
insert into Misurazione (Codice, Sensore, Valore, Timestamp, Edificio) values ('TDFZ4221LETO', 'YDJ33785AKL328', 55, '2010-06-06 23:45:45', 'FLH648O9Y4AFZ128');
insert into Misurazione (Codice, Sensore, Valore, Timestamp, Edificio) values ('QNVB2041KQWU', 'IQJ05114PFB760', 58, '2010-06-06 23:45:45', 'FLH648O9Y4AFZ128');
insert into Misurazione (Codice, Sensore, Valore, Timestamp, Edificio) values ('ZBZI0061DEAI', 'SVO32364TAQ737', 42, '2010-01-01 10:00:00', 'PVL943J4D0VDC411');
insert into Misurazione (Codice, Sensore, Valore, Timestamp, Edificio) values ('FSAJ8605NTYD', 'JWZ86070SJE766', 13, '2010-01-01 10:00:00', 'PVL943J4D0VDC411');
insert into Misurazione (Codice, Sensore, Valore, Timestamp, Edificio) values ('LBEF3199PMKZ', 'TJB58577ABG703', 38, '2010-06-06 23:45:45', 'PVL943J4D0VDC411');
insert into Misurazione (Codice, Sensore, Valore, Timestamp, Edificio) values ('CWWJ1263NTXO', 'TTU12567GVN268', 78, '2010-06-06 23:45:45', 'PVL943J4D0VDC411');
insert into Misurazione (Codice, Sensore, Valore, Timestamp, Edificio) values ('IRSD9210KAVA', 'TER99893UNM601', 17, '2010-06-06 23:45:45', 'FIO864T8K5QRG966');
insert into Misurazione (Codice, Sensore, Valore, Timestamp, Edificio) values ('NVXX4605IOBX', 'JSD70463XIS044', 18, '2010-01-01 10:00:00', 'FIO864T8K5QRG966');
insert into Misurazione (Codice, Sensore, Valore, Timestamp, Edificio) values ('HRJY0999HGAN', 'BUP89336FPB336', 46, '2010-06-06 23:45:45', 'FIO864T8K5QRG966');
insert into Misurazione (Codice, Sensore, Valore, Timestamp, Edificio) values ('TKFI5059RXFX', 'DWY61348BFC468', 25, '2010-01-01 10:00:00', 'FIO864T8K5QRG966');
insert into Misurazione (Codice, Sensore, Valore, Timestamp, Edificio) values ('AOUK2592YSRX', 'STC14875BYY717', 42, '2010-01-01 10:00:00', 'FIO864T8K5QRG966');
insert into Misurazione (Codice, Sensore, Valore, Timestamp, Edificio) values ('AAIJ9496FXRJ', 'DOY56136SWZ881', 28, '2010-01-01 10:00:00', 'FIO864T8K5QRG966');
insert into Misurazione (Codice, Sensore, Valore, Timestamp, Edificio) values ('YRMS6534KREL', 'EBK44706PHG836', 70, '2010-01-01 10:00:00', 'FIO864T8K5QRG966');
insert into Misurazione (Codice, Sensore, Valore, Timestamp, Edificio) values ('UTWB0754NDSU', 'VMC18372UBV559', 54, '2010-06-06 23:45:45', 'FIO864T8K5QRG966');
insert into Misurazione (Codice, Sensore, Valore, Timestamp, Edificio) values ('TNES1446URKB', 'HKO90275URK809', 46, '2010-01-01 10:00:00', 'FIO864T8K5QRG966');
insert into Misurazione (Codice, Sensore, Valore, Timestamp, Edificio) values ('HIEX1903HHWK', 'ZAZ00960ICV684', 21, '2010-01-01 10:00:00', 'FIO864T8K5QRG966');
insert into Misurazione (Codice, Sensore, Valore, Timestamp, Edificio) values ('IUGF1510SFOV', 'ZVR54621UHO637', 18, '2010-01-01 10:00:00', 'FIO864T8K5QRG966');
insert into Misurazione (Codice, Sensore, Valore, Timestamp, Edificio) values ('LRUU3955OJIU', 'FIN24524ASL816', 60, '2010-01-01 10:00:00', 'FLH648O9Y4AFZ128');
insert into Misurazione (Codice, Sensore, Valore, Timestamp, Edificio) values ('EGEC0846ZXDW', 'YDJ33785AKL328', 38, '2010-06-06 23:45:45', 'FLH648O9Y4AFZ128');
insert into Misurazione (Codice, Sensore, Valore, Timestamp, Edificio) values ('YHXG0620APON', 'IQJ05114PFB760', 14, '2010-01-01 10:00:00', 'PVL943J4D0VDC411');
insert into Misurazione (Codice, Sensore, Valore, Timestamp, Edificio) values ('MQYD4182HWQE', 'STC14875BYY717', 398, '2017-01-01 10:00:00', 'FIO864T8K5QRG966');
insert into Misurazione (Codice, Sensore, Valore, Timestamp, Edificio) values ('CVEL1276SOIR', 'DOY56136SWZ881', 394, '2017-01-01 10:00:00', 'FIO864T8K5QRG966');
insert into Misurazione (Codice, Sensore, Valore, Timestamp, Edificio) values ('YJHH7945SDBF', 'EBK44706PHG836', 495, '2017-01-01 10:00:00', 'FIO864T8K5QRG966');
insert into Misurazione (Codice, Sensore, Valore, Timestamp, Edificio) values ('LAGE0796YIJJ', 'VMC18372UBV559', 309, '2017-01-01 10:00:00', 'FIO864T8K5QRG966');
insert into Misurazione (Codice, Sensore, Valore, Timestamp, Edificio) values ('GRKP3890SIQF', 'HKO90275URK809', 372, '2017-01-01 10:00:00', 'FIO864T8K5QRG966');
insert into Misurazione (Codice, Sensore, Valore, Timestamp, Edificio) values ('TKJP3947XJEK', 'ZAZ00960ICV684', 394, '2017-01-01 10:00:00', 'FIO864T8K5QRG966');
insert into Misurazione (Codice, Sensore, Valore, Timestamp, Edificio) values ('QCXB6400SKMN', 'ZVR54621UHO637', 382, '2017-01-01 10:00:00', 'FIO864T8K5QRG966');
insert into Misurazione (Codice, Sensore, Valore, Timestamp, Edificio) values ('MQPZ5368PJWN', 'FIN24524ASL816', 390, '2017-01-01 10:00:00', 'FIO864T8K5QRG966');
insert into Misurazione (Codice, Sensore, Valore, Timestamp, Edificio) values ('KXOP1991XQKH', 'YDJ33785AKL328', 301, '2017-01-01 10:00:00', 'FIO864T8K5QRG966');
insert into Misurazione (Codice, Sensore, Valore, Timestamp, Edificio) values ('NFCA9990VVBH', 'IQJ05114PFB760', 307, '2017-01-01 10:00:00', 'FIO864T8K5QRG966');
insert into Misurazione (Codice, Sensore, Valore, Timestamp, Edificio) values ('FDVC0300KKDV', 'SVO32364TAQ737', 369, '2017-01-01 10:00:00', 'FIO864T8K5QRG966');
insert into Misurazione (Codice, Sensore, Valore, Timestamp, Edificio) values ('BPTE2495WSFE', 'JWZ86070SJE766', 436, '2017-01-01 10:00:00', 'FLH648O9Y4AFZ128');
insert into Misurazione (Codice, Sensore, Valore, Timestamp, Edificio) values ('JGWD3225PMBR', 'TJB58577ABG703', 375, '2017-01-01 10:00:00', 'FLH648O9Y4AFZ128');
insert into Misurazione (Codice, Sensore, Valore, Timestamp, Edificio) values ('TNAP6361VAYE', 'TTU12567GVN268', 456, '2017-01-01 10:00:00', 'PVL943J4D0VDC411');
insert into Misurazione (Codice, Sensore, Valore, Timestamp, Edificio) values ('ZJUQ3981EXEH', 'TER99893UNM601', 485, '2017-01-01 10:00:00', 'PVL943J4D0VDC411');
insert into Misurazione (Codice, Sensore, Valore, Timestamp, Edificio) values ('UXBA0920LTZK', 'JSD70463XIS044', 316, '2017-01-01 10:00:00', 'PVL943J4D0VDC411');
insert into Misurazione (Codice, Sensore, Valore, Timestamp, Edificio) values ('RRCX4833QIWN', 'BUP89336FPB336', 321, '2017-01-01 10:00:00', 'PVL943J4D0VDC411');
insert into Misurazione (Codice, Sensore, Valore, Timestamp, Edificio) values ('VSZC4753FSBE', 'DWY61348BFC468', 478, '2017-01-01 10:00:00', 'FIO864T8K5QRG966');
insert into Misurazione (Codice, Sensore, Valore, Timestamp, Edificio) values ('OMQP9278TGSK', 'STC14875BYY717', 412, '2017-01-01 10:00:00', 'FIO864T8K5QRG966');
insert into Misurazione (Codice, Sensore, Valore, Timestamp, Edificio) values ('AZRN7075XDRW', 'DOY56136SWZ881', 492, '2017-01-01 10:00:00', 'FIO864T8K5QRG966');
insert into Misurazione (Codice, Sensore, Valore, Timestamp, Edificio) values ('GXMQ6813CZKJ', 'EBK44706PHG836', 318, '2017-01-01 10:00:00', 'FIO864T8K5QRG966');
insert into Misurazione (Codice, Sensore, Valore, Timestamp, Edificio) values ('SYJP6989CQWK', 'VMC18372UBV559', 349, '2017-01-01 10:00:00', 'FIO864T8K5QRG966');
insert into Misurazione (Codice, Sensore, Valore, Timestamp, Edificio) values ('EWES3779JEZW', 'HKO90275URK809', 469, '2017-01-01 10:00:00', 'FIO864T8K5QRG966');
insert into Misurazione (Codice, Sensore, Valore, Timestamp, Edificio) values ('SBSR5845UAKW', 'ZAZ00960ICV684', 484, '2017-01-01 10:00:00', 'FIO864T8K5QRG966');
insert into Misurazione (Codice, Sensore, Valore, Timestamp, Edificio) values ('WIPC6858CRIZ', 'ZVR54621UHO637', 488, '2017-01-01 10:00:00', 'FIO864T8K5QRG966');
insert into Misurazione (Codice, Sensore, Valore, Timestamp, Edificio) values ('ZPIR2813WLQI', 'FIN24524ASL816', 441, '2017-01-01 10:00:00', 'FIO864T8K5QRG966');
insert into Misurazione (Codice, Sensore, Valore, Timestamp, Edificio) values ('AKTV3791UGJM', 'YDJ33785AKL328', 480, '2017-01-01 10:00:00', 'FIO864T8K5QRG966');
insert into Misurazione (Codice, Sensore, Valore, Timestamp, Edificio) values ('PYXB2305XAQO', 'IQJ05114PFB760', 488, '2017-01-01 10:00:00', 'FIO864T8K5QRG966');
insert into Misurazione (Codice, Sensore, Valore, Timestamp, Edificio) values ('KYYT5408ZAKD', 'SVO32364TAQ737', 470, '2017-01-01 10:00:00', 'FLH648O9Y4AFZ128');
insert into Misurazione (Codice, Sensore, Valore, Timestamp, Edificio) values ('GIZC8777GPIC', 'JWZ86070SJE766', 422, '2017-01-01 10:00:00', 'FLH648O9Y4AFZ128');
insert into Misurazione (Codice, Sensore, Valore, Timestamp, Edificio) values ('VYOJ8826BOGQ', 'TJB58577ABG703', 363, '2017-01-01 10:00:00', 'PVL943J4D0VDC411');
insert into Misurazione (Codice, Sensore, Valore, Timestamp, Edificio) values ('ADOT7159HZVW', 'TTU12567GVN268', 414, '2017-01-01 10:00:00', 'PVL943J4D0VDC411');
insert into Misurazione (Codice, Sensore, Valore, Timestamp, Edificio) values ('PMMZ0122ZWFD', 'TER99893UNM601', 331, '2017-01-01 10:00:00', 'PVL943J4D0VDC411');
insert into Misurazione (Codice, Sensore, Valore, Timestamp, Edificio) values ('XPNF7640HNON', 'JSD70463XIS044', 405, '2017-01-01 10:00:00', 'PVL943J4D0VDC411');
insert into Misurazione (Codice, Sensore, Valore, Timestamp, Edificio) values ('OFGN7540DWWD', 'BUP89336FPB336', 390, '2017-01-01 10:00:00', 'FIO864T8K5QRG966');
insert into Misurazione (Codice, Sensore, Valore, Timestamp, Edificio) values ('WUHG6540IKZG', 'DWY61348BFC468', 353, '2017-01-01 10:00:00', 'FIO864T8K5QRG966');
insert into Misurazione (Codice, Sensore, Valore, Timestamp, Edificio) values ('YIIX4366VEUQ', 'STC14875BYY717', 311, '2017-01-01 10:00:00', 'FIO864T8K5QRG966');
insert into Misurazione (Codice, Sensore, Valore, Timestamp, Edificio) values ('LFTP7570BUZQ', 'DOY56136SWZ881', 378, '2017-01-01 10:00:00', 'FIO864T8K5QRG966');
insert into Misurazione (Codice, Sensore, Valore, Timestamp, Edificio) values ('KQMF9314MBAA', 'EBK44706PHG836', 360, '2017-01-01 10:00:00', 'FIO864T8K5QRG966');
insert into Misurazione (Codice, Sensore, Valore, Timestamp, Edificio) values ('LUPR0349NYTS', 'VMC18372UBV559', 427, '2017-01-01 10:00:00', 'FIO864T8K5QRG966');
insert into Misurazione (Codice, Sensore, Valore, Timestamp, Edificio) values ('SZLT7606PYMM', 'HKO90275URK809', 367, '2017-01-01 10:00:00', 'FIO864T8K5QRG966');
insert into Misurazione (Codice, Sensore, Valore, Timestamp, Edificio) values ('UCTY0526ABLD', 'ZAZ00960ICV684', 300, '2017-01-01 10:00:00', 'FIO864T8K5QRG966');
insert into Misurazione (Codice, Sensore, Valore, Timestamp, Edificio) values ('OJMZ2705ZTIY', 'ZVR54621UHO637', 337, '2017-01-01 10:00:00', 'FIO864T8K5QRG966');
insert into Misurazione (Codice, Sensore, Valore, Timestamp, Edificio) values ('TUEA4082XNQE', 'FIN24524ASL816', 399, '2017-01-01 10:00:00', 'FIO864T8K5QRG966');
insert into Misurazione (Codice, Sensore, Valore, Timestamp, Edificio) values ('CGES4190BAVG', 'YDJ33785AKL328', 398, '2017-01-01 10:00:00', 'FIO864T8K5QRG966');
insert into Misurazione (Codice, Sensore, Valore, Timestamp, Edificio) values ('MHYD1022YBZT', 'IQJ05114PFB760', 483, '2017-01-01 10:00:00', 'FLH648O9Y4AFZ128');
insert into Misurazione (Codice, Sensore, Valore, Timestamp, Edificio) values ('ATBI2962ZEHL', 'SVO32364TAQ737', 438, '2017-01-01 10:00:00', 'FLH648O9Y4AFZ128');
insert into Misurazione (Codice, Sensore, Valore, Timestamp, Edificio) values ('HSBU4599DTBL', 'JWZ86070SJE766', 469, '2017-01-01 10:00:00', 'PVL943J4D0VDC411');
insert into Misurazione (Codice, Sensore, Valore, Timestamp, Edificio) values ('ZCRO2553PPUF', 'TJB58577ABG703', 329, '2017-01-01 10:00:00', 'PVL943J4D0VDC411');
insert into Misurazione (Codice, Sensore, Valore, Timestamp, Edificio) values ('EIXF4862FFCC', 'TTU12567GVN268', 326, '2017-01-01 10:00:00', 'PVL943J4D0VDC411');
insert into Misurazione (Codice, Sensore, Valore, Timestamp, Edificio) values ('YQFW2910BQYZ', 'TER99893UNM601', 308, '2017-01-01 10:00:00', 'PVL943J4D0VDC411');
insert into Misurazione (Codice, Sensore, Valore, Timestamp, Edificio) values ('FQVR6923UINL', 'JSD70463XIS044', 459, '2017-01-01 10:00:00', 'FIO864T8K5QRG966');
insert into Misurazione (Codice, Sensore, Valore, Timestamp, Edificio) values ('FMTD7515IEYO', 'BUP89336FPB336', 305, '2017-01-01 10:00:00', 'FIO864T8K5QRG966');
insert into Misurazione (Codice, Sensore, Valore, Timestamp, Edificio) values ('ZLZM8107FWBE', 'DWY61348BFC468', 435, '2017-01-01 10:00:00', 'FIO864T8K5QRG966');
insert into Misurazione (Codice, Sensore, Valore, Timestamp, Edificio) values ('AHQZ6852AHNM', 'STC14875BYY717', 456, '2017-01-01 10:00:00', 'FIO864T8K5QRG966');
insert into Misurazione (Codice, Sensore, Valore, Timestamp, Edificio) values ('UWVJ4045QUKW', 'DOY56136SWZ881', 451, '2017-01-01 10:00:00', 'FIO864T8K5QRG966');
insert into Misurazione (Codice, Sensore, Valore, Timestamp, Edificio) values ('MUHW1929YGQK', 'EBK44706PHG836', 330, '2017-01-01 10:00:00', 'FIO864T8K5QRG966');
insert into Misurazione (Codice, Sensore, Valore, Timestamp, Edificio) values ('XAPE9104UWNE', 'VMC18372UBV559', 362, '2017-01-01 10:00:00', 'FIO864T8K5QRG966');
insert into Misurazione (Codice, Sensore, Valore, Timestamp, Edificio) values ('VOUA7059DBYY', 'HKO90275URK809', 335, '2017-01-01 10:00:00', 'FIO864T8K5QRG966');
insert into Misurazione (Codice, Sensore, Valore, Timestamp, Edificio) values ('JMGD2919PPVC', 'ZAZ00960ICV684', 364, '2017-01-01 10:00:00', 'FIO864T8K5QRG966');
insert into Misurazione (Codice, Sensore, Valore, Timestamp, Edificio) values ('YOVY3634FYPQ', 'ZVR54621UHO637', 312, '2017-01-01 10:00:00', 'FIO864T8K5QRG966');
insert into Misurazione (Codice, Sensore, Valore, Timestamp, Edificio) values ('XZIH4192PAZD', 'FIN24524ASL816', 443, '2017-01-01 10:00:00', 'FIO864T8K5QRG966');
insert into Misurazione (Codice, Sensore, Valore, Timestamp, Edificio) values ('OMLR7691SLEI', 'YDJ33785AKL328', 371, '2017-01-01 10:00:00', 'FLH648O9Y4AFZ128');
insert into Misurazione (Codice, Sensore, Valore, Timestamp, Edificio) values ('TVKA4564LMRH', 'IQJ05114PFB760', 367, '2017-01-01 10:00:00', 'FLH648O9Y4AFZ128');
insert into Misurazione (Codice, Sensore, Valore, Timestamp, Edificio) values ('KOSH5061RRNH', 'SVO32364TAQ737', 396, '2017-01-01 10:00:00', 'PVL943J4D0VDC411');
insert into Misurazione (Codice, Sensore, Valore, Timestamp, Edificio) values ('MUOH3744OUGI', 'JWZ86070SJE766', 309, '2017-01-01 10:00:00', 'PVL943J4D0VDC411');
insert into Misurazione (Codice, Sensore, Valore, Timestamp, Edificio) values ('QEHK1229QOPJ', 'TJB58577ABG703', 347, '2017-01-01 10:00:00', 'PVL943J4D0VDC411');
insert into Misurazione (Codice, Sensore, Valore, Timestamp, Edificio) values ('DDJD8532VDMN', 'TTU12567GVN268', 473, '2017-01-01 10:00:00', 'PVL943J4D0VDC411');
insert into Misurazione (Codice, Sensore, Valore, Timestamp, Edificio) values ('QPGV7856QALT', 'TER99893UNM601', 356, '2017-01-01 10:00:00', 'FIO864T8K5QRG966');
insert into Misurazione (Codice, Sensore, Valore, Timestamp, Edificio) values ('OWFE9386HVSV', 'JSD70463XIS044', 402, '2017-01-01 10:00:00', 'FIO864T8K5QRG966');
insert into Misurazione (Codice, Sensore, Valore, Timestamp, Edificio) values ('JWUJ2345LRJI', 'BUP89336FPB336', 303, '2017-01-01 10:00:00', 'FIO864T8K5QRG966');
insert into Misurazione (Codice, Sensore, Valore, Timestamp, Edificio) values ('OEFZ7905PMAG', 'DWY61348BFC468', 346, '2017-01-01 10:00:00', 'FIO864T8K5QRG966');
insert into Misurazione (Codice, Sensore, Valore, Timestamp, Edificio) values ('JPSO1120HKJN', 'STC14875BYY717', 429, '2017-01-01 10:00:00', 'FIO864T8K5QRG966');
insert into Misurazione (Codice, Sensore, Valore, Timestamp, Edificio) values ('GWUA1482VJMI', 'DOY56136SWZ881', 487, '2017-01-01 10:00:00', 'FIO864T8K5QRG966');
insert into Misurazione (Codice, Sensore, Valore, Timestamp, Edificio) values ('VQWH1978YBMZ', 'EBK44706PHG836', 490, '2017-01-01 10:00:00', 'FIO864T8K5QRG966');
insert into Misurazione (Codice, Sensore, Valore, Timestamp, Edificio) values ('AGQY8544FHZW', 'VMC18372UBV559', 357, '2017-01-01 10:00:00', 'FIO864T8K5QRG966');
insert into Misurazione (Codice, Sensore, Valore, Timestamp, Edificio) values ('ESYJ4734ETBR', 'HKO90275URK809', 459, '2017-01-01 10:00:00', 'FIO864T8K5QRG966');
insert into Misurazione (Codice, Sensore, Valore, Timestamp, Edificio) values ('JDWA8479NAFY', 'ZAZ00960ICV684', 452, '2017-01-01 10:00:00', 'FIO864T8K5QRG966');
insert into Misurazione (Codice, Sensore, Valore, Timestamp, Edificio) values ('PIUP0497KEPO', 'ZVR54621UHO637', 346, '2017-01-01 10:00:00', 'FIO864T8K5QRG966');
insert into Misurazione (Codice, Sensore, Valore, Timestamp, Edificio) values ('JTYH2540DXNV', 'FIN24524ASL816', 337, '2017-01-01 10:00:00', 'FLH648O9Y4AFZ128');
insert into Misurazione (Codice, Sensore, Valore, Timestamp, Edificio) values ('EPVY7654RDNN', 'YDJ33785AKL328', 491, '2017-01-01 10:00:00', 'FLH648O9Y4AFZ128');
insert into Misurazione (Codice, Sensore, Valore, Timestamp, Edificio) values ('FPEA2664ALDH', 'IQJ05114PFB760', 453, '2017-01-01 10:00:00', 'PVL943J4D0VDC411');
insert into Misurazione (Codice, Sensore, Valore, Timestamp, Edificio) values ('JXDT8915LEDP', 'SVO32364TAQ737', 357, '2017-01-01 10:00:00', 'PVL943J4D0VDC411');
insert into Misurazione (Codice, Sensore, Valore, Timestamp, Edificio) values ('SYPB1423JGLY', 'JWZ86070SJE766', 380, '2017-01-01 10:00:00', 'PVL943J4D0VDC411');
insert into Misurazione (Codice, Sensore, Valore, Timestamp, Edificio) values ('USLS3053AOBS', 'TJB58577ABG703', 311, '2017-01-01 10:00:00', 'PVL943J4D0VDC411');
insert into Misurazione (Codice, Sensore, Valore, Timestamp, Edificio) values ('HLSH0352IJFI', 'TTU12567GVN268', 437, '2017-01-01 10:00:00', 'FIO864T8K5QRG966');
insert into Misurazione (Codice, Sensore, Valore, Timestamp, Edificio) values ('WATR4991WBSM', 'TER99893UNM601', 327, '2017-01-01 10:00:00', 'FIO864T8K5QRG966');
insert into Misurazione (Codice, Sensore, Valore, Timestamp, Edificio) values ('JHUQ0305PSDO', 'JSD70463XIS044', 402, '2017-01-01 10:00:00', 'FIO864T8K5QRG966');
insert into Misurazione (Codice, Sensore, Valore, Timestamp, Edificio) values ('TQBU1902QNTH', 'BUP89336FPB336', 372, '2017-01-01 10:00:00', 'FIO864T8K5QRG966');
insert into Misurazione (Codice, Sensore, Valore, Timestamp, Edificio) values ('GIWP3222XSHJ', 'DWY61348BFC468', 411, '2017-01-01 10:00:00', 'FIO864T8K5QRG966');
insert into Misurazione (Codice, Sensore, Valore, Timestamp, Edificio) values ('KNBT4464TOYB', 'STC14875BYY717', 469, '2017-01-01 10:00:00', 'FIO864T8K5QRG966');
insert into Misurazione (Codice, Sensore, Valore, Timestamp, Edificio) values ('MQAN6917IQQN', 'DOY56136SWZ881', 438, '2017-01-01 10:00:00', 'FIO864T8K5QRG966');
insert into Misurazione (Codice, Sensore, Valore, Timestamp, Edificio) values ('BJPZ1808PNRV', 'EBK44706PHG836', 462, '2017-01-01 10:00:00', 'FIO864T8K5QRG966');
insert into Misurazione (Codice, Sensore, Valore, Timestamp, Edificio) values ('BYQB1512HJJB', 'VMC18372UBV559', 397, '2017-01-01 10:00:00', 'FIO864T8K5QRG966');
insert into Misurazione (Codice, Sensore, Valore, Timestamp, Edificio) values ('BELM2190JPXT', 'HKO90275URK809', 480, '2017-01-01 10:00:00', 'FIO864T8K5QRG966');
insert into Misurazione (Codice, Sensore, Valore, Timestamp, Edificio) values ('QKFO7183ANRW', 'ZAZ00960ICV684', 477, '2017-01-01 10:00:00', 'FIO864T8K5QRG966');
insert into Misurazione (Codice, Sensore, Valore, Timestamp, Edificio) values ('XMFI6858QBVG', 'ZVR54621UHO637', 335, '2017-01-01 10:00:00', 'FLH648O9Y4AFZ128');
insert into Misurazione (Codice, Sensore, Valore, Timestamp, Edificio) values ('AYHM4504WZQW', 'FIN24524ASL816', 416, '2017-01-01 10:00:00', 'FLH648O9Y4AFZ128');
insert into Misurazione (Codice, Sensore, Valore, Timestamp, Edificio) values ('RYCK9091WVNL', 'YDJ33785AKL328', 319, '2017-01-01 10:00:00', 'PVL943J4D0VDC411');
insert into Misurazione (Codice, Sensore, Valore, Timestamp, Edificio) values ('PHBC1683GHII', 'IQJ05114PFB760', 474, '2017-01-01 10:00:00', 'PVL943J4D0VDC411');

insert into Alert (Codice, Timestamp, Misurazione) values ('71321272', '2017-01-01 10:00:00', 'ADOT7159HZVW');
insert into Alert (Codice, Timestamp, Misurazione) values ('65626273', '2017-01-01 10:00:00', 'AGQY8544FHZW');
insert into Alert (Codice, Timestamp, Misurazione) values ('12004454', '2017-01-01 10:00:00', 'AHQZ6852AHNM');
insert into Alert (Codice, Timestamp, Misurazione) values ('88248445', '2017-01-01 10:00:00', 'AKTV3791UGJM');
insert into Alert (Codice, Timestamp, Misurazione) values ('11389191', '2017-01-01 10:00:00', 'ATBI2962ZEHL');
insert into Alert (Codice, Timestamp, Misurazione) values ('02813204', '2017-01-01 10:00:00', 'AYHM4504WZQW');
insert into Alert (Codice, Timestamp, Misurazione) values ('50405424', '2017-01-01 10:00:00', 'AZRN7075XDRW');
insert into Alert (Codice, Timestamp, Misurazione) values ('72622221', '2017-01-01 10:00:00', 'BELM2190JPXT');
insert into Alert (Codice, Timestamp, Misurazione) values ('68625656', '2017-01-01 10:00:00', 'BJPZ1808PNRV');
insert into Alert (Codice, Timestamp, Misurazione) values ('31487981', '2017-01-01 10:00:00', 'BPTE2495WSFE');
insert into Alert (Codice, Timestamp, Misurazione) values ('30785572', '2017-01-01 10:00:00', 'BYQB1512HJJB');
insert into Alert (Codice, Timestamp, Misurazione) values ('87109944', '2017-01-01 10:00:00', 'CGES4190BAVG');
insert into Alert (Codice, Timestamp, Misurazione) values ('34166551', '2017-01-01 10:00:00', 'CVEL1276SOIR');
insert into Alert (Codice, Timestamp, Misurazione) values ('96233130', '2017-01-01 10:00:00', 'DDJD8532VDMN');
insert into Alert (Codice, Timestamp, Misurazione) values ('26624099', '2017-01-01 10:00:00', 'EIXF4862FFCC');
insert into Alert (Codice, Timestamp, Misurazione) values ('51386253', '2017-01-01 10:00:00', 'EPVY7654RDNN');
insert into Alert (Codice, Timestamp, Misurazione) values ('74873087', '2017-01-01 10:00:00', 'ESYJ4734ETBR');
insert into Alert (Codice, Timestamp, Misurazione) values ('67181031', '2017-01-01 10:00:00', 'EWES3779JEZW');
insert into Alert (Codice, Timestamp, Misurazione) values ('14589716', '2017-01-01 10:00:00', 'FDVC0300KKDV');
insert into Alert (Codice, Timestamp, Misurazione) values ('51144755', '2017-01-01 10:00:00', 'FMTD7515IEYO');
insert into Alert (Codice, Timestamp, Misurazione) values ('28171994', '2017-01-01 10:00:00', 'FPEA2664ALDH');
insert into Alert (Codice, Timestamp, Misurazione) values ('29016308', '2017-01-01 10:00:00', 'FQVR6923UINL');
insert into Alert (Codice, Timestamp, Misurazione) values ('17505074', '2017-01-01 10:00:00', 'GIWP3222XSHJ');
insert into Alert (Codice, Timestamp, Misurazione) values ('69683000', '2017-01-01 10:00:00', 'GIZC8777GPIC');
insert into Alert (Codice, Timestamp, Misurazione) values ('13385491', '2017-01-01 10:00:00', 'GRKP3890SIQF');
insert into Alert (Codice, Timestamp, Misurazione) values ('97222547', '2017-01-01 10:00:00', 'GWUA1482VJMI');
insert into Alert (Codice, Timestamp, Misurazione) values ('88537935', '2017-01-01 10:00:00', 'GXMQ6813CZKJ');
insert into Alert (Codice, Timestamp, Misurazione) values ('80039327', '2017-01-01 10:00:00', 'HLSH0352IJFI');
insert into Alert (Codice, Timestamp, Misurazione) values ('86770899', '2017-01-01 10:00:00', 'HSBU4599DTBL');
insert into Alert (Codice, Timestamp, Misurazione) values ('30220959', '2017-01-01 10:00:00', 'JDWA8479NAFY');
insert into Alert (Codice, Timestamp, Misurazione) values ('58918436', '2017-01-01 10:00:00', 'JGWD3225PMBR');
insert into Alert (Codice, Timestamp, Misurazione) values ('96827313', '2017-01-01 10:00:00', 'JHUQ0305PSDO');
insert into Alert (Codice, Timestamp, Misurazione) values ('65366033', '2017-01-01 10:00:00', 'JMGD2919PPVC');
insert into Alert (Codice, Timestamp, Misurazione) values ('36385489', '2017-01-01 10:00:00', 'JPSO1120HKJN');
insert into Alert (Codice, Timestamp, Misurazione) values ('22234146', '2017-01-01 10:00:00', 'JTYH2540DXNV');
insert into Alert (Codice, Timestamp, Misurazione) values ('98780805', '2017-01-01 10:00:00', 'JWUJ2345LRJI');
insert into Alert (Codice, Timestamp, Misurazione) values ('62375949', '2017-01-01 10:00:00', 'JXDT8915LEDP');
insert into Alert (Codice, Timestamp, Misurazione) values ('94474853', '2017-01-01 10:00:00', 'KNBT4464TOYB');
insert into Alert (Codice, Timestamp, Misurazione) values ('02614442', '2017-01-01 10:00:00', 'KOSH5061RRNH');
insert into Alert (Codice, Timestamp, Misurazione) values ('90860756', '2017-01-01 10:00:00', 'KQMF9314MBAA');
insert into Alert (Codice, Timestamp, Misurazione) values ('77047508', '2017-01-01 10:00:00', 'KXOP1991XQKH');
insert into Alert (Codice, Timestamp, Misurazione) values ('73726272', '2017-01-01 10:00:00', 'KYYT5408ZAKD');
insert into Alert (Codice, Timestamp, Misurazione) values ('20026655', '2017-01-01 10:00:00', 'LAGE0796YIJJ');
insert into Alert (Codice, Timestamp, Misurazione) values ('57021236', '2017-01-01 10:00:00', 'LFTP7570BUZQ');
insert into Alert (Codice, Timestamp, Misurazione) values ('22672392', '2017-01-01 10:00:00', 'LUPR0349NYTS');
insert into Alert (Codice, Timestamp, Misurazione) values ('62167396', '2017-01-01 10:00:00', 'MHYD1022YBZT');
insert into Alert (Codice, Timestamp, Misurazione) values ('01656636', '2017-01-01 10:00:00', 'MQAN6917IQQN');
insert into Alert (Codice, Timestamp, Misurazione) values ('69671075', '2017-01-01 10:00:00', 'MQPZ5368PJWN');
insert into Alert (Codice, Timestamp, Misurazione) values ('93101032', '2017-01-01 10:00:00', 'MQYD4182HWQE');
insert into Alert (Codice, Timestamp, Misurazione) values ('02518197', '2017-01-01 10:00:00', 'MUHW1929YGQK');
insert into Alert (Codice, Timestamp, Misurazione) values ('64132345', '2017-01-01 10:00:00', 'MUOH3744OUGI');
insert into Alert (Codice, Timestamp, Misurazione) values ('47233173', '2017-01-01 10:00:00', 'NFCA9990VVBH');
insert into Alert (Codice, Timestamp, Misurazione) values ('65448356', '2017-01-01 10:00:00', 'OEFZ7905PMAG');
insert into Alert (Codice, Timestamp, Misurazione) values ('10327665', '2017-01-01 10:00:00', 'OFGN7540DWWD');
insert into Alert (Codice, Timestamp, Misurazione) values ('25078005', '2017-01-01 10:00:00', 'OJMZ2705ZTIY');
insert into Alert (Codice, Timestamp, Misurazione) values ('60613944', '2017-01-01 10:00:00', 'OMLR7691SLEI');
insert into Alert (Codice, Timestamp, Misurazione) values ('01879942', '2017-01-01 10:00:00', 'OMQP9278TGSK');
insert into Alert (Codice, Timestamp, Misurazione) values ('61920148', '2017-01-01 10:00:00', 'OWFE9386HVSV');
insert into Alert (Codice, Timestamp, Misurazione) values ('13480607', '2017-01-01 10:00:00', 'PHBC1683GHII');
insert into Alert (Codice, Timestamp, Misurazione) values ('52586215', '2017-01-01 10:00:00', 'PIUP0497KEPO');
insert into Alert (Codice, Timestamp, Misurazione) values ('91229558', '2017-01-01 10:00:00', 'PMMZ0122ZWFD');
insert into Alert (Codice, Timestamp, Misurazione) values ('57375493', '2017-01-01 10:00:00', 'PYXB2305XAQO');
insert into Alert (Codice, Timestamp, Misurazione) values ('52576189', '2017-01-01 10:00:00', 'QCXB6400SKMN');
insert into Alert (Codice, Timestamp, Misurazione) values ('36772634', '2017-01-01 10:00:00', 'QEHK1229QOPJ');
insert into Alert (Codice, Timestamp, Misurazione) values ('14659514', '2017-01-01 10:00:00', 'QKFO7183ANRW');
insert into Alert (Codice, Timestamp, Misurazione) values ('71359134', '2017-01-01 10:00:00', 'QPGV7856QALT');
insert into Alert (Codice, Timestamp, Misurazione) values ('17283559', '2017-01-01 10:00:00', 'RRCX4833QIWN');
insert into Alert (Codice, Timestamp, Misurazione) values ('69000491', '2017-01-01 10:00:00', 'RYCK9091WVNL');
insert into Alert (Codice, Timestamp, Misurazione) values ('06242208', '2017-01-01 10:00:00', 'SBSR5845UAKW');
insert into Alert (Codice, Timestamp, Misurazione) values ('27467779', '2017-01-01 10:00:00', 'SYJP6989CQWK');
insert into Alert (Codice, Timestamp, Misurazione) values ('39091956', '2017-01-01 10:00:00', 'SYPB1423JGLY');
insert into Alert (Codice, Timestamp, Misurazione) values ('46931792', '2017-01-01 10:00:00', 'SZLT7606PYMM');
insert into Alert (Codice, Timestamp, Misurazione) values ('57759994', '2017-01-01 10:00:00', 'TKJP3947XJEK');
insert into Alert (Codice, Timestamp, Misurazione) values ('52151407', '2017-01-01 10:00:00', 'TNAP6361VAYE');
insert into Alert (Codice, Timestamp, Misurazione) values ('30956316', '2017-01-01 10:00:00', 'TQBU1902QNTH');
insert into Alert (Codice, Timestamp, Misurazione) values ('04860498', '2017-01-01 10:00:00', 'TUEA4082XNQE');
insert into Alert (Codice, Timestamp, Misurazione) values ('77334685', '2017-01-01 10:00:00', 'TVKA4564LMRH');
insert into Alert (Codice, Timestamp, Misurazione) values ('25160798', '2017-01-01 10:00:00', 'UCTY0526ABLD');
insert into Alert (Codice, Timestamp, Misurazione) values ('30998853', '2017-01-01 10:00:00', 'USLS3053AOBS');
insert into Alert (Codice, Timestamp, Misurazione) values ('82714435', '2017-01-01 10:00:00', 'UWVJ4045QUKW');
insert into Alert (Codice, Timestamp, Misurazione) values ('58006002', '2017-01-01 10:00:00', 'UXBA0920LTZK');
insert into Alert (Codice, Timestamp, Misurazione) values ('68438115', '2017-01-01 10:00:00', 'VOUA7059DBYY');
insert into Alert (Codice, Timestamp, Misurazione) values ('30760793', '2017-01-01 10:00:00', 'VQWH1978YBMZ');
insert into Alert (Codice, Timestamp, Misurazione) values ('78756562', '2017-01-01 10:00:00', 'VSZC4753FSBE');
insert into Alert (Codice, Timestamp, Misurazione) values ('09769149', '2017-01-01 10:00:00', 'VYOJ8826BOGQ');
insert into Alert (Codice, Timestamp, Misurazione) values ('91410317', '2017-01-01 10:00:00', 'WATR4991WBSM');
insert into Alert (Codice, Timestamp, Misurazione) values ('57917404', '2017-01-01 10:00:00', 'WIPC6858CRIZ');
insert into Alert (Codice, Timestamp, Misurazione) values ('03220897', '2017-01-01 10:00:00', 'WUHG6540IKZG');
insert into Alert (Codice, Timestamp, Misurazione) values ('74912718', '2017-01-01 10:00:00', 'XAPE9104UWNE');
insert into Alert (Codice, Timestamp, Misurazione) values ('92524862', '2017-01-01 10:00:00', 'XMFI6858QBVG');
insert into Alert (Codice, Timestamp, Misurazione) values ('06063324', '2017-01-01 10:00:00', 'XPNF7640HNON');
insert into Alert (Codice, Timestamp, Misurazione) values ('88104265', '2017-01-01 10:00:00', 'XZIH4192PAZD');
insert into Alert (Codice, Timestamp, Misurazione) values ('04433210', '2017-01-01 10:00:00', 'YIIX4366VEUQ');
insert into Alert (Codice, Timestamp, Misurazione) values ('85964912', '2017-01-01 10:00:00', 'YJHH7945SDBF');
insert into Alert (Codice, Timestamp, Misurazione) values ('36527274', '2017-01-01 10:00:00', 'YOVY3634FYPQ');
insert into Alert (Codice, Timestamp, Misurazione) values ('45226184', '2017-01-01 10:00:00', 'YQFW2910BQYZ');
insert into Alert (Codice, Timestamp, Misurazione) values ('18989745', '2017-01-01 10:00:00', 'ZCRO2553PPUF');
insert into Alert (Codice, Timestamp, Misurazione) values ('47599595', '2017-01-01 10:00:00', 'ZJUQ3981EXEH');
insert into Alert (Codice, Timestamp, Misurazione) values ('03573834', '2017-01-01 10:00:00', 'ZLZM8107FWBE');
insert into Alert (Codice, Timestamp, Misurazione) values ('76107801', '2017-01-01 10:00:00', 'ZPIR2813WLQI');

insert into MisurazioneTriassiale (Codice, Sensore, ValoreX, ValoreY, ValoreZ, Timestamp, Edificio) values ('SCIM3668EKDX', 'ZWF12070VFH819', 8.9, 16.0, 5.5, '2018-01-01 10:00:00', 'PVL943J4D0VDC411');
insert into MisurazioneTriassiale (Codice, Sensore, ValoreX, ValoreY, ValoreZ, Timestamp, Edificio) values ('TCYT0775UTJU', 'MTL05564SWI659', 13.1, 1.8, 6.9, '2018-01-01 10:00:00', 'FIO864T8K5QRG966');
insert into MisurazioneTriassiale (Codice, Sensore, ValoreX, ValoreY, ValoreZ, Timestamp, Edificio) values ('AAZT9268HOIX', 'ZWF12070VFH819', 2.5, 16.2, 15.0, '2018-01-01 10:00:00', 'PVL943J4D0VDC411');
insert into MisurazioneTriassiale (Codice, Sensore, ValoreX, ValoreY, ValoreZ, Timestamp, Edificio) values ('JZID5600FIRA', 'MTL05564SWI659', 12.1, 9.4, 11.7, '2018-01-01 10:00:00', 'FIO864T8K5QRG966');
insert into MisurazioneTriassiale (Codice, Sensore, ValoreX, ValoreY, ValoreZ, Timestamp, Edificio) values ('PCRK9770EGLB', 'ZWF12070VFH819', 7.2, 13.7, 7.2, '2018-01-01 10:00:00', 'PVL943J4D0VDC411');
insert into MisurazioneTriassiale (Codice, Sensore, ValoreX, ValoreY, ValoreZ, Timestamp, Edificio) values ('WTWH0956ONVD', 'MTL05564SWI659', 0.6, 19.6, 0.2, '2018-01-01 10:00:00', 'FIO864T8K5QRG966');
insert into MisurazioneTriassiale (Codice, Sensore, ValoreX, ValoreY, ValoreZ, Timestamp, Edificio) values ('TRDX8629FFHV', 'ZWF12070VFH819', 0.3, 9.6, 4.4, '2018-01-01 10:00:00', 'PVL943J4D0VDC411');
insert into MisurazioneTriassiale (Codice, Sensore, ValoreX, ValoreY, ValoreZ, Timestamp, Edificio) values ('IKPZ2595EVEC', 'MTL05564SWI659', 15.8, 6.3, 11.2, '2018-01-01 10:00:00', 'FIO864T8K5QRG966');
insert into MisurazioneTriassiale (Codice, Sensore, ValoreX, ValoreY, ValoreZ, Timestamp, Edificio) values ('OGBF9756NDKQ', 'ZWF12070VFH819', 18.8, 3.4, 8.8, '2018-01-01 10:00:00', 'PVL943J4D0VDC411');
insert into MisurazioneTriassiale (Codice, Sensore, ValoreX, ValoreY, ValoreZ, Timestamp, Edificio) values ('RBDF9480KQVJ', 'MTL05564SWI659', 16.2, 9.5, 13.9, '2018-01-01 10:00:00', 'FIO864T8K5QRG966');
insert into MisurazioneTriassiale (Codice, Sensore, ValoreX, ValoreY, ValoreZ, Timestamp, Edificio) values ('KHRB1740MQZG', 'ZWF12070VFH819', 19.6, 12.6, 16.0, '2018-01-01 10:00:00', 'PVL943J4D0VDC411');
insert into MisurazioneTriassiale (Codice, Sensore, ValoreX, ValoreY, ValoreZ, Timestamp, Edificio) values ('WFOV5768BUBJ', 'MTL05564SWI659', 5.8, 15.7, 0.5, '2018-01-01 10:00:00', 'FIO864T8K5QRG966');
insert into MisurazioneTriassiale (Codice, Sensore, ValoreX, ValoreY, ValoreZ, Timestamp, Edificio) values ('OIRT3966PIIG', 'ZWF12070VFH819', 8.3, 20.0, 11.1, '2018-01-01 10:00:00', 'PVL943J4D0VDC411');
insert into MisurazioneTriassiale (Codice, Sensore, ValoreX, ValoreY, ValoreZ, Timestamp, Edificio) values ('QSUK9099WRUI', 'MTL05564SWI659', 8.1, 13.2, 4.0, '2018-01-01 10:00:00', 'FIO864T8K5QRG966');
insert into MisurazioneTriassiale (Codice, Sensore, ValoreX, ValoreY, ValoreZ, Timestamp, Edificio) values ('WIJA1558QIPR', 'ZWF12070VFH819', 17.8, 6.1, 16.0, '2018-01-01 10:00:00', 'PVL943J4D0VDC411');
insert into MisurazioneTriassiale (Codice, Sensore, ValoreX, ValoreY, ValoreZ, Timestamp, Edificio) values ('ORHH1941LUXR', 'MTL05564SWI659', 15.3, 3.5, 10.2, '2018-01-01 10:00:00', 'FIO864T8K5QRG966');
insert into MisurazioneTriassiale (Codice, Sensore, ValoreX, ValoreY, ValoreZ, Timestamp, Edificio) values ('SMRN1730IEYN', 'ZWF12070VFH819', 15.0, 15.7, 2.3, '2018-01-01 10:00:00', 'PVL943J4D0VDC411');
insert into MisurazioneTriassiale (Codice, Sensore, ValoreX, ValoreY, ValoreZ, Timestamp, Edificio) values ('ZVOO0829EQRX', 'MTL05564SWI659', 2.6, 5.0, 18.5, '2018-01-01 10:00:00', 'FIO864T8K5QRG966');
insert into MisurazioneTriassiale (Codice, Sensore, ValoreX, ValoreY, ValoreZ, Timestamp, Edificio) values ('OPZY6930INTQ', 'ZWF12070VFH819', 12.2, 14.4, 0.2, '2018-01-01 10:00:00', 'PVL943J4D0VDC411');
insert into MisurazioneTriassiale (Codice, Sensore, ValoreX, ValoreY, ValoreZ, Timestamp, Edificio) values ('DXMS0002RWJR', 'MTL05564SWI659', 19.1, 15.2, 0.2, '2018-01-01 10:00:00', 'FIO864T8K5QRG966');
insert into MisurazioneTriassiale (Codice, Sensore, ValoreX, ValoreY, ValoreZ, Timestamp, Edificio) values ('TPAL4280UAPP', 'ZWF12070VFH819', 14.1, 15.2, 18.3, '2018-01-01 10:00:00', 'PVL943J4D0VDC411');
insert into MisurazioneTriassiale (Codice, Sensore, ValoreX, ValoreY, ValoreZ, Timestamp, Edificio) values ('MTUY4750OHMO', 'MTL05564SWI659', 18.6, 7.8, 4.5, '2018-01-01 10:00:00', 'FIO864T8K5QRG966');
insert into MisurazioneTriassiale (Codice, Sensore, ValoreX, ValoreY, ValoreZ, Timestamp, Edificio) values ('EMET3745JWDY', 'ZWF12070VFH819', 17.5, 18.7, 19.2, '2018-01-01 10:00:00', 'PVL943J4D0VDC411');
insert into MisurazioneTriassiale (Codice, Sensore, ValoreX, ValoreY, ValoreZ, Timestamp, Edificio) values ('UKGG2013KQVD', 'MTL05564SWI659', 2.6, 14.7, 17.1, '2018-01-01 10:00:00', 'FIO864T8K5QRG966');
insert into MisurazioneTriassiale (Codice, Sensore, ValoreX, ValoreY, ValoreZ, Timestamp, Edificio) values ('AZVW0719QUTW', 'ZWF12070VFH819', 0.0, 19.4, 16.4, '2018-01-01 10:00:00', 'PVL943J4D0VDC411');
insert into MisurazioneTriassiale (Codice, Sensore, ValoreX, ValoreY, ValoreZ, Timestamp, Edificio) values ('QSYO7912ISKB', 'MTL05564SWI659', 7.3, 8.4, 9.5, '2018-01-01 10:00:00', 'FIO864T8K5QRG966');
insert into MisurazioneTriassiale (Codice, Sensore, ValoreX, ValoreY, ValoreZ, Timestamp, Edificio) values ('HUUS7332WLQS', 'ZWF12070VFH819', 5.1, 15.4, 15.2, '2018-01-01 10:00:00', 'PVL943J4D0VDC411');
insert into MisurazioneTriassiale (Codice, Sensore, ValoreX, ValoreY, ValoreZ, Timestamp, Edificio) values ('NDLL9581QNRF', 'MTL05564SWI659', 18.8, 19.8, 4.3, '2018-01-01 10:00:00', 'FIO864T8K5QRG966');
insert into MisurazioneTriassiale (Codice, Sensore, ValoreX, ValoreY, ValoreZ, Timestamp, Edificio) values ('YHYG4524ESTQ', 'ZWF12070VFH819', 14.0, 17.1, 15.0, '2018-01-01 10:00:00', 'PVL943J4D0VDC411');
insert into MisurazioneTriassiale (Codice, Sensore, ValoreX, ValoreY, ValoreZ, Timestamp, Edificio) values ('UYYP0186MUFV', 'MTL05564SWI659', 19.1, 5.3, 10.8, '2018-01-01 10:00:00', 'FIO864T8K5QRG966');
insert into MisurazioneTriassiale (Codice, Sensore, ValoreX, ValoreY, ValoreZ, Timestamp, Edificio) values ('PNHG8104HIBQ', 'ZWF12070VFH819', 19.0, 2.1, 4.4, '2018-01-01 10:00:00', 'PVL943J4D0VDC411');
insert into MisurazioneTriassiale (Codice, Sensore, ValoreX, ValoreY, ValoreZ, Timestamp, Edificio) values ('HZLM5497KUVP', 'MTL05564SWI659', 19.6, 4.2, 2.9, '2018-01-01 10:00:00', 'FIO864T8K5QRG966');
insert into MisurazioneTriassiale (Codice, Sensore, ValoreX, ValoreY, ValoreZ, Timestamp, Edificio) values ('OPVY5846OZMF', 'ZWF12070VFH819', 3.0, 16.4, 17.9, '2018-01-01 10:00:00', 'PVL943J4D0VDC411');
insert into MisurazioneTriassiale (Codice, Sensore, ValoreX, ValoreY, ValoreZ, Timestamp, Edificio) values ('PLBN7740HVTN', 'MTL05564SWI659', 14.1, 10.8, 5.4, '2018-01-01 10:00:00', 'FIO864T8K5QRG966');
insert into MisurazioneTriassiale (Codice, Sensore, ValoreX, ValoreY, ValoreZ, Timestamp, Edificio) values ('WMKL3306UTEQ', 'ZWF12070VFH819', 16.0, 9.7, 2.0, '2018-01-01 10:00:00', 'PVL943J4D0VDC411');
insert into MisurazioneTriassiale (Codice, Sensore, ValoreX, ValoreY, ValoreZ, Timestamp, Edificio) values ('FVEB0601OQFZ', 'MTL05564SWI659', 13.2, 17.5, 1.6, '2018-01-01 10:00:00', 'FIO864T8K5QRG966');
insert into MisurazioneTriassiale (Codice, Sensore, ValoreX, ValoreY, ValoreZ, Timestamp, Edificio) values ('DGFO3660TREW', 'ZWF12070VFH819', 3.9, 8.2, 15.6, '2018-01-01 10:00:00', 'PVL943J4D0VDC411');
insert into MisurazioneTriassiale (Codice, Sensore, ValoreX, ValoreY, ValoreZ, Timestamp, Edificio) values ('SAZT3912FKQS', 'MTL05564SWI659', 12.8, 7.4, 12.3, '2018-01-01 10:00:00', 'FIO864T8K5QRG966');
insert into MisurazioneTriassiale (Codice, Sensore, ValoreX, ValoreY, ValoreZ, Timestamp, Edificio) values ('XDJZ9628IVNG', 'ZWF12070VFH819', 8.0, 16.2, 9.1, '2018-01-01 10:00:00', 'PVL943J4D0VDC411');
insert into MisurazioneTriassiale (Codice, Sensore, ValoreX, ValoreY, ValoreZ, Timestamp, Edificio) values ('BKDH4008YAPI', 'MTL05564SWI659', 5.9, 12.8, 9.5, '2018-01-01 10:00:00', 'FIO864T8K5QRG966');
insert into MisurazioneTriassiale (Codice, Sensore, ValoreX, ValoreY, ValoreZ, Timestamp, Edificio) values ('YJQR2056XTDY', 'ZWF12070VFH819', 18.5, 2.9, 8.8, '2018-01-01 10:00:00', 'PVL943J4D0VDC411');
insert into MisurazioneTriassiale (Codice, Sensore, ValoreX, ValoreY, ValoreZ, Timestamp, Edificio) values ('IHZL3211KNDZ', 'MTL05564SWI659', 13.5, 7.8, 4.0, '2018-01-01 10:00:00', 'FIO864T8K5QRG966');
insert into MisurazioneTriassiale (Codice, Sensore, ValoreX, ValoreY, ValoreZ, Timestamp, Edificio) values ('BMRR8047TDEB', 'ZWF12070VFH819', 2.0, 0.9, 8.1, '2018-01-01 10:00:00', 'PVL943J4D0VDC411');
insert into MisurazioneTriassiale (Codice, Sensore, ValoreX, ValoreY, ValoreZ, Timestamp, Edificio) values ('IPTL4496ZUSF', 'MTL05564SWI659', 8.6, 17.7, 14.0, '2018-01-01 10:00:00', 'FIO864T8K5QRG966');
insert into MisurazioneTriassiale (Codice, Sensore, ValoreX, ValoreY, ValoreZ, Timestamp, Edificio) values ('GRQU9593JECF', 'ZWF12070VFH819', 15.9, 4.1, 0.0, '2018-01-01 10:00:00', 'PVL943J4D0VDC411');
insert into MisurazioneTriassiale (Codice, Sensore, ValoreX, ValoreY, ValoreZ, Timestamp, Edificio) values ('CAAK7098WFMV', 'MTL05564SWI659', 15.0, 3.2, 8.1, '2018-01-01 10:00:00', 'FIO864T8K5QRG966');
insert into MisurazioneTriassiale (Codice, Sensore, ValoreX, ValoreY, ValoreZ, Timestamp, Edificio) values ('PZZM9194JXHQ', 'ZWF12070VFH819', 19.9, 0.1, 2.4, '2018-01-01 10:00:00', 'PVL943J4D0VDC411');
insert into MisurazioneTriassiale (Codice, Sensore, ValoreX, ValoreY, ValoreZ, Timestamp, Edificio) values ('JJPN7821NTCE', 'MTL05564SWI659', 10.2, 14.0, 8.9, '2018-01-01 10:00:00', 'FIO864T8K5QRG966');
insert into MisurazioneTriassiale (Codice, Sensore, ValoreX, ValoreY, ValoreZ, Timestamp, Edificio) values ('PMWW1602RLGJ', 'ZWF12070VFH819', 5.9, 6.6, 1.9, '2018-01-01 10:00:00', 'PVL943J4D0VDC411');
insert into MisurazioneTriassiale (Codice, Sensore, ValoreX, ValoreY, ValoreZ, Timestamp, Edificio) values ('KONG7722JWQC', 'MTL05564SWI659', 18.4, 8.3, 6.8, '2018-01-01 10:00:00', 'FIO864T8K5QRG966');
insert into MisurazioneTriassiale (Codice, Sensore, ValoreX, ValoreY, ValoreZ, Timestamp, Edificio) values ('FRUH7913DHXU', 'ZWF12070VFH819', 3.2, 4.6, 2.7, '2018-01-01 10:00:00', 'PVL943J4D0VDC411');
insert into MisurazioneTriassiale (Codice, Sensore, ValoreX, ValoreY, ValoreZ, Timestamp, Edificio) values ('HKSG4409NQNM', 'MTL05564SWI659', 2.5, 13.7, 14.1, '2018-01-01 10:00:00', 'FIO864T8K5QRG966');
insert into MisurazioneTriassiale (Codice, Sensore, ValoreX, ValoreY, ValoreZ, Timestamp, Edificio) values ('OHDH7299BQAC', 'ZWF12070VFH819', 11.8, 18.2, 16.6, '2018-01-01 10:00:00', 'PVL943J4D0VDC411');
insert into MisurazioneTriassiale (Codice, Sensore, ValoreX, ValoreY, ValoreZ, Timestamp, Edificio) values ('OUNC3293FCIU', 'MTL05564SWI659', 13.9, 16.2, 3.8, '2018-01-01 10:00:00', 'FIO864T8K5QRG966');
insert into MisurazioneTriassiale (Codice, Sensore, ValoreX, ValoreY, ValoreZ, Timestamp, Edificio) values ('EQUZ5729QUXI', 'ZWF12070VFH819', 2.5, 19.4, 8.0, '2018-01-01 10:00:00', 'PVL943J4D0VDC411');
insert into MisurazioneTriassiale (Codice, Sensore, ValoreX, ValoreY, ValoreZ, Timestamp, Edificio) values ('IAXC5202SMJZ', 'MTL05564SWI659', 19.0, 8.3, 15.9, '2018-01-01 10:00:00', 'FIO864T8K5QRG966');
insert into MisurazioneTriassiale (Codice, Sensore, ValoreX, ValoreY, ValoreZ, Timestamp, Edificio) values ('TZWT4107SUTF', 'ZWF12070VFH819', 7.5, 7.7, 2.8, '2018-01-01 10:00:00', 'PVL943J4D0VDC411');
insert into MisurazioneTriassiale (Codice, Sensore, ValoreX, ValoreY, ValoreZ, Timestamp, Edificio) values ('CFQY2963BNAI', 'MTL05564SWI659', 10.1, 17.7, 9.3, '2018-01-01 10:00:00', 'FIO864T8K5QRG966');
insert into MisurazioneTriassiale (Codice, Sensore, ValoreX, ValoreY, ValoreZ, Timestamp, Edificio) values ('NVLJ8879DINA', 'ZWF12070VFH819', 5.3, 13.9, 2.3, '2018-01-01 10:00:00', 'PVL943J4D0VDC411');
insert into MisurazioneTriassiale (Codice, Sensore, ValoreX, ValoreY, ValoreZ, Timestamp, Edificio) values ('VTRN8542WIIY', 'MTL05564SWI659', 15.4, 0.7, 13.9, '2018-01-01 10:00:00', 'FIO864T8K5QRG966');
insert into MisurazioneTriassiale (Codice, Sensore, ValoreX, ValoreY, ValoreZ, Timestamp, Edificio) values ('WKLJ1640WYYE', 'ZWF12070VFH819', 12.1, 11.4, 12.2, '2018-01-01 10:00:00', 'PVL943J4D0VDC411');
insert into MisurazioneTriassiale (Codice, Sensore, ValoreX, ValoreY, ValoreZ, Timestamp, Edificio) values ('YDUO8603HEXI', 'MTL05564SWI659', 3.7, 2.5, 5.8, '2018-01-01 10:00:00', 'FIO864T8K5QRG966');
insert into MisurazioneTriassiale (Codice, Sensore, ValoreX, ValoreY, ValoreZ, Timestamp, Edificio) values ('HOKR9040BHMQ', 'ZWF12070VFH819', 13.7, 14.2, 9.1, '2018-01-01 10:00:00', 'PVL943J4D0VDC411');
insert into MisurazioneTriassiale (Codice, Sensore, ValoreX, ValoreY, ValoreZ, Timestamp, Edificio) values ('BRVL8051WYRX', 'MTL05564SWI659', 2.2, 19.4, 6.3, '2018-01-01 10:00:00', 'FIO864T8K5QRG966');
insert into MisurazioneTriassiale (Codice, Sensore, ValoreX, ValoreY, ValoreZ, Timestamp, Edificio) values ('QTZO3149MUGN', 'ZWF12070VFH819', 9.4, 7.3, 0.1, '2018-01-01 10:00:00', 'PVL943J4D0VDC411');
insert into MisurazioneTriassiale (Codice, Sensore, ValoreX, ValoreY, ValoreZ, Timestamp, Edificio) values ('MWLW6623DPEF', 'MTL05564SWI659', 18.4, 18.6, 3.0, '2018-01-01 10:00:00', 'FIO864T8K5QRG966');
insert into MisurazioneTriassiale (Codice, Sensore, ValoreX, ValoreY, ValoreZ, Timestamp, Edificio) values ('KKRZ3853LDDN', 'ZWF12070VFH819', 13.5, 7.3, 18.2, '2018-01-01 10:00:00', 'PVL943J4D0VDC411');
insert into MisurazioneTriassiale (Codice, Sensore, ValoreX, ValoreY, ValoreZ, Timestamp, Edificio) values ('SQGH1238EDTB', 'MTL05564SWI659', 15.0, 3.4, 10.2, '2018-01-01 10:00:00', 'FIO864T8K5QRG966');
insert into MisurazioneTriassiale (Codice, Sensore, ValoreX, ValoreY, ValoreZ, Timestamp, Edificio) values ('QTUO4061PRTJ', 'ZWF12070VFH819', 8.9, 5.8, 0.7, '2018-01-01 10:00:00', 'PVL943J4D0VDC411');
insert into MisurazioneTriassiale (Codice, Sensore, ValoreX, ValoreY, ValoreZ, Timestamp, Edificio) values ('IBNQ9479RFGF', 'MTL05564SWI659', 0.4, 16.0, 5.7, '2018-01-01 10:00:00', 'FIO864T8K5QRG966');
insert into MisurazioneTriassiale (Codice, Sensore, ValoreX, ValoreY, ValoreZ, Timestamp, Edificio) values ('FVOG0759XOXH', 'ZWF12070VFH819', 14.1, 4.8, 11.3, '2018-01-01 10:00:00', 'PVL943J4D0VDC411');
insert into MisurazioneTriassiale (Codice, Sensore, ValoreX, ValoreY, ValoreZ, Timestamp, Edificio) values ('XXQE8564TPTK', 'MTL05564SWI659', 14.7, 16.4, 13.0, '2018-01-01 10:00:00', 'FIO864T8K5QRG966');
insert into MisurazioneTriassiale (Codice, Sensore, ValoreX, ValoreY, ValoreZ, Timestamp, Edificio) values ('OPRO2899WPKR', 'ZWF12070VFH819', 9.8, 14.1, 12.8, '2018-01-01 10:00:00', 'PVL943J4D0VDC411');
insert into MisurazioneTriassiale (Codice, Sensore, ValoreX, ValoreY, ValoreZ, Timestamp, Edificio) values ('KXFL8575BSRY', 'MTL05564SWI659', 11.4, 12.9, 0.7, '2018-01-01 10:00:00', 'FIO864T8K5QRG966');
insert into MisurazioneTriassiale (Codice, Sensore, ValoreX, ValoreY, ValoreZ, Timestamp, Edificio) values ('RYHB4164WDQW', 'ZWF12070VFH819', 2.4, 3.1, 4.1, '2018-01-01 10:00:00', 'PVL943J4D0VDC411');
insert into MisurazioneTriassiale (Codice, Sensore, ValoreX, ValoreY, ValoreZ, Timestamp, Edificio) values ('ZHDU1960ETDL', 'MTL05564SWI659', 10.1, 14.7, 6.9, '2018-01-01 10:00:00', 'FIO864T8K5QRG966');
insert into MisurazioneTriassiale (Codice, Sensore, ValoreX, ValoreY, ValoreZ, Timestamp, Edificio) values ('ZDDL0983SGZQ', 'ZWF12070VFH819', 2.0, 8.0, 4.3, '2018-01-01 10:00:00', 'PVL943J4D0VDC411');
insert into MisurazioneTriassiale (Codice, Sensore, ValoreX, ValoreY, ValoreZ, Timestamp, Edificio) values ('DGCR9195QCLY', 'MTL05564SWI659', 3.2, 10.7, 14.3, '2018-01-01 10:00:00', 'FIO864T8K5QRG966');
insert into MisurazioneTriassiale (Codice, Sensore, ValoreX, ValoreY, ValoreZ, Timestamp, Edificio) values ('ZGVF7367BFNK', 'ZWF12070VFH819', 9.3, 4.0, 5.5, '2018-01-01 10:00:00', 'PVL943J4D0VDC411');
insert into MisurazioneTriassiale (Codice, Sensore, ValoreX, ValoreY, ValoreZ, Timestamp, Edificio) values ('SGTN9376CSIT', 'MTL05564SWI659', 1.3, 7.6, 17.2, '2018-01-01 10:00:00', 'FIO864T8K5QRG966');
insert into MisurazioneTriassiale (Codice, Sensore, ValoreX, ValoreY, ValoreZ, Timestamp, Edificio) values ('GGST5738DXXQ', 'ZWF12070VFH819', 12.5, 0.7, 18.9, '2018-01-01 10:00:00', 'PVL943J4D0VDC411');
insert into MisurazioneTriassiale (Codice, Sensore, ValoreX, ValoreY, ValoreZ, Timestamp, Edificio) values ('MYNX6596TQTY', 'MTL05564SWI659', 11.7, 4.4, 14.1, '2018-01-01 10:00:00', 'FIO864T8K5QRG966');
insert into MisurazioneTriassiale (Codice, Sensore, ValoreX, ValoreY, ValoreZ, Timestamp, Edificio) values ('SNNY8856UJTR', 'ZWF12070VFH819', 15.3, 1.6, 10.5, '2018-01-01 10:00:00', 'PVL943J4D0VDC411');
insert into MisurazioneTriassiale (Codice, Sensore, ValoreX, ValoreY, ValoreZ, Timestamp, Edificio) values ('ZXRN0987LIAY', 'MTL05564SWI659', 19.9, 17.6, 2.5, '2018-01-01 10:00:00', 'FIO864T8K5QRG966');
insert into MisurazioneTriassiale (Codice, Sensore, ValoreX, ValoreY, ValoreZ, Timestamp, Edificio) values ('KJTU1963AUFH', 'ZWF12070VFH819', 13.9, 16.1, 7.1, '2018-01-01 10:00:00', 'PVL943J4D0VDC411');
insert into MisurazioneTriassiale (Codice, Sensore, ValoreX, ValoreY, ValoreZ, Timestamp, Edificio) values ('NFZU4768TTCZ', 'MTL05564SWI659', 14.1, 12.5, 10.6, '2018-01-01 10:00:00', 'FIO864T8K5QRG966');
insert into MisurazioneTriassiale (Codice, Sensore, ValoreX, ValoreY, ValoreZ, Timestamp, Edificio) values ('KYKF5788PFRA', 'ZWF12070VFH819', 17.0, 9.4, 17.0, '2018-01-01 10:00:00', 'PVL943J4D0VDC411');
insert into MisurazioneTriassiale (Codice, Sensore, ValoreX, ValoreY, ValoreZ, Timestamp, Edificio) values ('LPOJ1300ZQFQ', 'MTL05564SWI659', 17.6, 18.4, 6.9, '2018-01-01 10:00:00', 'FIO864T8K5QRG966');
insert into MisurazioneTriassiale (Codice, Sensore, ValoreX, ValoreY, ValoreZ, Timestamp, Edificio) values ('SZSV6753GHVO', 'ZWF12070VFH819', 2.9, 16.4, 19.4, '2018-01-01 10:00:00', 'PVL943J4D0VDC411');
insert into MisurazioneTriassiale (Codice, Sensore, ValoreX, ValoreY, ValoreZ, Timestamp, Edificio) values ('UVKU9381NMDM', 'MTL05564SWI659', 12.9, 11.0, 4.0, '2018-01-01 10:00:00', 'FIO864T8K5QRG966');
insert into MisurazioneTriassiale (Codice, Sensore, ValoreX, ValoreY, ValoreZ, Timestamp, Edificio) values ('ANLP9813XODA', 'ZWF12070VFH819', 5.5, 9.5, 5.9, '2018-01-01 10:00:00', 'PVL943J4D0VDC411');
insert into MisurazioneTriassiale (Codice, Sensore, ValoreX, ValoreY, ValoreZ, Timestamp, Edificio) values ('VNYV8652TBMT', 'MTL05564SWI659', 1.6, 5.3, 9.7, '2018-01-01 10:00:00', 'FIO864T8K5QRG966');
insert into MisurazioneTriassiale (Codice, Sensore, ValoreX, ValoreY, ValoreZ, Timestamp, Edificio) values ('NXPI0294IOCB', 'ZWF12070VFH819', 15.9, 2.0, 5.2, '2018-01-01 10:00:00', 'PVL943J4D0VDC411');
insert into MisurazioneTriassiale (Codice, Sensore, ValoreX, ValoreY, ValoreZ, Timestamp, Edificio) values ('EYSV8281GMVN', 'MTL05564SWI659', 17.7, 12.2, 9.1, '2018-01-01 10:00:00', 'FIO864T8K5QRG966');
insert into MisurazioneTriassiale (Codice, Sensore, ValoreX, ValoreY, ValoreZ, Timestamp, Edificio) values ('CCOT6630SCNX', 'ZWF12070VFH819', 12.1, 7.7, 18.6, '2018-01-01 10:00:00', 'PVL943J4D0VDC411');
insert into MisurazioneTriassiale (Codice, Sensore, ValoreX, ValoreY, ValoreZ, Timestamp, Edificio) values ('MPGI7782TXPN', 'MTL05564SWI659', 11.6, 19.3, 8.8, '2018-01-01 10:00:00', 'FIO864T8K5QRG966');
insert into MisurazioneTriassiale (Codice, Sensore, ValoreX, ValoreY, ValoreZ, Timestamp, Edificio) values ('LZMP6364KHVS', 'ZWF12070VFH819', 14.0, 2.9, 13.9, '2018-01-01 10:00:00', 'PVL943J4D0VDC411');
insert into MisurazioneTriassiale (Codice, Sensore, ValoreX, ValoreY, ValoreZ, Timestamp, Edificio) values ('VMAD5959SMTQ', 'MTL05564SWI659', 18.9, 0.5, 4.9, '2018-01-01 10:00:00', 'FIO864T8K5QRG966');
insert into MisurazioneTriassiale (Codice, Sensore, ValoreX, ValoreY, ValoreZ, Timestamp, Edificio) values ('UILO2933ZDIS', 'ZWF12070VFH819', 20.0, 1.6, 1.7, '2018-01-01 10:00:00', 'PVL943J4D0VDC411');
insert into MisurazioneTriassiale (Codice, Sensore, ValoreX, ValoreY, ValoreZ, Timestamp, Edificio) values ('LEDQ7858YZWU', 'MTL05564SWI659', 18.5, 2.2, 6.2, '2018-01-01 10:00:00', 'FIO864T8K5QRG966');
insert into MisurazioneTriassiale (Codice, Sensore, ValoreX, ValoreY, ValoreZ, Timestamp, Edificio) values ('FRQV3420GXKI', 'ZWF12070VFH819', 2.7, 20.0, 6.2, '2018-01-01 10:00:00', 'PVL943J4D0VDC411');
insert into MisurazioneTriassiale (Codice, Sensore, ValoreX, ValoreY, ValoreZ, Timestamp, Edificio) values ('NTLV3127EBJE', 'MTL05564SWI659', 4.7, 1.3, 4.0, '2018-01-01 10:00:00', 'FIO864T8K5QRG966');
insert into MisurazioneTriassiale (Codice, Sensore, ValoreX, ValoreY, ValoreZ, Timestamp, Edificio) values ('IUKL8454YXQS', 'ZWF12070VFH819', 1.5, 15.1, 18.4, '2018-01-01 10:00:00', 'PVL943J4D0VDC411');
insert into MisurazioneTriassiale (Codice, Sensore, ValoreX, ValoreY, ValoreZ, Timestamp, Edificio) values ('JZTH1077GHTE', 'MTL05564SWI659', 4.0, 17.7, 1.9, '2018-01-01 10:00:00', 'FIO864T8K5QRG966');
insert into MisurazioneTriassiale (Codice, Sensore, ValoreX, ValoreY, ValoreZ, Timestamp, Edificio) values ('MMSX2830UDJE', 'ZWF12070VFH819', 2.3, 3.8, 15.2, '2018-01-01 10:00:00', 'PVL943J4D0VDC411');
insert into MisurazioneTriassiale (Codice, Sensore, ValoreX, ValoreY, ValoreZ, Timestamp, Edificio) values ('TMBX1035JSLX', 'MTL05564SWI659', 8.5, 13.9, 1.9, '2018-01-01 10:00:00', 'FIO864T8K5QRG966');
insert into MisurazioneTriassiale (Codice, Sensore, ValoreX, ValoreY, ValoreZ, Timestamp, Edificio) values ('UHFN5542CFRS', 'ZWF12070VFH819', 10.8, 1.6, 1.3, '2018-01-01 10:00:00', 'PVL943J4D0VDC411');
insert into MisurazioneTriassiale (Codice, Sensore, ValoreX, ValoreY, ValoreZ, Timestamp, Edificio) values ('OYAU1631KCVC', 'MTL05564SWI659', 12.0, 4.4, 12.9, '2018-01-01 10:00:00', 'FIO864T8K5QRG966');
insert into MisurazioneTriassiale (Codice, Sensore, ValoreX, ValoreY, ValoreZ, Timestamp, Edificio) values ('GXVI0624UANR', 'ZWF12070VFH819', 16.3, 10.0, 7.5, '2018-01-01 10:00:00', 'PVL943J4D0VDC411');
insert into MisurazioneTriassiale (Codice, Sensore, ValoreX, ValoreY, ValoreZ, Timestamp, Edificio) values ('UOIM1986BHNX', 'MTL05564SWI659', 12.7, 3.3, 2.8, '2018-01-01 10:00:00', 'FIO864T8K5QRG966');
insert into MisurazioneTriassiale (Codice, Sensore, ValoreX, ValoreY, ValoreZ, Timestamp, Edificio) values ('VSAK0898HMPF', 'ZWF12070VFH819', 11.4, 15.2, 9.9, '2018-01-01 10:00:00', 'PVL943J4D0VDC411');
insert into MisurazioneTriassiale (Codice, Sensore, ValoreX, ValoreY, ValoreZ, Timestamp, Edificio) values ('VAOY2377ANLS', 'MTL05564SWI659', 10.5, 14.8, 6.7, '2018-01-01 10:00:00', 'FIO864T8K5QRG966');
insert into MisurazioneTriassiale (Codice, Sensore, ValoreX, ValoreY, ValoreZ, Timestamp, Edificio) values ('GLND1349TGQX', 'ZWF12070VFH819', 16.9, 16.9, 5.1, '2018-01-01 10:00:00', 'PVL943J4D0VDC411');
insert into MisurazioneTriassiale (Codice, Sensore, ValoreX, ValoreY, ValoreZ, Timestamp, Edificio) values ('JITN5446IAKA', 'MTL05564SWI659', 0.1, 18.6, 3.8, '2018-01-01 10:00:00', 'FIO864T8K5QRG966');
insert into MisurazioneTriassiale (Codice, Sensore, ValoreX, ValoreY, ValoreZ, Timestamp, Edificio) values ('GOJV4638QGWT', 'ZWF12070VFH819', 8.1, 9.3, 1.3, '2018-01-01 10:00:00', 'PVL943J4D0VDC411');
insert into MisurazioneTriassiale (Codice, Sensore, ValoreX, ValoreY, ValoreZ, Timestamp, Edificio) values ('GWOS7922OHTF', 'MTL05564SWI659', 15.6, 19.9, 9.4, '2018-01-01 10:00:00', 'FIO864T8K5QRG966');
insert into MisurazioneTriassiale (Codice, Sensore, ValoreX, ValoreY, ValoreZ, Timestamp, Edificio) values ('WOLQ3337NAAQ', 'ZWF12070VFH819', 8.2, 7.0, 2.7, '2018-01-01 10:00:00', 'PVL943J4D0VDC411');
insert into MisurazioneTriassiale (Codice, Sensore, ValoreX, ValoreY, ValoreZ, Timestamp, Edificio) values ('BGSE3954TKLT', 'MTL05564SWI659', 11.2, 18.7, 12.8, '2018-01-01 10:00:00', 'FIO864T8K5QRG966');
insert into MisurazioneTriassiale (Codice, Sensore, ValoreX, ValoreY, ValoreZ, Timestamp, Edificio) values ('BMVV8555RLUL', 'ZWF12070VFH819', 10.7, 6.3, 10.1, '2018-01-01 10:00:00', 'PVL943J4D0VDC411');
insert into MisurazioneTriassiale (Codice, Sensore, ValoreX, ValoreY, ValoreZ, Timestamp, Edificio) values ('UIRY1879NPRX', 'MTL05564SWI659', 11.5, 9.8, 4.3, '2018-01-01 10:00:00', 'FIO864T8K5QRG966');
insert into MisurazioneTriassiale (Codice, Sensore, ValoreX, ValoreY, ValoreZ, Timestamp, Edificio) values ('MILN2810NDBP', 'ZWF12070VFH819', 6.0, 19.4, 12.7, '2018-01-01 10:00:00', 'PVL943J4D0VDC411');
insert into MisurazioneTriassiale (Codice, Sensore, ValoreX, ValoreY, ValoreZ, Timestamp, Edificio) values ('DWYO5464FYSH', 'MTL05564SWI659', 17.0, 18.2, 13.0, '2018-01-01 10:00:00', 'FIO864T8K5QRG966');
insert into MisurazioneTriassiale (Codice, Sensore, ValoreX, ValoreY, ValoreZ, Timestamp, Edificio) values ('LEHT1058RLRY', 'ZWF12070VFH819', 11.0, 6.2, 8.6, '2018-01-01 10:00:00', 'PVL943J4D0VDC411');
insert into MisurazioneTriassiale (Codice, Sensore, ValoreX, ValoreY, ValoreZ, Timestamp, Edificio) values ('JUJN2213IXBZ', 'MTL05564SWI659', 4.9, 3.7, 8.6, '2018-01-01 10:00:00', 'FIO864T8K5QRG966');
insert into MisurazioneTriassiale (Codice, Sensore, ValoreX, ValoreY, ValoreZ, Timestamp, Edificio) values ('BOWS0513ZGON', 'ZWF12070VFH819', 1.8, 0.9, 7.3, '2018-01-01 10:00:00', 'PVL943J4D0VDC411');
insert into MisurazioneTriassiale (Codice, Sensore, ValoreX, ValoreY, ValoreZ, Timestamp, Edificio) values ('YZQE2214DCCP', 'MTL05564SWI659', 7.6, 5.5, 1.9, '2018-01-01 10:00:00', 'FIO864T8K5QRG966');
insert into MisurazioneTriassiale (Codice, Sensore, ValoreX, ValoreY, ValoreZ, Timestamp, Edificio) values ('INUB0741IPJZ', 'ZWF12070VFH819', 10.0, 0.7, 4.1, '2018-01-01 10:00:00', 'PVL943J4D0VDC411');
insert into MisurazioneTriassiale (Codice, Sensore, ValoreX, ValoreY, ValoreZ, Timestamp, Edificio) values ('YIAC8440SDYZ', 'MTL05564SWI659', 11.7, 8.6, 11.3, '2018-01-01 10:00:00', 'FIO864T8K5QRG966');
insert into MisurazioneTriassiale (Codice, Sensore, ValoreX, ValoreY, ValoreZ, Timestamp, Edificio) values ('MJXE1762WHYI', 'ZWF12070VFH819', 7.7, 5.6, 4.7, '2018-01-01 10:00:00', 'PVL943J4D0VDC411');
insert into MisurazioneTriassiale (Codice, Sensore, ValoreX, ValoreY, ValoreZ, Timestamp, Edificio) values ('RSIA0232VBRQ', 'MTL05564SWI659', 4.6, 15.3, 10.3, '2018-01-01 10:00:00', 'FIO864T8K5QRG966');
insert into MisurazioneTriassiale (Codice, Sensore, ValoreX, ValoreY, ValoreZ, Timestamp, Edificio) values ('EFTV5636CJNC', 'ZWF12070VFH819', 18.5, 4.4, 1.6, '2018-01-01 10:00:00', 'PVL943J4D0VDC411');
insert into MisurazioneTriassiale (Codice, Sensore, ValoreX, ValoreY, ValoreZ, Timestamp, Edificio) values ('TCQQ5449JIGJ', 'MTL05564SWI659', 15.0, 11.8, 16.9, '2018-01-01 10:00:00', 'FIO864T8K5QRG966');
insert into MisurazioneTriassiale (Codice, Sensore, ValoreX, ValoreY, ValoreZ, Timestamp, Edificio) values ('FZSR3530OPJS', 'ZWF12070VFH819', 17.2, 12.8, 14.8, '2018-01-01 10:00:00', 'PVL943J4D0VDC411');
insert into MisurazioneTriassiale (Codice, Sensore, ValoreX, ValoreY, ValoreZ, Timestamp, Edificio) values ('BSLQ1260YDXK', 'MTL05564SWI659', 16.1, 9.0, 17.1, '2018-01-01 10:00:00', 'FIO864T8K5QRG966');
insert into MisurazioneTriassiale (Codice, Sensore, ValoreX, ValoreY, ValoreZ, Timestamp, Edificio) values ('KVGD8803OQQZ', 'ZWF12070VFH819', 8.0, 5.0, 19.7, '2018-01-01 10:00:00', 'PVL943J4D0VDC411');
insert into MisurazioneTriassiale (Codice, Sensore, ValoreX, ValoreY, ValoreZ, Timestamp, Edificio) values ('MMMQ2303JXDR', 'MTL05564SWI659', 15.9, 14.0, 12.1, '2018-01-01 10:00:00', 'FIO864T8K5QRG966');
insert into MisurazioneTriassiale (Codice, Sensore, ValoreX, ValoreY, ValoreZ, Timestamp, Edificio) values ('NTLH6880SBOP', 'ZWF12070VFH819', 8.5, 17.0, 2.1, '2018-01-01 10:00:00', 'PVL943J4D0VDC411');
insert into MisurazioneTriassiale (Codice, Sensore, ValoreX, ValoreY, ValoreZ, Timestamp, Edificio) values ('LWYE2453LIDO', 'MTL05564SWI659', 5.4, 14.6, 19.4, '2018-01-01 10:00:00', 'FIO864T8K5QRG966');
insert into MisurazioneTriassiale (Codice, Sensore, ValoreX, ValoreY, ValoreZ, Timestamp, Edificio) values ('FLOP9902KRJP', 'ZWF12070VFH819', 6.7, 7.4, 11.4, '2018-01-01 10:00:00', 'PVL943J4D0VDC411');
insert into MisurazioneTriassiale (Codice, Sensore, ValoreX, ValoreY, ValoreZ, Timestamp, Edificio) values ('KMQY3025VRCF', 'MTL05564SWI659', 12.2, 9.2, 3.1, '2018-01-01 10:00:00', 'FIO864T8K5QRG966');
insert into MisurazioneTriassiale (Codice, Sensore, ValoreX, ValoreY, ValoreZ, Timestamp, Edificio) values ('KOVN8772HEPK', 'ZWF12070VFH819', 3.2, 1.7, 9.7, '2018-01-01 10:00:00', 'PVL943J4D0VDC411');
insert into MisurazioneTriassiale (Codice, Sensore, ValoreX, ValoreY, ValoreZ, Timestamp, Edificio) values ('MPRO9750YYBF', 'MTL05564SWI659', 8.6, 14.1, 8.7, '2018-01-01 10:00:00', 'FIO864T8K5QRG966');
insert into MisurazioneTriassiale (Codice, Sensore, ValoreX, ValoreY, ValoreZ, Timestamp, Edificio) values ('RKUS7804YPUF', 'ZWF12070VFH819', 6.7, 11.1, 7.3, '2018-01-01 10:00:00', 'PVL943J4D0VDC411');
insert into MisurazioneTriassiale (Codice, Sensore, ValoreX, ValoreY, ValoreZ, Timestamp, Edificio) values ('ZVKC1932RYMY', 'MTL05564SWI659', 2.2, 3.3, 10.4, '2018-01-01 10:00:00', 'FIO864T8K5QRG966');
insert into MisurazioneTriassiale (Codice, Sensore, ValoreX, ValoreY, ValoreZ, Timestamp, Edificio) values ('MJBM3963OTHK', 'ZWF12070VFH819', 4.3, 3.9, 6.9, '2018-01-01 10:00:00', 'PVL943J4D0VDC411');
insert into MisurazioneTriassiale (Codice, Sensore, ValoreX, ValoreY, ValoreZ, Timestamp, Edificio) values ('WGTE6448CCVD', 'MTL05564SWI659', 2.5, 0.2, 8.3, '2018-01-01 10:00:00', 'FIO864T8K5QRG966');
insert into MisurazioneTriassiale (Codice, Sensore, ValoreX, ValoreY, ValoreZ, Timestamp, Edificio) values ('EGZG4896UTUW', 'ZWF12070VFH819', 16.9, 7.3, 4.6, '2018-01-01 10:00:00', 'PVL943J4D0VDC411');
insert into MisurazioneTriassiale (Codice, Sensore, ValoreX, ValoreY, ValoreZ, Timestamp, Edificio) values ('JITB0022NPDZ', 'MTL05564SWI659', 6.6, 18.1, 4.4, '2018-01-01 10:00:00', 'FIO864T8K5QRG966');
insert into MisurazioneTriassiale (Codice, Sensore, ValoreX, ValoreY, ValoreZ, Timestamp, Edificio) values ('CIKK0498SDFB', 'ZWF12070VFH819', 10.4, 7.3, 19.9, '2018-01-01 10:00:00', 'PVL943J4D0VDC411');
insert into MisurazioneTriassiale (Codice, Sensore, ValoreX, ValoreY, ValoreZ, Timestamp, Edificio) values ('GWFA0705PHQZ', 'MTL05564SWI659', 13.8, 5.0, 9.0, '2018-01-01 10:00:00', 'FIO864T8K5QRG966');
insert into MisurazioneTriassiale (Codice, Sensore, ValoreX, ValoreY, ValoreZ, Timestamp, Edificio) values ('ANZL3492BPOP', 'ZWF12070VFH819', 8.5, 17.9, 19.7, '2018-01-01 10:00:00', 'PVL943J4D0VDC411');
insert into MisurazioneTriassiale (Codice, Sensore, ValoreX, ValoreY, ValoreZ, Timestamp, Edificio) values ('ZIBL4612GCCG', 'MTL05564SWI659', 8.3, 4.9, 2.6, '2018-01-01 10:00:00', 'FIO864T8K5QRG966');
insert into MisurazioneTriassiale (Codice, Sensore, ValoreX, ValoreY, ValoreZ, Timestamp, Edificio) values ('BRYU5662YLIQ', 'ZWF12070VFH819', 6.8, 5.7, 7.7, '2018-01-01 10:00:00', 'PVL943J4D0VDC411');
insert into MisurazioneTriassiale (Codice, Sensore, ValoreX, ValoreY, ValoreZ, Timestamp, Edificio) values ('XMFJ5992OCHD', 'MTL05564SWI659', 4.5, 12.8, 5.5, '2018-01-01 10:00:00', 'FIO864T8K5QRG966');
insert into MisurazioneTriassiale (Codice, Sensore, ValoreX, ValoreY, ValoreZ, Timestamp, Edificio) values ('HTRG4134XMJT', 'ZWF12070VFH819', 3.9, 11.0, 9.2, '2018-01-01 10:00:00', 'PVL943J4D0VDC411');
insert into MisurazioneTriassiale (Codice, Sensore, ValoreX, ValoreY, ValoreZ, Timestamp, Edificio) values ('XTAG1027AGKF', 'MTL05564SWI659', 6.2, 0.4, 6.5, '2018-01-01 10:00:00', 'FIO864T8K5QRG966');
insert into MisurazioneTriassiale (Codice, Sensore, ValoreX, ValoreY, ValoreZ, Timestamp, Edificio) values ('RMIB7564EOKW', 'ZWF12070VFH819', 12.8, 17.8, 11.7, '2018-01-01 10:00:00', 'PVL943J4D0VDC411');
insert into MisurazioneTriassiale (Codice, Sensore, ValoreX, ValoreY, ValoreZ, Timestamp, Edificio) values ('WMRZ6148XSAX', 'MTL05564SWI659', 14.6, 6.1, 5.1, '2018-01-01 10:00:00', 'FIO864T8K5QRG966');
insert into MisurazioneTriassiale (Codice, Sensore, ValoreX, ValoreY, ValoreZ, Timestamp, Edificio) values ('JUJN2819XTOY', 'ZWF12070VFH819', 14.9, 12.5, 5.5, '2018-01-01 10:00:00', 'PVL943J4D0VDC411');
insert into MisurazioneTriassiale (Codice, Sensore, ValoreX, ValoreY, ValoreZ, Timestamp, Edificio) values ('TERH4382KBQI', 'MTL05564SWI659', 13.8, 14.4, 10.5, '2018-01-01 10:00:00', 'FIO864T8K5QRG966');
insert into MisurazioneTriassiale (Codice, Sensore, ValoreX, ValoreY, ValoreZ, Timestamp, Edificio) values ('BQQQ8693EIQY', 'ZWF12070VFH819', 4.7, 5.5, 19.6, '2018-01-01 10:00:00', 'PVL943J4D0VDC411');
insert into MisurazioneTriassiale (Codice, Sensore, ValoreX, ValoreY, ValoreZ, Timestamp, Edificio) values ('UBQU6598PTUG', 'MTL05564SWI659', 7.3, 11.6, 5.4, '2018-01-01 10:00:00', 'FIO864T8K5QRG966');
insert into MisurazioneTriassiale (Codice, Sensore, ValoreX, ValoreY, ValoreZ, Timestamp, Edificio) values ('XOPJ3360MMJZ', 'ZWF12070VFH819', 8.2, 3.2, 16.6, '2018-01-01 10:00:00', 'PVL943J4D0VDC411');
insert into MisurazioneTriassiale (Codice, Sensore, ValoreX, ValoreY, ValoreZ, Timestamp, Edificio) values ('KXHO7552JYZW', 'MTL05564SWI659', 9.6, 16.8, 11.2, '2018-01-01 10:00:00', 'FIO864T8K5QRG966');
insert into MisurazioneTriassiale (Codice, Sensore, ValoreX, ValoreY, ValoreZ, Timestamp, Edificio) values ('RXKQ3022BSOK', 'ZWF12070VFH819', 19.5, 14.0, 15.3, '2018-01-01 10:00:00', 'PVL943J4D0VDC411');
insert into MisurazioneTriassiale (Codice, Sensore, ValoreX, ValoreY, ValoreZ, Timestamp, Edificio) values ('YLVG7293VSXV', 'MTL05564SWI659', 15.0, 18.0, 6.9, '2018-01-01 10:00:00', 'FIO864T8K5QRG966');
insert into MisurazioneTriassiale (Codice, Sensore, ValoreX, ValoreY, ValoreZ, Timestamp, Edificio) values ('QWAI6130FKSP', 'ZWF12070VFH819', 1.1, 19.2, 10.6, '2018-01-01 10:00:00', 'PVL943J4D0VDC411');
insert into MisurazioneTriassiale (Codice, Sensore, ValoreX, ValoreY, ValoreZ, Timestamp, Edificio) values ('OXMF9361BTPA', 'MTL05564SWI659', 2.5, 0.0, 19.1, '2018-01-01 10:00:00', 'FIO864T8K5QRG966');
insert into MisurazioneTriassiale (Codice, Sensore, ValoreX, ValoreY, ValoreZ, Timestamp, Edificio) values ('VMJY3178GADA', 'ZWF12070VFH819', 1.8, 3.7, 7.9, '2018-01-01 10:00:00', 'PVL943J4D0VDC411');
insert into MisurazioneTriassiale (Codice, Sensore, ValoreX, ValoreY, ValoreZ, Timestamp, Edificio) values ('DIEW6695CIDT', 'MTL05564SWI659', 9.2, 10.8, 3.6, '2018-01-01 10:00:00', 'FIO864T8K5QRG966');
insert into MisurazioneTriassiale (Codice, Sensore, ValoreX, ValoreY, ValoreZ, Timestamp, Edificio) values ('XUNP7058DBHG', 'ZWF12070VFH819', 4.0, 1.2, 11.6, '2018-01-01 10:00:00', 'PVL943J4D0VDC411');
insert into MisurazioneTriassiale (Codice, Sensore, ValoreX, ValoreY, ValoreZ, Timestamp, Edificio) values ('SQZI6353QRHH', 'MTL05564SWI659', 18.6, 19.1, 6.6, '2018-01-01 10:00:00', 'FIO864T8K5QRG966');
insert into MisurazioneTriassiale (Codice, Sensore, ValoreX, ValoreY, ValoreZ, Timestamp, Edificio) values ('BXKM3109RVHW', 'ZWF12070VFH819', 15.7, 2.1, 1.1, '2018-01-01 10:00:00', 'PVL943J4D0VDC411');
insert into MisurazioneTriassiale (Codice, Sensore, ValoreX, ValoreY, ValoreZ, Timestamp, Edificio) values ('VWPH7801ZWPQ', 'MTL05564SWI659', 1.9, 1.8, 14.5, '2018-01-01 10:00:00', 'FIO864T8K5QRG966');
insert into MisurazioneTriassiale (Codice, Sensore, ValoreX, ValoreY, ValoreZ, Timestamp, Edificio) values ('MNER6033SAOW', 'ZWF12070VFH819', 14.3, 15.7, 16.9, '2018-01-01 10:00:00', 'PVL943J4D0VDC411');
insert into MisurazioneTriassiale (Codice, Sensore, ValoreX, ValoreY, ValoreZ, Timestamp, Edificio) values ('WZQA9395TFXA', 'MTL05564SWI659', 18.6, 18.1, 2.2, '2018-01-01 10:00:00', 'FIO864T8K5QRG966');
insert into MisurazioneTriassiale (Codice, Sensore, ValoreX, ValoreY, ValoreZ, Timestamp, Edificio) values ('KMBS0665NKLY', 'ZWF12070VFH819', 14.3, 11.6, 2.0, '2018-01-01 10:00:00', 'PVL943J4D0VDC411');
insert into MisurazioneTriassiale (Codice, Sensore, ValoreX, ValoreY, ValoreZ, Timestamp, Edificio) values ('ICHZ0978FHJW', 'MTL05564SWI659', 16.6, 9.7, 19.2, '2018-01-01 10:00:00', 'FIO864T8K5QRG966');
insert into MisurazioneTriassiale (Codice, Sensore, ValoreX, ValoreY, ValoreZ, Timestamp, Edificio) values ('GDAT3493KCTA', 'ZWF12070VFH819', 2.3, 4.5, 4.7, '2018-01-01 10:00:00', 'PVL943J4D0VDC411');
insert into MisurazioneTriassiale (Codice, Sensore, ValoreX, ValoreY, ValoreZ, Timestamp, Edificio) values ('ZGWY3098UNIZ', 'MTL05564SWI659', 18.1, 3.2, 7.5, '2018-01-01 10:00:00', 'FIO864T8K5QRG966');
insert into MisurazioneTriassiale (Codice, Sensore, ValoreX, ValoreY, ValoreZ, Timestamp, Edificio) values ('UWLM5138MPSU', 'ZWF12070VFH819', 1.8, 3.5, 4.9, '2018-01-01 10:00:00', 'PVL943J4D0VDC411');
insert into MisurazioneTriassiale (Codice, Sensore, ValoreX, ValoreY, ValoreZ, Timestamp, Edificio) values ('SUXE1415FCEN', 'MTL05564SWI659', 4.8, 3.7, 6.1, '2018-01-01 10:00:00', 'FIO864T8K5QRG966');
insert into MisurazioneTriassiale (Codice, Sensore, ValoreX, ValoreY, ValoreZ, Timestamp, Edificio) values ('SRSW1080BSHO', 'ZWF12070VFH819', 1.8, 7.7, 1.1, '2018-01-01 10:00:00', 'PVL943J4D0VDC411');
insert into MisurazioneTriassiale (Codice, Sensore, ValoreX, ValoreY, ValoreZ, Timestamp, Edificio) values ('YEUF5180ZDPJ', 'MTL05564SWI659', 18.4, 11.2, 9.6, '2018-01-01 10:00:00', 'FIO864T8K5QRG966');
insert into MisurazioneTriassiale (Codice, Sensore, ValoreX, ValoreY, ValoreZ, Timestamp, Edificio) values ('TGOO8746ODBO', 'ZWF12070VFH819', 15.4, 12.5, 16.6, '2018-01-01 10:00:00', 'PVL943J4D0VDC411');
insert into MisurazioneTriassiale (Codice, Sensore, ValoreX, ValoreY, ValoreZ, Timestamp, Edificio) values ('CFSQ2270BIXL', 'MTL05564SWI659', 19.2, 15.7, 10.3, '2018-01-01 10:00:00', 'FIO864T8K5QRG966');
insert into MisurazioneTriassiale (Codice, Sensore, ValoreX, ValoreY, ValoreZ, Timestamp, Edificio) values ('UVPG2523MHDA', 'ZWF12070VFH819', 15.9, 9.5, 14.2, '2018-01-01 10:00:00', 'PVL943J4D0VDC411');
insert into MisurazioneTriassiale (Codice, Sensore, ValoreX, ValoreY, ValoreZ, Timestamp, Edificio) values ('TJFF5426TOOH', 'MTL05564SWI659', 13.0, 3.2, 5.6, '2018-01-01 10:00:00', 'FIO864T8K5QRG966');
insert into MisurazioneTriassiale (Codice, Sensore, ValoreX, ValoreY, ValoreZ, Timestamp, Edificio) values ('UMRH7213TUHV', 'ZWF12070VFH819', 10.2, 10.0, 13.1, '2018-01-01 10:00:00', 'PVL943J4D0VDC411');
insert into MisurazioneTriassiale (Codice, Sensore, ValoreX, ValoreY, ValoreZ, Timestamp, Edificio) values ('UIXH8065UBIO', 'MTL05564SWI659', 16.2, 5.8, 2.3, '2018-01-01 10:00:00', 'FIO864T8K5QRG966');
insert into MisurazioneTriassiale (Codice, Sensore, ValoreX, ValoreY, ValoreZ, Timestamp, Edificio) values ('MDQT4666WXNF', 'ZWF12070VFH819', 19.3, 6.7, 3.7, '2018-01-01 10:00:00', 'PVL943J4D0VDC411');
insert into MisurazioneTriassiale (Codice, Sensore, ValoreX, ValoreY, ValoreZ, Timestamp, Edificio) values ('XQMX7526HDXE', 'MTL05564SWI659', 13.5, 10.1, 18.9, '2018-01-01 10:00:00', 'FIO864T8K5QRG966');
insert into MisurazioneTriassiale (Codice, Sensore, ValoreX, ValoreY, ValoreZ, Timestamp, Edificio) values ('DOYX0989CIQB', 'ZWF12070VFH819', 9.2, 9.6, 8.9, '2018-01-01 10:00:00', 'PVL943J4D0VDC411');
insert into MisurazioneTriassiale (Codice, Sensore, ValoreX, ValoreY, ValoreZ, Timestamp, Edificio) values ('QAJS6944FSBO', 'MTL05564SWI659', 0.9, 14.1, 16.7, '2018-01-01 10:00:00', 'FIO864T8K5QRG966');
insert into MisurazioneTriassiale (Codice, Sensore, ValoreX, ValoreY, ValoreZ, Timestamp, Edificio) values ('GVBC3423XSTZ', 'ZWF12070VFH819', 5.0, 13.5, 4.6, '2018-01-01 10:00:00', 'PVL943J4D0VDC411');
insert into MisurazioneTriassiale (Codice, Sensore, ValoreX, ValoreY, ValoreZ, Timestamp, Edificio) values ('WOBZ3021OHVX', 'MTL05564SWI659', 4.9, 16.0, 2.1, '2018-01-01 10:00:00', 'FIO864T8K5QRG966');
insert into MisurazioneTriassiale (Codice, Sensore, ValoreX, ValoreY, ValoreZ, Timestamp, Edificio) values ('FTEA1578MOJO', 'ZWF12070VFH819', 10.3, 8.1, 14.6, '2018-01-01 10:00:00', 'PVL943J4D0VDC411');
insert into MisurazioneTriassiale (Codice, Sensore, ValoreX, ValoreY, ValoreZ, Timestamp, Edificio) values ('GAIM0201VAYZ', 'MTL05564SWI659', 5.6, 0.8, 12.6, '2018-01-01 10:00:00', 'FIO864T8K5QRG966');
insert into MisurazioneTriassiale (Codice, Sensore, ValoreX, ValoreY, ValoreZ, Timestamp, Edificio) values ('OHCR8278RWCK', 'ZWF12070VFH819', 0.9, 15.4, 14.0, '2018-01-01 10:00:00', 'PVL943J4D0VDC411');
insert into MisurazioneTriassiale (Codice, Sensore, ValoreX, ValoreY, ValoreZ, Timestamp, Edificio) values ('OPIO8444EUAE', 'MTL05564SWI659', 3.7, 17.5, 2.7, '2018-01-01 10:00:00', 'FIO864T8K5QRG966');
insert into MisurazioneTriassiale (Codice, Sensore, ValoreX, ValoreY, ValoreZ, Timestamp, Edificio) values ('VXKX5833TZDF', 'ZWF12070VFH819', 1.2, 7.4, 12.1, '2018-01-01 10:00:00', 'PVL943J4D0VDC411');
insert into MisurazioneTriassiale (Codice, Sensore, ValoreX, ValoreY, ValoreZ, Timestamp, Edificio) values ('HOZL9163YBKG', 'MTL05564SWI659', 8.0, 16.6, 17.5, '2018-01-01 10:00:00', 'FIO864T8K5QRG966');
insert into MisurazioneTriassiale (Codice, Sensore, ValoreX, ValoreY, ValoreZ, Timestamp, Edificio) values ('LWYU1363LNKW', 'ZWF12070VFH819', 13.6, 13.6, 16.9, '2018-01-01 10:00:00', 'PVL943J4D0VDC411');
insert into MisurazioneTriassiale (Codice, Sensore, ValoreX, ValoreY, ValoreZ, Timestamp, Edificio) values ('FOJU2483PVWV', 'MTL05564SWI659', 2.0, 2.7, 17.7, '2018-01-01 10:00:00', 'FIO864T8K5QRG966');
insert into MisurazioneTriassiale (Codice, Sensore, ValoreX, ValoreY, ValoreZ, Timestamp, Edificio) values ('VYFK0157CCWN', 'ZWF12070VFH819', 6.8, 4.6, 4.9, '2018-01-01 10:00:00', 'PVL943J4D0VDC411');
insert into MisurazioneTriassiale (Codice, Sensore, ValoreX, ValoreY, ValoreZ, Timestamp, Edificio) values ('HSYT2417JCRN', 'MTL05564SWI659', 14.0, 5.4, 10.3, '2018-01-01 10:00:00', 'FIO864T8K5QRG966');
insert into MisurazioneTriassiale (Codice, Sensore, ValoreX, ValoreY, ValoreZ, Timestamp, Edificio) values ('DAIH1858FMBE', 'ZWF12070VFH819', 5.7, 18.7, 0.8, '2018-01-01 10:00:00', 'PVL943J4D0VDC411');
insert into MisurazioneTriassiale (Codice, Sensore, ValoreX, ValoreY, ValoreZ, Timestamp, Edificio) values ('TZOB5147ANXG', 'MTL05564SWI659', 2.9, 0.6, 17.4, '2018-01-01 10:00:00', 'FIO864T8K5QRG966');
insert into MisurazioneTriassiale (Codice, Sensore, ValoreX, ValoreY, ValoreZ, Timestamp, Edificio) values ('PVEF5899BKXD', 'ZWF12070VFH819', 1.3, 15.2, 12.8, '2018-01-01 10:00:00', 'PVL943J4D0VDC411');
insert into MisurazioneTriassiale (Codice, Sensore, ValoreX, ValoreY, ValoreZ, Timestamp, Edificio) values ('HPBN1862USRT', 'MTL05564SWI659', 5.0, 16.9, 0.5, '2018-01-01 10:00:00', 'FIO864T8K5QRG966');
insert into MisurazioneTriassiale (Codice, Sensore, ValoreX, ValoreY, ValoreZ, Timestamp, Edificio) values ('MQQR8664FBWV', 'ZWF12070VFH819', 10.3, 19.7, 19.9, '2018-01-01 10:00:00', 'PVL943J4D0VDC411');
insert into MisurazioneTriassiale (Codice, Sensore, ValoreX, ValoreY, ValoreZ, Timestamp, Edificio) values ('VRZG6171YTLA', 'MTL05564SWI659', 8.9, 9.2, 15.9, '2018-01-01 10:00:00', 'FIO864T8K5QRG966');
insert into MisurazioneTriassiale (Codice, Sensore, ValoreX, ValoreY, ValoreZ, Timestamp, Edificio) values ('ICTG6404RCYP', 'ZWF12070VFH819', 9.5, 15.5, 2.1, '2018-01-01 10:00:00', 'PVL943J4D0VDC411');
insert into MisurazioneTriassiale (Codice, Sensore, ValoreX, ValoreY, ValoreZ, Timestamp, Edificio) values ('ROQS8877GPPA', 'MTL05564SWI659', 3.6, 14.4, 19.5, '2018-01-01 10:00:00', 'FIO864T8K5QRG966');
insert into MisurazioneTriassiale (Codice, Sensore, ValoreX, ValoreY, ValoreZ, Timestamp, Edificio) values ('EJJU9239VXPL', 'ZWF12070VFH819', 16.3, 5.6, 6.2, '2018-01-01 10:00:00', 'PVL943J4D0VDC411');
insert into MisurazioneTriassiale (Codice, Sensore, ValoreX, ValoreY, ValoreZ, Timestamp, Edificio) values ('HKRF9176QQNJ', 'MTL05564SWI659', 14.7, 10.8, 11.6, '2018-01-01 10:00:00', 'FIO864T8K5QRG966');
insert into MisurazioneTriassiale (Codice, Sensore, ValoreX, ValoreY, ValoreZ, Timestamp, Edificio) values ('RIRZ5738ERSQ', 'ZWF12070VFH819', 18.9, 19.5, 7.5, '2018-01-01 10:00:00', 'PVL943J4D0VDC411');
insert into MisurazioneTriassiale (Codice, Sensore, ValoreX, ValoreY, ValoreZ, Timestamp, Edificio) values ('NPRJ8567MMTI', 'MTL05564SWI659', 9.1, 2.9, 16.2, '2018-01-01 10:00:00', 'FIO864T8K5QRG966');
insert into MisurazioneTriassiale (Codice, Sensore, ValoreX, ValoreY, ValoreZ, Timestamp, Edificio) values ('TCUY1003LSCV', 'ZWF12070VFH819', 3.8, 17.9, 8.3, '2018-01-01 10:00:00', 'PVL943J4D0VDC411');
insert into MisurazioneTriassiale (Codice, Sensore, ValoreX, ValoreY, ValoreZ, Timestamp, Edificio) values ('VERK5472FXJK', 'MTL05564SWI659', 2.7, 19.0, 3.1, '2018-01-01 10:00:00', 'FIO864T8K5QRG966');
insert into MisurazioneTriassiale (Codice, Sensore, ValoreX, ValoreY, ValoreZ, Timestamp, Edificio) values ('AZQQ8742OJMY', 'ZWF12070VFH819', 17.1, 8.4, 18.6, '2018-01-01 10:00:00', 'PVL943J4D0VDC411');
insert into MisurazioneTriassiale (Codice, Sensore, ValoreX, ValoreY, ValoreZ, Timestamp, Edificio) values ('MYPU9418ASGF', 'MTL05564SWI659', 16.4, 19.4, 15.5, '2018-01-01 10:00:00', 'FIO864T8K5QRG966');
insert into MisurazioneTriassiale (Codice, Sensore, ValoreX, ValoreY, ValoreZ, Timestamp, Edificio) values ('KDIB0997ARCP', 'ZWF12070VFH819', 13.4, 10.3, 13.1, '2018-01-01 10:00:00', 'PVL943J4D0VDC411');
insert into MisurazioneTriassiale (Codice, Sensore, ValoreX, ValoreY, ValoreZ, Timestamp, Edificio) values ('DPGZ5596PLYQ', 'MTL05564SWI659', 9.5, 9.9, 2.3, '2018-01-01 10:00:00', 'FIO864T8K5QRG966');
insert into MisurazioneTriassiale (Codice, Sensore, ValoreX, ValoreY, ValoreZ, Timestamp, Edificio) values ('IEYE6481LXUU', 'ZWF12070VFH819', 19.4, 13.3, 10.1, '2018-01-01 10:00:00', 'PVL943J4D0VDC411');
insert into MisurazioneTriassiale (Codice, Sensore, ValoreX, ValoreY, ValoreZ, Timestamp, Edificio) values ('URXJ7612ABQJ', 'MTL05564SWI659', 16.9, 19.4, 5.1, '2018-01-01 10:00:00', 'FIO864T8K5QRG966');
insert into MisurazioneTriassiale (Codice, Sensore, ValoreX, ValoreY, ValoreZ, Timestamp, Edificio) values ('BYYY9671KYET', 'ZWF12070VFH819', 2.0, 9.6, 1.1, '2018-01-01 10:00:00', 'PVL943J4D0VDC411');
insert into MisurazioneTriassiale (Codice, Sensore, ValoreX, ValoreY, ValoreZ, Timestamp, Edificio) values ('LSHU7436MIWQ', 'MTL05564SWI659', 11.0, 5.0, 5.1, '2018-01-01 10:00:00', 'FIO864T8K5QRG966');
insert into MisurazioneTriassiale (Codice, Sensore, ValoreX, ValoreY, ValoreZ, Timestamp, Edificio) values ('HUWD8933OXJD', 'ZWF12070VFH819', 18.8, 9.1, 1.3, '2018-01-01 10:00:00', 'PVL943J4D0VDC411');
insert into MisurazioneTriassiale (Codice, Sensore, ValoreX, ValoreY, ValoreZ, Timestamp, Edificio) values ('EJUM3658YCPW', 'MTL05564SWI659', 18.1, 0.8, 18.0, '2018-01-01 10:00:00', 'FIO864T8K5QRG966');
insert into MisurazioneTriassiale (Codice, Sensore, ValoreX, ValoreY, ValoreZ, Timestamp, Edificio) values ('OBOX2001HBLM', 'ZWF12070VFH819', 17.7, 6.6, 2.5, '2018-01-01 10:00:00', 'PVL943J4D0VDC411');
insert into MisurazioneTriassiale (Codice, Sensore, ValoreX, ValoreY, ValoreZ, Timestamp, Edificio) values ('DCKM8021JWZM', 'MTL05564SWI659', 8.4, 9.1, 19.6, '2018-01-01 10:00:00', 'FIO864T8K5QRG966');
insert into MisurazioneTriassiale (Codice, Sensore, ValoreX, ValoreY, ValoreZ, Timestamp, Edificio) values ('XITX2553ZIQQ', 'ZWF12070VFH819', 4.0, 1.3, 14.3, '2018-01-01 10:00:00', 'PVL943J4D0VDC411');
insert into MisurazioneTriassiale (Codice, Sensore, ValoreX, ValoreY, ValoreZ, Timestamp, Edificio) values ('FYWY5544DCBZ', 'MTL05564SWI659', 7.4, 19.6, 11.1, '2018-01-01 10:00:00', 'FIO864T8K5QRG966');
insert into MisurazioneTriassiale (Codice, Sensore, ValoreX, ValoreY, ValoreZ, Timestamp, Edificio) values ('TSPO6084KFLB', 'ZWF12070VFH819', 8.2, 5.9, 16.5, '2018-01-01 10:00:00', 'PVL943J4D0VDC411');
insert into MisurazioneTriassiale (Codice, Sensore, ValoreX, ValoreY, ValoreZ, Timestamp, Edificio) values ('NQSO2916WESO', 'MTL05564SWI659', 15.0, 8.2, 18.8, '2018-01-01 10:00:00', 'FIO864T8K5QRG966');
insert into MisurazioneTriassiale (Codice, Sensore, ValoreX, ValoreY, ValoreZ, Timestamp, Edificio) values ('PZHP9590KCGU', 'ZWF12070VFH819', 4.4, 3.7, 10.7, '2018-01-01 10:00:00', 'PVL943J4D0VDC411');
insert into MisurazioneTriassiale (Codice, Sensore, ValoreX, ValoreY, ValoreZ, Timestamp, Edificio) values ('PRIB2643KYFA', 'MTL05564SWI659', 10.9, 10.3, 15.5, '2018-01-01 10:00:00', 'FIO864T8K5QRG966');
insert into MisurazioneTriassiale (Codice, Sensore, ValoreX, ValoreY, ValoreZ, Timestamp, Edificio) values ('WWXI3002IUXZ', 'ZWF12070VFH819', 15.8, 19.2, 15.1, '2018-01-01 10:00:00', 'PVL943J4D0VDC411');
insert into MisurazioneTriassiale (Codice, Sensore, ValoreX, ValoreY, ValoreZ, Timestamp, Edificio) values ('ZDNQ7007VTFS', 'MTL05564SWI659', 12.6, 6.2, 14.5, '2018-01-01 10:00:00', 'FIO864T8K5QRG966');
insert into MisurazioneTriassiale (Codice, Sensore, ValoreX, ValoreY, ValoreZ, Timestamp, Edificio) values ('HTPP3753JSRP', 'ZWF12070VFH819', 10.4, 1.1, 16.0, '2018-01-01 10:00:00', 'PVL943J4D0VDC411');
insert into MisurazioneTriassiale (Codice, Sensore, ValoreX, ValoreY, ValoreZ, Timestamp, Edificio) values ('LYRV4277ATAZ', 'MTL05564SWI659', 13.3, 1.6, 10.1, '2018-01-01 10:00:00', 'FIO864T8K5QRG966');
insert into MisurazioneTriassiale (Codice, Sensore, ValoreX, ValoreY, ValoreZ, Timestamp, Edificio) values ('WQXB6984JIBV', 'ZWF12070VFH819', 0.8, 19.0, 0.4, '2018-01-01 10:00:00', 'PVL943J4D0VDC411');
insert into MisurazioneTriassiale (Codice, Sensore, ValoreX, ValoreY, ValoreZ, Timestamp, Edificio) values ('ZAYN9707ZKVS', 'MTL05564SWI659', 19.6, 10.9, 12.5, '2018-01-01 10:00:00', 'FIO864T8K5QRG966');
insert into MisurazioneTriassiale (Codice, Sensore, ValoreX, ValoreY, ValoreZ, Timestamp, Edificio) values ('PJIN2087QRGI', 'ZWF12070VFH819', 2.0, 19.3, 5.1, '2018-01-01 10:00:00', 'PVL943J4D0VDC411');
insert into MisurazioneTriassiale (Codice, Sensore, ValoreX, ValoreY, ValoreZ, Timestamp, Edificio) values ('DIDW4559VBJZ', 'MTL05564SWI659', 16.5, 19.7, 4.5, '2018-01-01 10:00:00', 'FIO864T8K5QRG966');
insert into MisurazioneTriassiale (Codice, Sensore, ValoreX, ValoreY, ValoreZ, Timestamp, Edificio) values ('FTIH0692OANH', 'ZWF12070VFH819', 3.5, 16.0, 10.8, '2018-01-01 10:00:00', 'PVL943J4D0VDC411');
insert into MisurazioneTriassiale (Codice, Sensore, ValoreX, ValoreY, ValoreZ, Timestamp, Edificio) values ('HMKC9182PLCV', 'MTL05564SWI659', 9.5, 15.6, 15.7, '2018-01-01 10:00:00', 'FIO864T8K5QRG966');
insert into MisurazioneTriassiale (Codice, Sensore, ValoreX, ValoreY, ValoreZ, Timestamp, Edificio) values ('FXFU1655DFIW', 'ZWF12070VFH819', 17.7, 0.4, 19.2, '2018-01-01 10:00:00', 'PVL943J4D0VDC411');
insert into MisurazioneTriassiale (Codice, Sensore, ValoreX, ValoreY, ValoreZ, Timestamp, Edificio) values ('TGXB5282FYWG', 'MTL05564SWI659', 19.6, 1.1, 14.5, '2018-01-01 10:00:00', 'FIO864T8K5QRG966');
insert into MisurazioneTriassiale (Codice, Sensore, ValoreX, ValoreY, ValoreZ, Timestamp, Edificio) values ('WEEF6171RWZV', 'ZWF12070VFH819', 7.2, 0.8, 5.8, '2018-01-01 10:00:00', 'PVL943J4D0VDC411');
insert into MisurazioneTriassiale (Codice, Sensore, ValoreX, ValoreY, ValoreZ, Timestamp, Edificio) values ('MDWU4828ODUI', 'MTL05564SWI659', 4.7, 10.5, 7.6, '2018-01-01 10:00:00', 'FIO864T8K5QRG966');
insert into MisurazioneTriassiale (Codice, Sensore, ValoreX, ValoreY, ValoreZ, Timestamp, Edificio) values ('AHYI4814HEST', 'ZWF12070VFH819', 3.7, 15.1, 13.3, '2018-01-01 10:00:00', 'PVL943J4D0VDC411');
insert into MisurazioneTriassiale (Codice, Sensore, ValoreX, ValoreY, ValoreZ, Timestamp, Edificio) values ('EONQ1948SQFR', 'MTL05564SWI659', 14.1, 12.8, 10.2, '2018-01-01 10:00:00', 'FIO864T8K5QRG966');
insert into MisurazioneTriassiale (Codice, Sensore, ValoreX, ValoreY, ValoreZ, Timestamp, Edificio) values ('FIWD3275YRLL', 'ZWF12070VFH819', 15.9, 4.9, 5.3, '2018-01-01 10:00:00', 'PVL943J4D0VDC411');
insert into MisurazioneTriassiale (Codice, Sensore, ValoreX, ValoreY, ValoreZ, Timestamp, Edificio) values ('AFLN3186ONQL', 'MTL05564SWI659', 14.5, 2.2, 2.5, '2018-01-01 10:00:00', 'FIO864T8K5QRG966');
insert into MisurazioneTriassiale (Codice, Sensore, ValoreX, ValoreY, ValoreZ, Timestamp, Edificio) values ('LYCP0173GDTL', 'ZWF12070VFH819', 5.8, 5.4, 16.9, '2018-01-01 10:00:00', 'PVL943J4D0VDC411');
insert into MisurazioneTriassiale (Codice, Sensore, ValoreX, ValoreY, ValoreZ, Timestamp, Edificio) values ('GWXC0934WAPW', 'MTL05564SWI659', 7.7, 0.9, 10.4, '2018-01-01 10:00:00', 'FIO864T8K5QRG966');
insert into MisurazioneTriassiale (Codice, Sensore, ValoreX, ValoreY, ValoreZ, Timestamp, Edificio) values ('ICZQ3434LPLI', 'ZWF12070VFH819', 3.2, 7.5, 10.5, '2018-01-01 10:00:00', 'PVL943J4D0VDC411');
insert into MisurazioneTriassiale (Codice, Sensore, ValoreX, ValoreY, ValoreZ, Timestamp, Edificio) values ('NIEM9490VTIB', 'MTL05564SWI659', 0.4, 0.3, 6.4, '2018-01-01 10:00:00', 'FIO864T8K5QRG966');
insert into MisurazioneTriassiale (Codice, Sensore, ValoreX, ValoreY, ValoreZ, Timestamp, Edificio) values ('SDAA2303YCSC', 'ZWF12070VFH819', 7.3, 5.1, 9.8, '2018-01-01 10:00:00', 'PVL943J4D0VDC411');
insert into MisurazioneTriassiale (Codice, Sensore, ValoreX, ValoreY, ValoreZ, Timestamp, Edificio) values ('PKZO7944JDQJ', 'MTL05564SWI659', 16.6, 17.2, 7.0, '2018-01-01 10:00:00', 'FIO864T8K5QRG966');
insert into MisurazioneTriassiale (Codice, Sensore, ValoreX, ValoreY, ValoreZ, Timestamp, Edificio) values ('XMRR2990USFK', 'ZWF12070VFH819', 11.8, 2.7, 19.2, '2018-01-01 10:00:00', 'PVL943J4D0VDC411');
insert into MisurazioneTriassiale (Codice, Sensore, ValoreX, ValoreY, ValoreZ, Timestamp, Edificio) values ('CUXF9894GVPR', 'MTL05564SWI659', 15.9, 13.2, 18.7, '2018-01-01 10:00:00', 'FIO864T8K5QRG966');
insert into MisurazioneTriassiale (Codice, Sensore, ValoreX, ValoreY, ValoreZ, Timestamp, Edificio) values ('XMYS0912RSGC', 'ZWF12070VFH819', 6.9, 11.2, 11.3, '2018-01-01 10:00:00', 'PVL943J4D0VDC411');
insert into MisurazioneTriassiale (Codice, Sensore, ValoreX, ValoreY, ValoreZ, Timestamp, Edificio) values ('JEPS3942YLUH', 'MTL05564SWI659', 0.6, 0.1, 19.0, '2018-01-01 10:00:00', 'FIO864T8K5QRG966');
insert into MisurazioneTriassiale (Codice, Sensore, ValoreX, ValoreY, ValoreZ, Timestamp, Edificio) values ('FHSP0199INOW', 'ZWF12070VFH819', 10.2, 9.8, 11.8, '2018-01-01 10:00:00', 'PVL943J4D0VDC411');
insert into MisurazioneTriassiale (Codice, Sensore, ValoreX, ValoreY, ValoreZ, Timestamp, Edificio) values ('SRRQ1958LVEO', 'MTL05564SWI659', 6.8, 2.5, 14.4, '2018-01-01 10:00:00', 'FIO864T8K5QRG966');
insert into MisurazioneTriassiale (Codice, Sensore, ValoreX, ValoreY, ValoreZ, Timestamp, Edificio) values ('ZISW2327OTLE', 'ZWF12070VFH819', 5.7, 16.8, 0.8, '2018-01-01 10:00:00', 'PVL943J4D0VDC411');
insert into MisurazioneTriassiale (Codice, Sensore, ValoreX, ValoreY, ValoreZ, Timestamp, Edificio) values ('TWPO3438GKBQ', 'MTL05564SWI659', 8.0, 4.7, 12.1, '2018-01-01 10:00:00', 'FIO864T8K5QRG966');
insert into MisurazioneTriassiale (Codice, Sensore, ValoreX, ValoreY, ValoreZ, Timestamp, Edificio) values ('NDGS0396ITMN', 'ZWF12070VFH819', 12.3, 14.7, 13.8, '2018-01-01 10:00:00', 'PVL943J4D0VDC411');
insert into MisurazioneTriassiale (Codice, Sensore, ValoreX, ValoreY, ValoreZ, Timestamp, Edificio) values ('OIJZ2262GCRU', 'MTL05564SWI659', 15.6, 1.2, 16.7, '2018-01-01 10:00:00', 'FIO864T8K5QRG966');
insert into MisurazioneTriassiale (Codice, Sensore, ValoreX, ValoreY, ValoreZ, Timestamp, Edificio) values ('WBTZ6175ROSO', 'ZWF12070VFH819', 9.4, 8.9, 9.2, '2018-01-01 10:00:00', 'PVL943J4D0VDC411');
insert into MisurazioneTriassiale (Codice, Sensore, ValoreX, ValoreY, ValoreZ, Timestamp, Edificio) values ('KQAP6235KFMN', 'MTL05564SWI659', 8.5, 19.2, 18.2, '2018-01-01 10:00:00', 'FIO864T8K5QRG966');
insert into MisurazioneTriassiale (Codice, Sensore, ValoreX, ValoreY, ValoreZ, Timestamp, Edificio) values ('HKEK0127JVML', 'ZWF12070VFH819', 10.7, 10.5, 3.5, '2018-01-01 10:00:00', 'PVL943J4D0VDC411');
insert into MisurazioneTriassiale (Codice, Sensore, ValoreX, ValoreY, ValoreZ, Timestamp, Edificio) values ('BCAF3215SRET', 'MTL05564SWI659', 6.1, 6.0, 3.7, '2018-01-01 10:00:00', 'FIO864T8K5QRG966');
insert into MisurazioneTriassiale (Codice, Sensore, ValoreX, ValoreY, ValoreZ, Timestamp, Edificio) values ('KJCQ1339KDUW', 'ZWF12070VFH819', 18.4, 19.9, 2.5, '2018-01-01 10:00:00', 'PVL943J4D0VDC411');
insert into MisurazioneTriassiale (Codice, Sensore, ValoreX, ValoreY, ValoreZ, Timestamp, Edificio) values ('GVFA7637ZFKX', 'MTL05564SWI659', 0.1, 0.4, 4.6, '2018-01-01 10:00:00', 'FIO864T8K5QRG966');
insert into MisurazioneTriassiale (Codice, Sensore, ValoreX, ValoreY, ValoreZ, Timestamp, Edificio) values ('QMAF6714CAVS', 'ZWF12070VFH819', 10.3, 10.1, 17.1, '2018-01-01 10:00:00', 'PVL943J4D0VDC411');
insert into MisurazioneTriassiale (Codice, Sensore, ValoreX, ValoreY, ValoreZ, Timestamp, Edificio) values ('GMZW1703ZKQA', 'MTL05564SWI659', 1.8, 4.3, 3.3, '2018-01-01 10:00:00', 'FIO864T8K5QRG966');
insert into MisurazioneTriassiale (Codice, Sensore, ValoreX, ValoreY, ValoreZ, Timestamp, Edificio) values ('YRJO6712EEKA', 'ZWF12070VFH819', 10.2, 6.1, 18.7, '2018-01-01 10:00:00', 'PVL943J4D0VDC411');
insert into MisurazioneTriassiale (Codice, Sensore, ValoreX, ValoreY, ValoreZ, Timestamp, Edificio) values ('XXLP1550VTLK', 'MTL05564SWI659', 15.6, 1.4, 11.8, '2018-01-01 10:00:00', 'FIO864T8K5QRG966');
insert into MisurazioneTriassiale (Codice, Sensore, ValoreX, ValoreY, ValoreZ, Timestamp, Edificio) values ('BGLV5538RVRK', 'ZWF12070VFH819', 7.0, 6.6, 8.0, '2018-01-01 10:00:00', 'PVL943J4D0VDC411');
insert into MisurazioneTriassiale (Codice, Sensore, ValoreX, ValoreY, ValoreZ, Timestamp, Edificio) values ('HPTG8372CQWC', 'MTL05564SWI659', 10.5, 16.5, 19.9, '2018-01-01 10:00:00', 'FIO864T8K5QRG966');
insert into MisurazioneTriassiale (Codice, Sensore, ValoreX, ValoreY, ValoreZ, Timestamp, Edificio) values ('HJMB1186STDO', 'ZWF12070VFH819', 0.6, 0.1, 1.6, '2018-01-01 10:00:00', 'PVL943J4D0VDC411');
insert into MisurazioneTriassiale (Codice, Sensore, ValoreX, ValoreY, ValoreZ, Timestamp, Edificio) values ('RIYS4819DTOQ', 'MTL05564SWI659', 9.1, 4.7, 18.3, '2018-01-01 10:00:00', 'FIO864T8K5QRG966');
insert into MisurazioneTriassiale (Codice, Sensore, ValoreX, ValoreY, ValoreZ, Timestamp, Edificio) values ('YSYB9485YBJP', 'ZWF12070VFH819', 5.1, 19.1, 2.6, '2018-01-01 10:00:00', 'PVL943J4D0VDC411');
insert into MisurazioneTriassiale (Codice, Sensore, ValoreX, ValoreY, ValoreZ, Timestamp, Edificio) values ('PNXN5436UEUQ', 'MTL05564SWI659', 5.9, 1.7, 16.6, '2018-01-01 10:00:00', 'FIO864T8K5QRG966');
insert into MisurazioneTriassiale (Codice, Sensore, ValoreX, ValoreY, ValoreZ, Timestamp, Edificio) values ('ELOR6630GPVV', 'ZWF12070VFH819', 0.4, 11.1, 11.6, '2018-01-01 10:00:00', 'PVL943J4D0VDC411');
insert into MisurazioneTriassiale (Codice, Sensore, ValoreX, ValoreY, ValoreZ, Timestamp, Edificio) values ('HAXN6049JBEH', 'MTL05564SWI659', 16.8, 8.9, 13.6, '2018-01-01 10:00:00', 'FIO864T8K5QRG966');
insert into MisurazioneTriassiale (Codice, Sensore, ValoreX, ValoreY, ValoreZ, Timestamp, Edificio) values ('NPBQ8058HYSA', 'ZWF12070VFH819', 9.4, 1.2, 6.7, '2018-01-01 10:00:00', 'PVL943J4D0VDC411');
insert into MisurazioneTriassiale (Codice, Sensore, ValoreX, ValoreY, ValoreZ, Timestamp, Edificio) values ('TIIZ3655ZBZZ', 'MTL05564SWI659', 19.3, 2.2, 18.6, '2018-01-01 10:00:00', 'FIO864T8K5QRG966');
insert into MisurazioneTriassiale (Codice, Sensore, ValoreX, ValoreY, ValoreZ, Timestamp, Edificio) values ('VJWK4374OPKJ', 'ZWF12070VFH819', 2.0, 12.4, 0.7, '2018-01-01 10:00:00', 'PVL943J4D0VDC411');
insert into MisurazioneTriassiale (Codice, Sensore, ValoreX, ValoreY, ValoreZ, Timestamp, Edificio) values ('RRKU6694ICUX', 'MTL05564SWI659', 16.1, 4.3, 6.5, '2018-01-01 10:00:00', 'FIO864T8K5QRG966');
insert into MisurazioneTriassiale (Codice, Sensore, ValoreX, ValoreY, ValoreZ, Timestamp, Edificio) values ('UQFI7016HFOP', 'ZWF12070VFH819', 15.8, 5.4, 13.0, '2018-01-01 10:00:00', 'PVL943J4D0VDC411');
insert into MisurazioneTriassiale (Codice, Sensore, ValoreX, ValoreY, ValoreZ, Timestamp, Edificio) values ('DORY4482RLSW', 'MTL05564SWI659', 18.0, 19.9, 9.6, '2018-01-01 10:00:00', 'FIO864T8K5QRG966');
insert into MisurazioneTriassiale (Codice, Sensore, ValoreX, ValoreY, ValoreZ, Timestamp, Edificio) values ('NQFU2832CBUL', 'ZWF12070VFH819', 8.5, 7.8, 0.9, '2018-01-01 10:00:00', 'PVL943J4D0VDC411');
insert into MisurazioneTriassiale (Codice, Sensore, ValoreX, ValoreY, ValoreZ, Timestamp, Edificio) values ('CZOB7225GQTN', 'MTL05564SWI659', 17.4, 18.4, 5.4, '2018-01-01 10:00:00', 'FIO864T8K5QRG966');
insert into MisurazioneTriassiale (Codice, Sensore, ValoreX, ValoreY, ValoreZ, Timestamp, Edificio) values ('ZPGB3020OAKR', 'ZWF12070VFH819', 8.4, 9.9, 2.8, '2018-01-01 10:00:00', 'PVL943J4D0VDC411');
insert into MisurazioneTriassiale (Codice, Sensore, ValoreX, ValoreY, ValoreZ, Timestamp, Edificio) values ('VGPX8531PIFZ', 'MTL05564SWI659', 17.6, 8.6, 15.3, '2018-01-01 10:00:00', 'FIO864T8K5QRG966');
insert into MisurazioneTriassiale (Codice, Sensore, ValoreX, ValoreY, ValoreZ, Timestamp, Edificio) values ('OMEX0465XFBU', 'ZWF12070VFH819', 13.2, 19.4, 16.7, '2018-01-01 10:00:00', 'PVL943J4D0VDC411');
insert into MisurazioneTriassiale (Codice, Sensore, ValoreX, ValoreY, ValoreZ, Timestamp, Edificio) values ('QSDZ8593AJTO', 'MTL05564SWI659', 19.6, 3.1, 7.7, '2018-01-01 10:00:00', 'FIO864T8K5QRG966');
insert into MisurazioneTriassiale (Codice, Sensore, ValoreX, ValoreY, ValoreZ, Timestamp, Edificio) values ('LHJP7271UVOD', 'ZWF12070VFH819', 10.7, 17.3, 7.3, '2018-01-01 10:00:00', 'PVL943J4D0VDC411');
insert into MisurazioneTriassiale (Codice, Sensore, ValoreX, ValoreY, ValoreZ, Timestamp, Edificio) values ('PKAE3820FKUJ', 'MTL05564SWI659', 1.8, 1.4, 8.1, '2018-01-01 10:00:00', 'FIO864T8K5QRG966');
insert into MisurazioneTriassiale (Codice, Sensore, ValoreX, ValoreY, ValoreZ, Timestamp, Edificio) values ('EEMT1227LKSJ', 'ZWF12070VFH819', 18.3, 4.5, 14.1, '2018-01-01 10:00:00', 'PVL943J4D0VDC411');
insert into MisurazioneTriassiale (Codice, Sensore, ValoreX, ValoreY, ValoreZ, Timestamp, Edificio) values ('BHCS3723SHQO', 'MTL05564SWI659', 17.1, 17.6, 14.8, '2018-01-01 10:00:00', 'FIO864T8K5QRG966');
insert into MisurazioneTriassiale (Codice, Sensore, ValoreX, ValoreY, ValoreZ, Timestamp, Edificio) values ('LNRN7243ZVUT', 'ZWF12070VFH819', 0.9, 16.1, 15.8, '2018-01-01 10:00:00', 'PVL943J4D0VDC411');
insert into MisurazioneTriassiale (Codice, Sensore, ValoreX, ValoreY, ValoreZ, Timestamp, Edificio) values ('XWEB9628MTBA', 'MTL05564SWI659', 2.3, 12.9, 5.2, '2018-01-01 10:00:00', 'FIO864T8K5QRG966');
insert into MisurazioneTriassiale (Codice, Sensore, ValoreX, ValoreY, ValoreZ, Timestamp, Edificio) values ('GBBS5872BUAO', 'ZWF12070VFH819', 19.3, 9.7, 19.4, '2018-01-01 10:00:00', 'PVL943J4D0VDC411');
insert into MisurazioneTriassiale (Codice, Sensore, ValoreX, ValoreY, ValoreZ, Timestamp, Edificio) values ('NOCX3744FVHB', 'MTL05564SWI659', 5.6, 15.2, 12.9, '2018-01-01 10:00:00', 'FIO864T8K5QRG966');
insert into MisurazioneTriassiale (Codice, Sensore, ValoreX, ValoreY, ValoreZ, Timestamp, Edificio) values ('ZGEG0698LIHM', 'ZWF12070VFH819', 1.8, 16.4, 1.5, '2018-01-01 10:00:00', 'PVL943J4D0VDC411');
insert into MisurazioneTriassiale (Codice, Sensore, ValoreX, ValoreY, ValoreZ, Timestamp, Edificio) values ('WILS1898ZWRY', 'MTL05564SWI659', 17.5, 7.3, 10.0, '2018-01-01 10:00:00', 'FIO864T8K5QRG966');
insert into MisurazioneTriassiale (Codice, Sensore, ValoreX, ValoreY, ValoreZ, Timestamp, Edificio) values ('LHIB1598DGEW', 'ZWF12070VFH819', 12.0, 13.5, 15.9, '2018-01-01 10:00:00', 'PVL943J4D0VDC411');
insert into MisurazioneTriassiale (Codice, Sensore, ValoreX, ValoreY, ValoreZ, Timestamp, Edificio) values ('DUQA2236VKPZ', 'MTL05564SWI659', 19.4, 7.5, 5.3, '2018-01-01 10:00:00', 'FIO864T8K5QRG966');
insert into MisurazioneTriassiale (Codice, Sensore, ValoreX, ValoreY, ValoreZ, Timestamp, Edificio) values ('AZFG2245JMVK', 'ZWF12070VFH819', 15.1, 13.7, 19.4, '2018-01-01 10:00:00', 'PVL943J4D0VDC411');
insert into MisurazioneTriassiale (Codice, Sensore, ValoreX, ValoreY, ValoreZ, Timestamp, Edificio) values ('MOGD2066YWNX', 'MTL05564SWI659', 19.9, 12.2, 10.6, '2018-01-01 10:00:00', 'FIO864T8K5QRG966');
insert into MisurazioneTriassiale (Codice, Sensore, ValoreX, ValoreY, ValoreZ, Timestamp, Edificio) values ('FUCX9635WYJS', 'ZWF12070VFH819', 3.6, 19.5, 3.9, '2018-01-01 10:00:00', 'PVL943J4D0VDC411');
insert into MisurazioneTriassiale (Codice, Sensore, ValoreX, ValoreY, ValoreZ, Timestamp, Edificio) values ('UFFI7311RFAQ', 'MTL05564SWI659', 5.8, 5.2, 19.2, '2018-01-01 10:00:00', 'FIO864T8K5QRG966');
insert into MisurazioneTriassiale (Codice, Sensore, ValoreX, ValoreY, ValoreZ, Timestamp, Edificio) values ('GPNQ7280AJZO', 'ZWF12070VFH819', 3.3, 9.7, 4.6, '2018-01-01 10:00:00', 'PVL943J4D0VDC411');
insert into MisurazioneTriassiale (Codice, Sensore, ValoreX, ValoreY, ValoreZ, Timestamp, Edificio) values ('YKSF2253WVUL', 'MTL05564SWI659', 8.4, 15.8, 19.4, '2018-01-01 10:00:00', 'FIO864T8K5QRG966');
insert into MisurazioneTriassiale (Codice, Sensore, ValoreX, ValoreY, ValoreZ, Timestamp, Edificio) values ('DIOG8582GDSM', 'ZWF12070VFH819', 4.9, 7.2, 15.0, '2018-01-01 10:00:00', 'PVL943J4D0VDC411');
insert into MisurazioneTriassiale (Codice, Sensore, ValoreX, ValoreY, ValoreZ, Timestamp, Edificio) values ('LOUL5991ATSL', 'MTL05564SWI659', 14.9, 12.7, 14.5, '2018-01-01 10:00:00', 'FIO864T8K5QRG966');
insert into MisurazioneTriassiale (Codice, Sensore, ValoreX, ValoreY, ValoreZ, Timestamp, Edificio) values ('ZAMC2461GLFH', 'ZWF12070VFH819', 8.7, 18.7, 0.4, '2018-01-01 10:00:00', 'PVL943J4D0VDC411');
insert into MisurazioneTriassiale (Codice, Sensore, ValoreX, ValoreY, ValoreZ, Timestamp, Edificio) values ('OCQH0255UBMR', 'MTL05564SWI659', 5.1, 0.6, 15.6, '2018-01-01 10:00:00', 'FIO864T8K5QRG966');
insert into MisurazioneTriassiale (Codice, Sensore, ValoreX, ValoreY, ValoreZ, Timestamp, Edificio) values ('NZDN0079OAPS', 'ZWF12070VFH819', 5.6, 2.3, 11.6, '2018-01-01 10:00:00', 'PVL943J4D0VDC411');
insert into MisurazioneTriassiale (Codice, Sensore, ValoreX, ValoreY, ValoreZ, Timestamp, Edificio) values ('KAQO8229RIKE', 'MTL05564SWI659', 10.5, 3.0, 11.9, '2018-01-01 10:00:00', 'FIO864T8K5QRG966');
insert into MisurazioneTriassiale (Codice, Sensore, ValoreX, ValoreY, ValoreZ, Timestamp, Edificio) values ('FSBV5319RLFV', 'ZWF12070VFH819', 18.7, 10.7, 0.1, '2018-01-01 10:00:00', 'PVL943J4D0VDC411');
insert into MisurazioneTriassiale (Codice, Sensore, ValoreX, ValoreY, ValoreZ, Timestamp, Edificio) values ('QKXA4911VMUE', 'MTL05564SWI659', 17.6, 18.7, 18.3, '2018-01-01 10:00:00', 'FIO864T8K5QRG966');
insert into MisurazioneTriassiale (Codice, Sensore, ValoreX, ValoreY, ValoreZ, Timestamp, Edificio) values ('AWQS3623ETZF', 'ZWF12070VFH819', 14.7, 18.7, 2.3, '2018-01-01 10:00:00', 'PVL943J4D0VDC411');
insert into MisurazioneTriassiale (Codice, Sensore, ValoreX, ValoreY, ValoreZ, Timestamp, Edificio) values ('LQKQ6630OSTW', 'MTL05564SWI659', 12.2, 5.9, 9.5, '2018-01-01 10:00:00', 'FIO864T8K5QRG966');
insert into MisurazioneTriassiale (Codice, Sensore, ValoreX, ValoreY, ValoreZ, Timestamp, Edificio) values ('SIZA4146PIDF', 'ZWF12070VFH819', 7.5, 5.3, 14.9, '2018-01-01 10:00:00', 'PVL943J4D0VDC411');
insert into MisurazioneTriassiale (Codice, Sensore, ValoreX, ValoreY, ValoreZ, Timestamp, Edificio) values ('XZIL8004YNBP', 'MTL05564SWI659', 1.9, 7.9, 7.8, '2018-01-01 10:00:00', 'FIO864T8K5QRG966');
insert into MisurazioneTriassiale (Codice, Sensore, ValoreX, ValoreY, ValoreZ, Timestamp, Edificio) values ('GLFS4541ZVYR', 'ZWF12070VFH819', 0.5, 14.2, 4.7, '2018-01-01 10:00:00', 'PVL943J4D0VDC411');
insert into MisurazioneTriassiale (Codice, Sensore, ValoreX, ValoreY, ValoreZ, Timestamp, Edificio) values ('VWLT9863TSOW', 'MTL05564SWI659', 2.5, 10.5, 3.8, '2018-01-01 10:00:00', 'FIO864T8K5QRG966');
insert into MisurazioneTriassiale (Codice, Sensore, ValoreX, ValoreY, ValoreZ, Timestamp, Edificio) values ('SVHU6979KOFN', 'ZWF12070VFH819', 0.5, 15.8, 4.4, '2018-01-01 10:00:00', 'PVL943J4D0VDC411');
insert into MisurazioneTriassiale (Codice, Sensore, ValoreX, ValoreY, ValoreZ, Timestamp, Edificio) values ('WEAI2440MPUM', 'MTL05564SWI659', 9.3, 1.9, 18.0, '2018-01-01 10:00:00', 'FIO864T8K5QRG966');
insert into MisurazioneTriassiale (Codice, Sensore, ValoreX, ValoreY, ValoreZ, Timestamp, Edificio) values ('OHPI5594IOTK', 'ZWF12070VFH819', 3.3, 4.7, 11.9, '2018-01-01 10:00:00', 'PVL943J4D0VDC411');
insert into MisurazioneTriassiale (Codice, Sensore, ValoreX, ValoreY, ValoreZ, Timestamp, Edificio) values ('MHLA8843SEFD', 'MTL05564SWI659', 0.3, 13.2, 12.3, '2018-01-01 10:00:00', 'FIO864T8K5QRG966');
insert into MisurazioneTriassiale (Codice, Sensore, ValoreX, ValoreY, ValoreZ, Timestamp, Edificio) values ('FLRG6868ENOU', 'ZWF12070VFH819', 17.7, 9.5, 12.7, '2018-01-01 10:00:00', 'PVL943J4D0VDC411');
insert into MisurazioneTriassiale (Codice, Sensore, ValoreX, ValoreY, ValoreZ, Timestamp, Edificio) values ('ZSBK6658URAS', 'MTL05564SWI659', 7.8, 4.7, 15.6, '2018-01-01 10:00:00', 'FIO864T8K5QRG966');
insert into MisurazioneTriassiale (Codice, Sensore, ValoreX, ValoreY, ValoreZ, Timestamp, Edificio) values ('PTRY3110AVUJ', 'ZWF12070VFH819', 8.4, 18.4, 11.3, '2018-01-01 10:00:00', 'PVL943J4D0VDC411');
insert into MisurazioneTriassiale (Codice, Sensore, ValoreX, ValoreY, ValoreZ, Timestamp, Edificio) values ('ACTU4980NWED', 'MTL05564SWI659', 11.8, 8.4, 4.4, '2018-01-01 10:00:00', 'FIO864T8K5QRG966');
insert into MisurazioneTriassiale (Codice, Sensore, ValoreX, ValoreY, ValoreZ, Timestamp, Edificio) values ('AYAK7190NKQU', 'ZWF12070VFH819', 0.6, 14.8, 18.7, '2018-01-01 10:00:00', 'PVL943J4D0VDC411');
insert into MisurazioneTriassiale (Codice, Sensore, ValoreX, ValoreY, ValoreZ, Timestamp, Edificio) values ('XEDI0377PMDF', 'MTL05564SWI659', 3.5, 6.1, 8.9, '2018-01-01 10:00:00', 'FIO864T8K5QRG966');
insert into MisurazioneTriassiale (Codice, Sensore, ValoreX, ValoreY, ValoreZ, Timestamp, Edificio) values ('NMYF9076NUGP', 'ZWF12070VFH819', 5.9, 4.4, 19.5, '2018-01-01 10:00:00', 'PVL943J4D0VDC411');
insert into MisurazioneTriassiale (Codice, Sensore, ValoreX, ValoreY, ValoreZ, Timestamp, Edificio) values ('FPWQ3305PZGR', 'MTL05564SWI659', 5.6, 6.9, 2.9, '2018-01-01 10:00:00', 'FIO864T8K5QRG966');
insert into MisurazioneTriassiale (Codice, Sensore, ValoreX, ValoreY, ValoreZ, Timestamp, Edificio) values ('KSZJ5764RCKV', 'ZWF12070VFH819', 7.6, 0.5, 10.8, '2018-01-01 10:00:00', 'PVL943J4D0VDC411');
insert into MisurazioneTriassiale (Codice, Sensore, ValoreX, ValoreY, ValoreZ, Timestamp, Edificio) values ('AYJS1662BOJM', 'MTL05564SWI659', 3.4, 3.4, 3.7, '2018-01-01 10:00:00', 'FIO864T8K5QRG966');
insert into MisurazioneTriassiale (Codice, Sensore, ValoreX, ValoreY, ValoreZ, Timestamp, Edificio) values ('PMQZ1898UBMT', 'ZWF12070VFH819', 11.1, 3.3, 5.1, '2018-01-01 10:00:00', 'PVL943J4D0VDC411');
insert into MisurazioneTriassiale (Codice, Sensore, ValoreX, ValoreY, ValoreZ, Timestamp, Edificio) values ('KTBO6231LJBT', 'MTL05564SWI659', 10.4, 12.2, 12.5, '2018-01-01 10:00:00', 'FIO864T8K5QRG966');
insert into MisurazioneTriassiale (Codice, Sensore, ValoreX, ValoreY, ValoreZ, Timestamp, Edificio) values ('UDNM2065QNRL', 'ZWF12070VFH819', 9.8, 3.8, 15.6, '2018-01-01 10:00:00', 'PVL943J4D0VDC411');
insert into MisurazioneTriassiale (Codice, Sensore, ValoreX, ValoreY, ValoreZ, Timestamp, Edificio) values ('WRAG6312NDBU', 'MTL05564SWI659', 11.9, 3.4, 13.4, '2018-01-01 10:00:00', 'FIO864T8K5QRG966');
insert into MisurazioneTriassiale (Codice, Sensore, ValoreX, ValoreY, ValoreZ, Timestamp, Edificio) values ('CLVE8157SSKP', 'ZWF12070VFH819', 3.2, 15.8, 5.0, '2018-01-01 10:00:00', 'PVL943J4D0VDC411');
insert into MisurazioneTriassiale (Codice, Sensore, ValoreX, ValoreY, ValoreZ, Timestamp, Edificio) values ('ZSYA7165FVSN', 'MTL05564SWI659', 5.4, 6.5, 9.2, '2018-01-01 10:00:00', 'FIO864T8K5QRG966');
insert into MisurazioneTriassiale (Codice, Sensore, ValoreX, ValoreY, ValoreZ, Timestamp, Edificio) values ('HLEM1789CVLB', 'ZWF12070VFH819', 3.3, 18.3, 14.1, '2018-01-01 10:00:00', 'PVL943J4D0VDC411');
insert into MisurazioneTriassiale (Codice, Sensore, ValoreX, ValoreY, ValoreZ, Timestamp, Edificio) values ('TEQI4551IAHC', 'MTL05564SWI659', 10.3, 16.4, 4.3, '2018-01-01 10:00:00', 'FIO864T8K5QRG966');
insert into MisurazioneTriassiale (Codice, Sensore, ValoreX, ValoreY, ValoreZ, Timestamp, Edificio) values ('BOWN8484VPCE', 'ZWF12070VFH819', 15.4, 0.6, 11.7, '2018-01-01 10:00:00', 'PVL943J4D0VDC411');
insert into MisurazioneTriassiale (Codice, Sensore, ValoreX, ValoreY, ValoreZ, Timestamp, Edificio) values ('YPZZ2022OMRA', 'MTL05564SWI659', 7.2, 10.8, 9.0, '2018-01-01 10:00:00', 'FIO864T8K5QRG966');
insert into MisurazioneTriassiale (Codice, Sensore, ValoreX, ValoreY, ValoreZ, Timestamp, Edificio) values ('GOTY6195LAUI', 'ZWF12070VFH819', 13.6, 16.4, 17.6, '2018-01-01 10:00:00', 'PVL943J4D0VDC411');
insert into MisurazioneTriassiale (Codice, Sensore, ValoreX, ValoreY, ValoreZ, Timestamp, Edificio) values ('VNLX8520QDQO', 'MTL05564SWI659', 2.1, 2.4, 0.9, '2018-01-01 10:00:00', 'FIO864T8K5QRG966');
insert into MisurazioneTriassiale (Codice, Sensore, ValoreX, ValoreY, ValoreZ, Timestamp, Edificio) values ('QLVH9103FWXN', 'ZWF12070VFH819', 13.0, 17.6, 3.1, '2018-01-01 10:00:00', 'PVL943J4D0VDC411');
insert into MisurazioneTriassiale (Codice, Sensore, ValoreX, ValoreY, ValoreZ, Timestamp, Edificio) values ('MEPF6550OPYE', 'MTL05564SWI659', 5.1, 12.1, 17.9, '2018-01-01 10:00:00', 'FIO864T8K5QRG966');
insert into MisurazioneTriassiale (Codice, Sensore, ValoreX, ValoreY, ValoreZ, Timestamp, Edificio) values ('JPDF2233HQGQ', 'ZWF12070VFH819', 0.0, 8.0, 0.9, '2018-01-01 10:00:00', 'PVL943J4D0VDC411');
insert into MisurazioneTriassiale (Codice, Sensore, ValoreX, ValoreY, ValoreZ, Timestamp, Edificio) values ('QNYS2066JYHM', 'MTL05564SWI659', 17.1, 2.5, 17.2, '2018-01-01 10:00:00', 'FIO864T8K5QRG966');
insert into MisurazioneTriassiale (Codice, Sensore, ValoreX, ValoreY, ValoreZ, Timestamp, Edificio) values ('HCAU4345RPGN', 'ZWF12070VFH819', 0.2, 10.5, 10.7, '2018-01-01 10:00:00', 'PVL943J4D0VDC411');
insert into MisurazioneTriassiale (Codice, Sensore, ValoreX, ValoreY, ValoreZ, Timestamp, Edificio) values ('GFLJ6672CKYN', 'MTL05564SWI659', 14.2, 3.2, 13.1, '2018-01-01 10:00:00', 'FIO864T8K5QRG966');
insert into MisurazioneTriassiale (Codice, Sensore, ValoreX, ValoreY, ValoreZ, Timestamp, Edificio) values ('JDEX4687LLZN', 'ZWF12070VFH819', 12.7, 14.7, 15.1, '2018-01-01 10:00:00', 'PVL943J4D0VDC411');
insert into MisurazioneTriassiale (Codice, Sensore, ValoreX, ValoreY, ValoreZ, Timestamp, Edificio) values ('WNJG6190IVXN', 'MTL05564SWI659', 6.6, 5.2, 12.6, '2018-01-01 10:00:00', 'FIO864T8K5QRG966');
insert into MisurazioneTriassiale (Codice, Sensore, ValoreX, ValoreY, ValoreZ, Timestamp, Edificio) values ('GWSD1162TFBH', 'ZWF12070VFH819', 9.4, 14.5, 7.0, '2018-01-01 10:00:00', 'PVL943J4D0VDC411');
insert into MisurazioneTriassiale (Codice, Sensore, ValoreX, ValoreY, ValoreZ, Timestamp, Edificio) values ('SFWA2477QRFG', 'MTL05564SWI659', 1.4, 8.5, 4.1, '2018-01-01 10:00:00', 'FIO864T8K5QRG966');
insert into MisurazioneTriassiale (Codice, Sensore, ValoreX, ValoreY, ValoreZ, Timestamp, Edificio) values ('JGAR3596YKBN', 'ZWF12070VFH819', 0.0, 11.8, 19.4, '2018-01-01 10:00:00', 'PVL943J4D0VDC411');
insert into MisurazioneTriassiale (Codice, Sensore, ValoreX, ValoreY, ValoreZ, Timestamp, Edificio) values ('YEBX5084SKDR', 'MTL05564SWI659', 13.6, 15.6, 7.3, '2018-01-01 10:00:00', 'FIO864T8K5QRG966');
insert into MisurazioneTriassiale (Codice, Sensore, ValoreX, ValoreY, ValoreZ, Timestamp, Edificio) values ('FOZN5309OEDU', 'ZWF12070VFH819', 11.1, 18.4, 17.0, '2018-01-01 10:00:00', 'PVL943J4D0VDC411');
insert into MisurazioneTriassiale (Codice, Sensore, ValoreX, ValoreY, ValoreZ, Timestamp, Edificio) values ('VUWQ4741XILM', 'MTL05564SWI659', 13.6, 18.4, 15.1, '2018-01-01 10:00:00', 'FIO864T8K5QRG966');
insert into MisurazioneTriassiale (Codice, Sensore, ValoreX, ValoreY, ValoreZ, Timestamp, Edificio) values ('WGUW1960YHJD', 'ZWF12070VFH819', 14.2, 7.0, 7.6, '2018-01-01 10:00:00', 'PVL943J4D0VDC411');
insert into MisurazioneTriassiale (Codice, Sensore, ValoreX, ValoreY, ValoreZ, Timestamp, Edificio) values ('ZFAF7302JOPJ', 'MTL05564SWI659', 5.0, 5.6, 12.4, '2018-01-01 10:00:00', 'FIO864T8K5QRG966');
insert into MisurazioneTriassiale (Codice, Sensore, ValoreX, ValoreY, ValoreZ, Timestamp, Edificio) values ('CAEI0323WISB', 'ZWF12070VFH819', 12.3, 17.4, 18.4, '2018-01-01 10:00:00', 'PVL943J4D0VDC411');
insert into MisurazioneTriassiale (Codice, Sensore, ValoreX, ValoreY, ValoreZ, Timestamp, Edificio) values ('EIAC2367ASJJ', 'MTL05564SWI659', 2.6, 5.1, 13.2, '2018-01-01 10:00:00', 'FIO864T8K5QRG966');
insert into MisurazioneTriassiale (Codice, Sensore, ValoreX, ValoreY, ValoreZ, Timestamp, Edificio) values ('TNPJ1322NCKE', 'ZWF12070VFH819', 17.3, 7.9, 10.7, '2018-01-01 10:00:00', 'PVL943J4D0VDC411');
insert into MisurazioneTriassiale (Codice, Sensore, ValoreX, ValoreY, ValoreZ, Timestamp, Edificio) values ('SYOG2545OSYB', 'MTL05564SWI659', 1.4, 3.4, 10.5, '2018-01-01 10:00:00', 'FIO864T8K5QRG966');
insert into MisurazioneTriassiale (Codice, Sensore, ValoreX, ValoreY, ValoreZ, Timestamp, Edificio) values ('DOQS0492QXNJ', 'ZWF12070VFH819', 14.2, 14.3, 18.7, '2018-01-01 10:00:00', 'PVL943J4D0VDC411');
insert into MisurazioneTriassiale (Codice, Sensore, ValoreX, ValoreY, ValoreZ, Timestamp, Edificio) values ('JIYL5333MIAP', 'MTL05564SWI659', 7.3, 3.8, 18.1, '2018-01-01 10:00:00', 'FIO864T8K5QRG966');
insert into MisurazioneTriassiale (Codice, Sensore, ValoreX, ValoreY, ValoreZ, Timestamp, Edificio) values ('QYFN9196NFAD', 'ZWF12070VFH819', 14.1, 9.3, 12.0, '2018-01-01 10:00:00', 'PVL943J4D0VDC411');
insert into MisurazioneTriassiale (Codice, Sensore, ValoreX, ValoreY, ValoreZ, Timestamp, Edificio) values ('GKPY1773MBDZ', 'MTL05564SWI659', 15.0, 1.6, 6.2, '2018-01-01 10:00:00', 'FIO864T8K5QRG966');
insert into MisurazioneTriassiale (Codice, Sensore, ValoreX, ValoreY, ValoreZ, Timestamp, Edificio) values ('EIGU8739BZCC', 'ZWF12070VFH819', 4.9, 14.7, 6.8, '2018-01-01 10:00:00', 'PVL943J4D0VDC411');
insert into MisurazioneTriassiale (Codice, Sensore, ValoreX, ValoreY, ValoreZ, Timestamp, Edificio) values ('YIQF3367VENO', 'MTL05564SWI659', 5.7, 4.5, 11.5, '2018-01-01 10:00:00', 'FIO864T8K5QRG966');
insert into MisurazioneTriassiale (Codice, Sensore, ValoreX, ValoreY, ValoreZ, Timestamp, Edificio) values ('BUSG2038MMPC', 'ZWF12070VFH819', 16.2, 11.8, 3.0, '2018-01-01 10:00:00', 'PVL943J4D0VDC411');
insert into MisurazioneTriassiale (Codice, Sensore, ValoreX, ValoreY, ValoreZ, Timestamp, Edificio) values ('BLKO0544IORK', 'MTL05564SWI659', 8.8, 14.9, 4.1, '2018-01-01 10:00:00', 'FIO864T8K5QRG966');
insert into MisurazioneTriassiale (Codice, Sensore, ValoreX, ValoreY, ValoreZ, Timestamp, Edificio) values ('ABTT6921AZDP', 'ZWF12070VFH819', 13.8, 4.6, 11.4, '2018-01-01 10:00:00', 'PVL943J4D0VDC411');
insert into MisurazioneTriassiale (Codice, Sensore, ValoreX, ValoreY, ValoreZ, Timestamp, Edificio) values ('RDMR2363ZTWG', 'MTL05564SWI659', 2.7, 10.9, 1.6, '2018-01-01 10:00:00', 'FIO864T8K5QRG966');
insert into MisurazioneTriassiale (Codice, Sensore, ValoreX, ValoreY, ValoreZ, Timestamp, Edificio) values ('HHHO9081ANAD', 'ZWF12070VFH819', 5.5, 15.2, 11.2, '2018-01-01 10:00:00', 'PVL943J4D0VDC411');
insert into MisurazioneTriassiale (Codice, Sensore, ValoreX, ValoreY, ValoreZ, Timestamp, Edificio) values ('YHQU0485KVJU', 'MTL05564SWI659', 18.1, 4.6, 6.4, '2018-01-01 10:00:00', 'FIO864T8K5QRG966');
insert into MisurazioneTriassiale (Codice, Sensore, ValoreX, ValoreY, ValoreZ, Timestamp, Edificio) values ('OKGB7244TQYX', 'ZWF12070VFH819', 7.2, 10.5, 10.8, '2018-01-01 10:00:00', 'PVL943J4D0VDC411');
insert into MisurazioneTriassiale (Codice, Sensore, ValoreX, ValoreY, ValoreZ, Timestamp, Edificio) values ('PHIL2693YUKD', 'MTL05564SWI659', 13.5, 3.2, 2.8, '2018-01-01 10:00:00', 'FIO864T8K5QRG966');
insert into MisurazioneTriassiale (Codice, Sensore, ValoreX, ValoreY, ValoreZ, Timestamp, Edificio) values ('LAZY1668KIOQ', 'ZWF12070VFH819', 13.2, 9.2, 14.0, '2018-01-01 10:00:00', 'PVL943J4D0VDC411');
insert into MisurazioneTriassiale (Codice, Sensore, ValoreX, ValoreY, ValoreZ, Timestamp, Edificio) values ('KTZS7696GFWN', 'MTL05564SWI659', 18.7, 2.6, 1.7, '2018-01-01 10:00:00', 'FIO864T8K5QRG966');
insert into MisurazioneTriassiale (Codice, Sensore, ValoreX, ValoreY, ValoreZ, Timestamp, Edificio) values ('EODR3830QHOE', 'ZWF12070VFH819', 2.6, 1.0, 6.5, '2018-01-01 10:00:00', 'PVL943J4D0VDC411');
insert into MisurazioneTriassiale (Codice, Sensore, ValoreX, ValoreY, ValoreZ, Timestamp, Edificio) values ('VRCE6951IYAS', 'MTL05564SWI659', 2.5, 15.9, 13.3, '2018-01-01 10:00:00', 'FIO864T8K5QRG966');
insert into MisurazioneTriassiale (Codice, Sensore, ValoreX, ValoreY, ValoreZ, Timestamp, Edificio) values ('NAAG1565BQGT', 'ZWF12070VFH819', 7.7, 8.0, 16.9, '2018-01-01 10:00:00', 'PVL943J4D0VDC411');
insert into MisurazioneTriassiale (Codice, Sensore, ValoreX, ValoreY, ValoreZ, Timestamp, Edificio) values ('QHCD3095METK', 'MTL05564SWI659', 4.8, 6.0, 6.4, '2018-01-01 10:00:00', 'FIO864T8K5QRG966');
insert into MisurazioneTriassiale (Codice, Sensore, ValoreX, ValoreY, ValoreZ, Timestamp, Edificio) values ('TIXI0371SXRX', 'ZWF12070VFH819', 16.2, 16.9, 2.3, '2018-01-01 10:00:00', 'PVL943J4D0VDC411');
insert into MisurazioneTriassiale (Codice, Sensore, ValoreX, ValoreY, ValoreZ, Timestamp, Edificio) values ('RXRX1401IVYA', 'MTL05564SWI659', 2.9, 15.2, 3.5, '2018-01-01 10:00:00', 'FIO864T8K5QRG966');
insert into MisurazioneTriassiale (Codice, Sensore, ValoreX, ValoreY, ValoreZ, Timestamp, Edificio) values ('JKZI8046NXGW', 'ZWF12070VFH819', 12.5, 19.7, 11.9, '2018-01-01 10:00:00', 'PVL943J4D0VDC411');
insert into MisurazioneTriassiale (Codice, Sensore, ValoreX, ValoreY, ValoreZ, Timestamp, Edificio) values ('YGKY3597OBBB', 'MTL05564SWI659', 15.0, 3.7, 10.9, '2018-01-01 10:00:00', 'FIO864T8K5QRG966');
insert into MisurazioneTriassiale (Codice, Sensore, ValoreX, ValoreY, ValoreZ, Timestamp, Edificio) values ('JALD1093MSDZ', 'ZWF12070VFH819', 5.6, 13.3, 19.2, '2018-01-01 10:00:00', 'PVL943J4D0VDC411');
insert into MisurazioneTriassiale (Codice, Sensore, ValoreX, ValoreY, ValoreZ, Timestamp, Edificio) values ('SHUY9551RAUD', 'MTL05564SWI659', 17.3, 14.7, 17.3, '2018-01-01 10:00:00', 'FIO864T8K5QRG966');
insert into MisurazioneTriassiale (Codice, Sensore, ValoreX, ValoreY, ValoreZ, Timestamp, Edificio) values ('MPKR8403UFIS', 'ZWF12070VFH819', 11.0, 10.6, 3.4, '2018-01-01 10:00:00', 'PVL943J4D0VDC411');
insert into MisurazioneTriassiale (Codice, Sensore, ValoreX, ValoreY, ValoreZ, Timestamp, Edificio) values ('YAEI6019WXYN', 'MTL05564SWI659', 9.8, 4.4, 9.7, '2018-01-01 10:00:00', 'FIO864T8K5QRG966');
insert into MisurazioneTriassiale (Codice, Sensore, ValoreX, ValoreY, ValoreZ, Timestamp, Edificio) values ('AEKV2991JEVN', 'ZWF12070VFH819', 16.4, 12.0, 19.1, '2018-01-01 10:00:00', 'PVL943J4D0VDC411');
insert into MisurazioneTriassiale (Codice, Sensore, ValoreX, ValoreY, ValoreZ, Timestamp, Edificio) values ('MGJR7906VNXW', 'MTL05564SWI659', 9.0, 7.7, 5.9, '2018-01-01 10:00:00', 'FIO864T8K5QRG966');
insert into MisurazioneTriassiale (Codice, Sensore, ValoreX, ValoreY, ValoreZ, Timestamp, Edificio) values ('WMTB0313OJLW', 'ZWF12070VFH819', 6.8, 2.6, 1.9, '2018-01-01 10:00:00', 'PVL943J4D0VDC411');
insert into MisurazioneTriassiale (Codice, Sensore, ValoreX, ValoreY, ValoreZ, Timestamp, Edificio) values ('GEYF9578OCLF', 'MTL05564SWI659', 9.9, 2.1, 15.9, '2018-01-01 10:00:00', 'FIO864T8K5QRG966');
insert into MisurazioneTriassiale (Codice, Sensore, ValoreX, ValoreY, ValoreZ, Timestamp, Edificio) values ('GVKS2726DRCW', 'ZWF12070VFH819', 19.6, 11.3, 4.8, '2018-01-01 10:00:00', 'PVL943J4D0VDC411');
insert into MisurazioneTriassiale (Codice, Sensore, ValoreX, ValoreY, ValoreZ, Timestamp, Edificio) values ('RJNB8638WCXO', 'MTL05564SWI659', 5.3, 12.4, 12.2, '2018-01-01 10:00:00', 'FIO864T8K5QRG966');
insert into MisurazioneTriassiale (Codice, Sensore, ValoreX, ValoreY, ValoreZ, Timestamp, Edificio) values ('BAPV8046VZUF', 'ZWF12070VFH819', 12.5, 14.7, 0.7, '2018-01-01 10:00:00', 'PVL943J4D0VDC411');
insert into MisurazioneTriassiale (Codice, Sensore, ValoreX, ValoreY, ValoreZ, Timestamp, Edificio) values ('PDQD2021WVCA', 'MTL05564SWI659', 0.9, 5.6, 4.0, '2018-01-01 10:00:00', 'FIO864T8K5QRG966');
insert into MisurazioneTriassiale (Codice, Sensore, ValoreX, ValoreY, ValoreZ, Timestamp, Edificio) values ('YSJE7049ZOKP', 'ZWF12070VFH819', 12.2, 13.6, 0.2, '2018-01-01 10:00:00', 'PVL943J4D0VDC411');
insert into MisurazioneTriassiale (Codice, Sensore, ValoreX, ValoreY, ValoreZ, Timestamp, Edificio) values ('ESMY1906CBLY', 'MTL05564SWI659', 7.3, 4.2, 7.7, '2018-01-01 10:00:00', 'FIO864T8K5QRG966');
insert into MisurazioneTriassiale (Codice, Sensore, ValoreX, ValoreY, ValoreZ, Timestamp, Edificio) values ('SJBZ3006LSAW', 'ZWF12070VFH819', 9.9, 3.2, 1.4, '2018-01-01 10:00:00', 'PVL943J4D0VDC411');
insert into MisurazioneTriassiale (Codice, Sensore, ValoreX, ValoreY, ValoreZ, Timestamp, Edificio) values ('TJQQ5595PRAT', 'MTL05564SWI659', 2.0, 13.1, 13.4, '2018-01-01 10:00:00', 'FIO864T8K5QRG966');
insert into MisurazioneTriassiale (Codice, Sensore, ValoreX, ValoreY, ValoreZ, Timestamp, Edificio) values ('KIQC9196BFXH', 'ZWF12070VFH819', 7.0, 15.4, 17.7, '2018-01-01 10:00:00', 'PVL943J4D0VDC411');
insert into MisurazioneTriassiale (Codice, Sensore, ValoreX, ValoreY, ValoreZ, Timestamp, Edificio) values ('QCKW3899RHBI', 'MTL05564SWI659', 4.3, 19.2, 18.0, '2018-01-01 10:00:00', 'FIO864T8K5QRG966');
insert into MisurazioneTriassiale (Codice, Sensore, ValoreX, ValoreY, ValoreZ, Timestamp, Edificio) values ('QWQE8757TIWP', 'ZWF12070VFH819', 13.0, 0.6, 5.0, '2018-01-01 10:00:00', 'PVL943J4D0VDC411');
insert into MisurazioneTriassiale (Codice, Sensore, ValoreX, ValoreY, ValoreZ, Timestamp, Edificio) values ('RJND8334GBZD', 'MTL05564SWI659', 13.5, 12.6, 17.8, '2018-01-01 10:00:00', 'FIO864T8K5QRG966');
insert into MisurazioneTriassiale (Codice, Sensore, ValoreX, ValoreY, ValoreZ, Timestamp, Edificio) values ('JUVD5599BVBF', 'ZWF12070VFH819', 17.4, 6.0, 13.0, '2018-01-01 10:00:00', 'PVL943J4D0VDC411');
insert into MisurazioneTriassiale (Codice, Sensore, ValoreX, ValoreY, ValoreZ, Timestamp, Edificio) values ('XGZE9923AQZP', 'MTL05564SWI659', 18.7, 2.4, 18.3, '2018-01-01 10:00:00', 'FIO864T8K5QRG966');
insert into MisurazioneTriassiale (Codice, Sensore, ValoreX, ValoreY, ValoreZ, Timestamp, Edificio) values ('KFDQ1235QGDF', 'ZWF12070VFH819', 9.1, 13.9, 4.2, '2018-01-01 10:00:00', 'PVL943J4D0VDC411');
insert into MisurazioneTriassiale (Codice, Sensore, ValoreX, ValoreY, ValoreZ, Timestamp, Edificio) values ('GXXY0807KEWR', 'MTL05564SWI659', 6.0, 1.3, 16.6, '2018-01-01 10:00:00', 'FIO864T8K5QRG966');
insert into MisurazioneTriassiale (Codice, Sensore, ValoreX, ValoreY, ValoreZ, Timestamp, Edificio) values ('HVYO2255NSPZ', 'ZWF12070VFH819', 13.4, 3.4, 6.2, '2018-01-01 10:00:00', 'PVL943J4D0VDC411');
insert into MisurazioneTriassiale (Codice, Sensore, ValoreX, ValoreY, ValoreZ, Timestamp, Edificio) values ('MYOX2294IDXV', 'MTL05564SWI659', 1.5, 6.6, 19.8, '2018-01-01 10:00:00', 'FIO864T8K5QRG966');
insert into MisurazioneTriassiale (Codice, Sensore, ValoreX, ValoreY, ValoreZ, Timestamp, Edificio) values ('HBVM9146OYNZ', 'ZWF12070VFH819', 9.1, 5.3, 11.6, '2018-01-01 10:00:00', 'PVL943J4D0VDC411');
insert into MisurazioneTriassiale (Codice, Sensore, ValoreX, ValoreY, ValoreZ, Timestamp, Edificio) values ('IVPG9057ETVN', 'MTL05564SWI659', 11.4, 9.7, 0.3, '2018-01-01 10:00:00', 'FIO864T8K5QRG966');
insert into MisurazioneTriassiale (Codice, Sensore, ValoreX, ValoreY, ValoreZ, Timestamp, Edificio) values ('UXDN3816SYDZ', 'ZWF12070VFH819', 4.0, 10.3, 12.9, '2018-01-01 10:00:00', 'PVL943J4D0VDC411');
insert into MisurazioneTriassiale (Codice, Sensore, ValoreX, ValoreY, ValoreZ, Timestamp, Edificio) values ('OEGE2854OZSF', 'MTL05564SWI659', 13.0, 7.5, 8.6, '2018-01-01 10:00:00', 'FIO864T8K5QRG966');
insert into MisurazioneTriassiale (Codice, Sensore, ValoreX, ValoreY, ValoreZ, Timestamp, Edificio) values ('UMWV8232RTJB', 'ZWF12070VFH819', 12.5, 2.1, 1.2, '2018-01-01 10:00:00', 'PVL943J4D0VDC411');
insert into MisurazioneTriassiale (Codice, Sensore, ValoreX, ValoreY, ValoreZ, Timestamp, Edificio) values ('RDZA3423PQXD', 'MTL05564SWI659', 5.8, 7.1, 19.2, '2018-01-01 10:00:00', 'FIO864T8K5QRG966');
insert into MisurazioneTriassiale (Codice, Sensore, ValoreX, ValoreY, ValoreZ, Timestamp, Edificio) values ('JPJH0644QKCR', 'ZWF12070VFH819', 5.6, 15.9, 13.5, '2018-01-01 10:00:00', 'PVL943J4D0VDC411');
insert into MisurazioneTriassiale (Codice, Sensore, ValoreX, ValoreY, ValoreZ, Timestamp, Edificio) values ('MXYN0734TTIJ', 'MTL05564SWI659', 9.7, 14.0, 9.9, '2018-01-01 10:00:00', 'FIO864T8K5QRG966');
insert into MisurazioneTriassiale (Codice, Sensore, ValoreX, ValoreY, ValoreZ, Timestamp, Edificio) values ('SCHM6089GTQZ', 'ZWF12070VFH819', 13.7, 17.1, 15.9, '2018-01-01 10:00:00', 'PVL943J4D0VDC411');
insert into MisurazioneTriassiale (Codice, Sensore, ValoreX, ValoreY, ValoreZ, Timestamp, Edificio) values ('IORC8653TEXI', 'MTL05564SWI659', 0.8, 2.4, 13.4, '2018-01-01 10:00:00', 'FIO864T8K5QRG966');
insert into MisurazioneTriassiale (Codice, Sensore, ValoreX, ValoreY, ValoreZ, Timestamp, Edificio) values ('ONVJ8655CPSZ', 'ZWF12070VFH819', 1.2, 12.9, 16.3, '2018-01-01 10:00:00', 'PVL943J4D0VDC411');
insert into MisurazioneTriassiale (Codice, Sensore, ValoreX, ValoreY, ValoreZ, Timestamp, Edificio) values ('ULGQ8525RBAB', 'MTL05564SWI659', 19.6, 12.0, 14.2, '2018-01-01 10:00:00', 'FIO864T8K5QRG966');
insert into MisurazioneTriassiale (Codice, Sensore, ValoreX, ValoreY, ValoreZ, Timestamp, Edificio) values ('TDXF1811BAMG', 'ZWF12070VFH819', 14.6, 3.2, 18.7, '2018-01-01 10:00:00', 'PVL943J4D0VDC411');
insert into MisurazioneTriassiale (Codice, Sensore, ValoreX, ValoreY, ValoreZ, Timestamp, Edificio) values ('OOON6115AIVU', 'MTL05564SWI659', 19.0, 0.0, 19.0, '2018-01-01 10:00:00', 'FIO864T8K5QRG966');
insert into MisurazioneTriassiale (Codice, Sensore, ValoreX, ValoreY, ValoreZ, Timestamp, Edificio) values ('QJXR0298TVJF', 'ZWF12070VFH819', 13.8, 4.6, 1.6, '2018-01-01 10:00:00', 'PVL943J4D0VDC411');
insert into MisurazioneTriassiale (Codice, Sensore, ValoreX, ValoreY, ValoreZ, Timestamp, Edificio) values ('RNVK3399QRQH', 'MTL05564SWI659', 2.0, 5.4, 1.2, '2018-01-01 10:00:00', 'FIO864T8K5QRG966');
insert into MisurazioneTriassiale (Codice, Sensore, ValoreX, ValoreY, ValoreZ, Timestamp, Edificio) values ('JHOJ9782DOZW', 'ZWF12070VFH819', 8.3, 9.6, 12.7, '2018-01-01 10:00:00', 'PVL943J4D0VDC411');
insert into MisurazioneTriassiale (Codice, Sensore, ValoreX, ValoreY, ValoreZ, Timestamp, Edificio) values ('HFDV0553ZVJA', 'MTL05564SWI659', 3.2, 11.2, 11.3, '2018-01-01 10:00:00', 'FIO864T8K5QRG966');
insert into MisurazioneTriassiale (Codice, Sensore, ValoreX, ValoreY, ValoreZ, Timestamp, Edificio) values ('MDGN5726WLNW', 'ZWF12070VFH819', 14.1, 3.4, 4.5, '2018-01-01 10:00:00', 'PVL943J4D0VDC411');
insert into MisurazioneTriassiale (Codice, Sensore, ValoreX, ValoreY, ValoreZ, Timestamp, Edificio) values ('HAEL6310NHRR', 'MTL05564SWI659', 12.5, 3.5, 19.3, '2018-01-01 10:00:00', 'FIO864T8K5QRG966');
insert into MisurazioneTriassiale (Codice, Sensore, ValoreX, ValoreY, ValoreZ, Timestamp, Edificio) values ('YLDY2969OYKE', 'ZWF12070VFH819', 7.5, 17.7, 9.9, '2018-01-01 10:00:00', 'PVL943J4D0VDC411');
insert into MisurazioneTriassiale (Codice, Sensore, ValoreX, ValoreY, ValoreZ, Timestamp, Edificio) values ('CFUR1229MOMZ', 'MTL05564SWI659', 11.4, 1.7, 9.1, '2018-01-01 10:00:00', 'FIO864T8K5QRG966');
insert into MisurazioneTriassiale (Codice, Sensore, ValoreX, ValoreY, ValoreZ, Timestamp, Edificio) values ('XLYS5497HXKJ', 'ZWF12070VFH819', 3.6, 15.7, 11.5, '2018-01-01 10:00:00', 'PVL943J4D0VDC411');
insert into MisurazioneTriassiale (Codice, Sensore, ValoreX, ValoreY, ValoreZ, Timestamp, Edificio) values ('BVXJ5556NLBC', 'MTL05564SWI659', 17.9, 9.9, 10.1, '2018-01-01 10:00:00', 'FIO864T8K5QRG966');
insert into MisurazioneTriassiale (Codice, Sensore, ValoreX, ValoreY, ValoreZ, Timestamp, Edificio) values ('KEQZ4234VEFV', 'ZWF12070VFH819', 8.0, 1.6, 3.8, '2018-01-01 10:00:00', 'PVL943J4D0VDC411');
insert into MisurazioneTriassiale (Codice, Sensore, ValoreX, ValoreY, ValoreZ, Timestamp, Edificio) values ('ZRBC0925ZFSX', 'MTL05564SWI659', 10.7, 16.6, 13.9, '2018-01-01 10:00:00', 'FIO864T8K5QRG966');
insert into MisurazioneTriassiale (Codice, Sensore, ValoreX, ValoreY, ValoreZ, Timestamp, Edificio) values ('EHUF6279GEWR', 'ZWF12070VFH819', 13.7, 18.9, 17.4, '2018-01-01 10:00:00', 'PVL943J4D0VDC411');
insert into MisurazioneTriassiale (Codice, Sensore, ValoreX, ValoreY, ValoreZ, Timestamp, Edificio) values ('EHFP5009MJSQ', 'MTL05564SWI659', 2.2, 14.9, 12.5, '2018-01-01 10:00:00', 'FIO864T8K5QRG966');
insert into MisurazioneTriassiale (Codice, Sensore, ValoreX, ValoreY, ValoreZ, Timestamp, Edificio) values ('BOPT2196NAZQ', 'ZWF12070VFH819', 15.4, 16.8, 5.4, '2018-01-01 10:00:00', 'PVL943J4D0VDC411');
insert into MisurazioneTriassiale (Codice, Sensore, ValoreX, ValoreY, ValoreZ, Timestamp, Edificio) values ('DOLC7518WNWF', 'MTL05564SWI659', 9.5, 15.1, 14.3, '2018-01-01 10:00:00', 'FIO864T8K5QRG966');
insert into MisurazioneTriassiale (Codice, Sensore, ValoreX, ValoreY, ValoreZ, Timestamp, Edificio) values ('EWHC9116SVRA', 'ZWF12070VFH819', 19.8, 2.8, 9.6, '2018-01-01 10:00:00', 'PVL943J4D0VDC411');
insert into MisurazioneTriassiale (Codice, Sensore, ValoreX, ValoreY, ValoreZ, Timestamp, Edificio) values ('LRQN2968MAZW', 'MTL05564SWI659', 16.2, 11.4, 17.6, '2018-01-01 10:00:00', 'FIO864T8K5QRG966');
insert into MisurazioneTriassiale (Codice, Sensore, ValoreX, ValoreY, ValoreZ, Timestamp, Edificio) values ('JKNU1886IVJH', 'ZWF12070VFH819', 1.6, 13.8, 16.3, '2018-01-01 10:00:00', 'PVL943J4D0VDC411');
insert into MisurazioneTriassiale (Codice, Sensore, ValoreX, ValoreY, ValoreZ, Timestamp, Edificio) values ('BCXH8634EOMY', 'MTL05564SWI659', 19.4, 15.6, 0.7, '2018-01-01 10:00:00', 'FIO864T8K5QRG966');
insert into MisurazioneTriassiale (Codice, Sensore, ValoreX, ValoreY, ValoreZ, Timestamp, Edificio) values ('EOGM5563TSVU', 'ZWF12070VFH819', 7.7, 13.4, 10.2, '2018-01-01 10:00:00', 'PVL943J4D0VDC411');
insert into MisurazioneTriassiale (Codice, Sensore, ValoreX, ValoreY, ValoreZ, Timestamp, Edificio) values ('KQEH9405RGMQ', 'MTL05564SWI659', 5.6, 13.0, 5.6, '2018-01-01 10:00:00', 'FIO864T8K5QRG966');
insert into MisurazioneTriassiale (Codice, Sensore, ValoreX, ValoreY, ValoreZ, Timestamp, Edificio) values ('ALIE6908BOCN', 'ZWF12070VFH819', 7.7, 8.0, 11.5, '2018-01-01 10:00:00', 'PVL943J4D0VDC411');
insert into MisurazioneTriassiale (Codice, Sensore, ValoreX, ValoreY, ValoreZ, Timestamp, Edificio) values ('NEDU6997BGDB', 'MTL05564SWI659', 7.5, 12.1, 11.9, '2018-01-01 10:00:00', 'FIO864T8K5QRG966');
insert into MisurazioneTriassiale (Codice, Sensore, ValoreX, ValoreY, ValoreZ, Timestamp, Edificio) values ('GTVX5598LVSQ', 'ZWF12070VFH819', 8.6, 4.8, 3.8, '2018-01-01 10:00:00', 'PVL943J4D0VDC411');
insert into MisurazioneTriassiale (Codice, Sensore, ValoreX, ValoreY, ValoreZ, Timestamp, Edificio) values ('LZXR9643FBDZ', 'MTL05564SWI659', 0.4, 17.2, 1.3, '2018-01-01 10:00:00', 'FIO864T8K5QRG966');
insert into MisurazioneTriassiale (Codice, Sensore, ValoreX, ValoreY, ValoreZ, Timestamp, Edificio) values ('VIQA7400AGLB', 'ZWF12070VFH819', 18.8, 8.3, 0.1, '2018-01-01 10:00:00', 'PVL943J4D0VDC411');
insert into MisurazioneTriassiale (Codice, Sensore, ValoreX, ValoreY, ValoreZ, Timestamp, Edificio) values ('HUQP1331NCKY', 'MTL05564SWI659', 12.5, 12.4, 9.2, '2018-01-01 10:00:00', 'FIO864T8K5QRG966');
insert into MisurazioneTriassiale (Codice, Sensore, ValoreX, ValoreY, ValoreZ, Timestamp, Edificio) values ('CUNR2061YHUA', 'ZWF12070VFH819', 2.9, 6.6, 12.7, '2018-01-01 10:00:00', 'PVL943J4D0VDC411');
insert into MisurazioneTriassiale (Codice, Sensore, ValoreX, ValoreY, ValoreZ, Timestamp, Edificio) values ('HJYJ1399PLRJ', 'MTL05564SWI659', 8.5, 3.1, 18.9, '2018-01-01 10:00:00', 'FIO864T8K5QRG966');
insert into MisurazioneTriassiale (Codice, Sensore, ValoreX, ValoreY, ValoreZ, Timestamp, Edificio) values ('MVWP8245DZHE', 'ZWF12070VFH819', 9.4, 11.0, 4.5, '2018-01-01 10:00:00', 'PVL943J4D0VDC411');
insert into MisurazioneTriassiale (Codice, Sensore, ValoreX, ValoreY, ValoreZ, Timestamp, Edificio) values ('PYXY9595BIJB', 'MTL05564SWI659', 6.5, 11.6, 9.3, '2018-01-01 10:00:00', 'FIO864T8K5QRG966');
insert into MisurazioneTriassiale (Codice, Sensore, ValoreX, ValoreY, ValoreZ, Timestamp, Edificio) values ('QKTK9566ZUCE', 'ZWF12070VFH819', 16.4, 14.9, 9.6, '2018-01-01 10:00:00', 'PVL943J4D0VDC411');
insert into MisurazioneTriassiale (Codice, Sensore, ValoreX, ValoreY, ValoreZ, Timestamp, Edificio) values ('OWQI9559HMIZ', 'MTL05564SWI659', 5.3, 5.9, 9.4, '2018-01-01 10:00:00', 'FIO864T8K5QRG966');
insert into MisurazioneTriassiale (Codice, Sensore, ValoreX, ValoreY, ValoreZ, Timestamp, Edificio) values ('KOOL5470TOAZ', 'ZWF12070VFH819', 5.8, 17.3, 17.1, '2018-01-01 10:00:00', 'PVL943J4D0VDC411');
insert into MisurazioneTriassiale (Codice, Sensore, ValoreX, ValoreY, ValoreZ, Timestamp, Edificio) values ('ARCQ5535GUGL', 'MTL05564SWI659', 0.1, 8.3, 15.8, '2018-01-01 10:00:00', 'FIO864T8K5QRG966');
insert into MisurazioneTriassiale (Codice, Sensore, ValoreX, ValoreY, ValoreZ, Timestamp, Edificio) values ('LJCI9078IYZZ', 'ZWF12070VFH819', 3.6, 4.5, 1.4, '2018-01-01 10:00:00', 'PVL943J4D0VDC411');
insert into MisurazioneTriassiale (Codice, Sensore, ValoreX, ValoreY, ValoreZ, Timestamp, Edificio) values ('EOYY5454QZLB', 'MTL05564SWI659', 7.7, 4.2, 6.2, '2018-01-01 10:00:00', 'FIO864T8K5QRG966');
insert into MisurazioneTriassiale (Codice, Sensore, ValoreX, ValoreY, ValoreZ, Timestamp, Edificio) values ('DRTT2285PPHS', 'ZWF12070VFH819', 15.0, 1.8, 9.6, '2018-01-01 10:00:00', 'PVL943J4D0VDC411');
insert into MisurazioneTriassiale (Codice, Sensore, ValoreX, ValoreY, ValoreZ, Timestamp, Edificio) values ('SCHO4861CGJT', 'MTL05564SWI659', 1.8, 0.0, 16.9, '2018-01-01 10:00:00', 'FIO864T8K5QRG966');
insert into MisurazioneTriassiale (Codice, Sensore, ValoreX, ValoreY, ValoreZ, Timestamp, Edificio) values ('HVTU5000AOPG', 'ZWF12070VFH819', 12.0, 7.0, 10.8, '2018-01-01 10:00:00', 'PVL943J4D0VDC411');
insert into MisurazioneTriassiale (Codice, Sensore, ValoreX, ValoreY, ValoreZ, Timestamp, Edificio) values ('DRHS2113CTGT', 'MTL05564SWI659', 5.7, 8.0, 4.5, '2018-01-01 10:00:00', 'FIO864T8K5QRG966');
insert into MisurazioneTriassiale (Codice, Sensore, ValoreX, ValoreY, ValoreZ, Timestamp, Edificio) values ('BYAV0286EZUC', 'ZWF12070VFH819', 4.8, 1.9, 13.0, '2018-01-01 10:00:00', 'PVL943J4D0VDC411');
insert into MisurazioneTriassiale (Codice, Sensore, ValoreX, ValoreY, ValoreZ, Timestamp, Edificio) values ('QZMI3049QOLF', 'MTL05564SWI659', 11.8, 11.4, 0.4, '2018-01-01 10:00:00', 'FIO864T8K5QRG966');
insert into MisurazioneTriassiale (Codice, Sensore, ValoreX, ValoreY, ValoreZ, Timestamp, Edificio) values ('JWNS7874GZGO', 'ZWF12070VFH819', 12.4, 1.7, 3.4, '2018-01-01 10:00:00', 'PVL943J4D0VDC411');
insert into MisurazioneTriassiale (Codice, Sensore, ValoreX, ValoreY, ValoreZ, Timestamp, Edificio) values ('TXJX4737IAYX', 'MTL05564SWI659', 0.9, 19.3, 0.8, '2018-01-01 10:00:00', 'FIO864T8K5QRG966');
insert into MisurazioneTriassiale (Codice, Sensore, ValoreX, ValoreY, ValoreZ, Timestamp, Edificio) values ('FNDW1856LYGI', 'ZWF12070VFH819', 15.6, 19.1, 1.7, '2018-01-01 10:00:00', 'PVL943J4D0VDC411');
insert into MisurazioneTriassiale (Codice, Sensore, ValoreX, ValoreY, ValoreZ, Timestamp, Edificio) values ('SBPX0620UTHS', 'MTL05564SWI659', 11.5, 2.0, 15.3, '2018-01-01 10:00:00', 'FIO864T8K5QRG966');
insert into MisurazioneTriassiale (Codice, Sensore, ValoreX, ValoreY, ValoreZ, Timestamp, Edificio) values ('OPPN2225ROYE', 'ZWF12070VFH819', 12.2, 9.7, 7.9, '2018-01-01 10:00:00', 'PVL943J4D0VDC411');
insert into MisurazioneTriassiale (Codice, Sensore, ValoreX, ValoreY, ValoreZ, Timestamp, Edificio) values ('MVBT2463XXYV', 'MTL05564SWI659', 18.9, 2.5, 12.5, '2018-01-01 10:00:00', 'FIO864T8K5QRG966');
insert into MisurazioneTriassiale (Codice, Sensore, ValoreX, ValoreY, ValoreZ, Timestamp, Edificio) values ('KAYG5552AWOK', 'ZWF12070VFH819', 15.7, 18.8, 1.5, '2018-01-01 10:00:00', 'PVL943J4D0VDC411');
insert into MisurazioneTriassiale (Codice, Sensore, ValoreX, ValoreY, ValoreZ, Timestamp, Edificio) values ('RGIU5424LMLC', 'MTL05564SWI659', 16.3, 5.5, 0.7, '2018-01-01 10:00:00', 'FIO864T8K5QRG966');
insert into MisurazioneTriassiale (Codice, Sensore, ValoreX, ValoreY, ValoreZ, Timestamp, Edificio) values ('LCMT8614BXUO', 'ZWF12070VFH819', 15.0, 15.0, 4.4, '2018-01-01 10:00:00', 'PVL943J4D0VDC411');
insert into MisurazioneTriassiale (Codice, Sensore, ValoreX, ValoreY, ValoreZ, Timestamp, Edificio) values ('YPUS2059HSLI', 'MTL05564SWI659', 3.4, 0.8, 19.4, '2018-01-01 10:00:00', 'FIO864T8K5QRG966');
insert into MisurazioneTriassiale (Codice, Sensore, ValoreX, ValoreY, ValoreZ, Timestamp, Edificio) values ('SYCY6578NORG', 'ZWF12070VFH819', 8.0, 16.6, 8.9, '2018-01-01 10:00:00', 'PVL943J4D0VDC411');
insert into MisurazioneTriassiale (Codice, Sensore, ValoreX, ValoreY, ValoreZ, Timestamp, Edificio) values ('DPBK1611FMWE', 'MTL05564SWI659', 7.1, 11.5, 5.5, '2018-01-01 10:00:00', 'FIO864T8K5QRG966');
insert into MisurazioneTriassiale (Codice, Sensore, ValoreX, ValoreY, ValoreZ, Timestamp, Edificio) values ('BQWY3276XODE', 'ZWF12070VFH819', 193.4, 174.0, 171.5, '2019-01-01 10:00:00', 'PVL943J4D0VDC411');
insert into MisurazioneTriassiale (Codice, Sensore, ValoreX, ValoreY, ValoreZ, Timestamp, Edificio) values ('HTQX0778WWCF', 'MTL05564SWI659', 197.0, 153.3, 195.8, '2020-03-03 10:54:45', 'FIO864T8K5QRG966');
insert into MisurazioneTriassiale (Codice, Sensore, ValoreX, ValoreY, ValoreZ, Timestamp, Edificio) values ('LMNB7816AXRF', 'ZWF12070VFH819', 173.5, 151.5, 181.8, '2019-01-01 10:00:00', 'PVL943J4D0VDC411');
insert into MisurazioneTriassiale (Codice, Sensore, ValoreX, ValoreY, ValoreZ, Timestamp, Edificio) values ('KCFC9286FUMI', 'MTL05564SWI659', 152.6, 186.9, 174.0, '2020-03-03 10:54:45', 'FIO864T8K5QRG966');
insert into MisurazioneTriassiale (Codice, Sensore, ValoreX, ValoreY, ValoreZ, Timestamp, Edificio) values ('ZKJZ3770NPWY', 'ZWF12070VFH819', 191.8, 178.1, 169.6, '2019-01-01 10:00:00', 'PVL943J4D0VDC411');
insert into MisurazioneTriassiale (Codice, Sensore, ValoreX, ValoreY, ValoreZ, Timestamp, Edificio) values ('DUMT3092MDZY', 'MTL05564SWI659', 198.4, 185.0, 152.7, '2020-03-03 10:54:45', 'FIO864T8K5QRG966');
insert into MisurazioneTriassiale (Codice, Sensore, ValoreX, ValoreY, ValoreZ, Timestamp, Edificio) values ('HGWC9217ZQEX', 'ZWF12070VFH819', 171.3, 181.9, 163.7, '2019-01-01 10:00:00', 'PVL943J4D0VDC411');
insert into MisurazioneTriassiale (Codice, Sensore, ValoreX, ValoreY, ValoreZ, Timestamp, Edificio) values ('VRVY7981AWCC', 'MTL05564SWI659', 199.2, 171.7, 183.6, '2020-03-03 10:54:45', 'FIO864T8K5QRG966');
insert into MisurazioneTriassiale (Codice, Sensore, ValoreX, ValoreY, ValoreZ, Timestamp, Edificio) values ('HKMI5648OOGJ', 'ZWF12070VFH819', 171.2, 194.0, 172.2, '2019-01-01 10:00:00', 'PVL943J4D0VDC411');
insert into MisurazioneTriassiale (Codice, Sensore, ValoreX, ValoreY, ValoreZ, Timestamp, Edificio) values ('NEFP2041DEFJ', 'MTL05564SWI659', 175.3, 193.3, 172.8, '2020-03-03 10:54:45', 'FIO864T8K5QRG966');
insert into MisurazioneTriassiale (Codice, Sensore, ValoreX, ValoreY, ValoreZ, Timestamp, Edificio) values ('HZFT2491SULF', 'ZWF12070VFH819', 169.4, 173.2, 169.1, '2019-01-01 10:00:00', 'PVL943J4D0VDC411');
insert into MisurazioneTriassiale (Codice, Sensore, ValoreX, ValoreY, ValoreZ, Timestamp, Edificio) values ('PINY4389RZTR', 'MTL05564SWI659', 161.7, 154.6, 173.2, '2020-03-03 10:54:45', 'FIO864T8K5QRG966');
insert into MisurazioneTriassiale (Codice, Sensore, ValoreX, ValoreY, ValoreZ, Timestamp, Edificio) values ('MBPW6397WLOX', 'ZWF12070VFH819', 179.3, 185.1, 156.7, '2019-01-01 10:00:00', 'PVL943J4D0VDC411');
insert into MisurazioneTriassiale (Codice, Sensore, ValoreX, ValoreY, ValoreZ, Timestamp, Edificio) values ('UJLT4493OMUM', 'MTL05564SWI659', 199.2, 187.1, 160.6, '2020-03-03 10:54:45', 'FIO864T8K5QRG966');
insert into MisurazioneTriassiale (Codice, Sensore, ValoreX, ValoreY, ValoreZ, Timestamp, Edificio) values ('ZWWS4871YYVW', 'ZWF12070VFH819', 194.9, 186.1, 164.2, '2019-01-01 10:00:00', 'PVL943J4D0VDC411');
insert into MisurazioneTriassiale (Codice, Sensore, ValoreX, ValoreY, ValoreZ, Timestamp, Edificio) values ('BIYR6946RHJK', 'MTL05564SWI659', 189.8, 190.0, 178.1, '2020-03-03 10:54:45', 'FIO864T8K5QRG966');
insert into MisurazioneTriassiale (Codice, Sensore, ValoreX, ValoreY, ValoreZ, Timestamp, Edificio) values ('LRFJ4659WFSC', 'ZWF12070VFH819', 197.7, 157.6, 181.6, '2019-01-01 10:00:00', 'PVL943J4D0VDC411');
insert into MisurazioneTriassiale (Codice, Sensore, ValoreX, ValoreY, ValoreZ, Timestamp, Edificio) values ('TJWF2772IHIO', 'MTL05564SWI659', 180.0, 167.6, 190.2, '2020-03-03 10:54:45', 'FIO864T8K5QRG966');
insert into MisurazioneTriassiale (Codice, Sensore, ValoreX, ValoreY, ValoreZ, Timestamp, Edificio) values ('LRYY1760GVFO', 'ZWF12070VFH819', 151.9, 171.0, 191.2, '2019-01-01 10:00:00', 'PVL943J4D0VDC411');
insert into MisurazioneTriassiale (Codice, Sensore, ValoreX, ValoreY, ValoreZ, Timestamp, Edificio) values ('OPKB5578EXYA', 'MTL05564SWI659', 194.8, 161.0, 196.8, '2020-03-03 10:54:45', 'FIO864T8K5QRG966');

insert into AlertTriassiale (Codice, Timestamp, MisurazioneTriassiale) values ('46450923', '2019-01-01 10:00:00', 'BIYR6946RHJK');    

insert into AlertTriassiale (Codice, Timestamp, MisurazioneTriassiale) values ('10232825', '2019-01-01 10:00:00', 'DUMT3092MDZY'); 

insert into AlertTriassiale (Codice, Timestamp, MisurazioneTriassiale) values ('78974964', '2019-01-01 10:00:00', 'HKMI5648OOGJ');
insert into AlertTriassiale (Codice, Timestamp, MisurazioneTriassiale) values ('12896160', '2020-03-03 10:54:45', 'HTQX0778WWCF');
insert into AlertTriassiale (Codice, Timestamp, MisurazioneTriassiale) values ('56878740', '2019-01-01 10:00:00', 'HZFT2491SULF');
insert into AlertTriassiale (Codice, Timestamp, MisurazioneTriassiale) values ('91449391', '2020-03-03 10:54:45', 'KCFC9286FUMI');
insert into AlertTriassiale (Codice, Timestamp, MisurazioneTriassiale) values ('75949807', '2019-01-01 10:00:00', 'LMNB7816AXRF'); 

insert into AlertTriassiale (Codice, Timestamp, MisurazioneTriassiale) values ('45562504', '2019-01-01 10:00:00', 'LRYY1760GVFO'); 

insert into AlertTriassiale (Codice, Timestamp, MisurazioneTriassiale) values ('95077829', '2019-01-01 10:00:00', 'NEFP2041DEFJ');
insert into AlertTriassiale (Codice, Timestamp, MisurazioneTriassiale) values ('24944412', '2020-03-03 10:54:45', 'OPKB5578EXYA');
insert into AlertTriassiale (Codice, Timestamp, MisurazioneTriassiale) values ('36001083', '2019-01-01 10:00:00', 'PINY4389RZTR');
insert into AlertTriassiale (Codice, Timestamp, MisurazioneTriassiale) values ('66567530', '2020-03-03 10:54:45', 'TJWF2772IHIO');
insert into AlertTriassiale (Codice, Timestamp, MisurazioneTriassiale) values ('79078330', '2019-01-01 10:00:00', 'UJLT4493OMUM');
insert into AlertTriassiale (Codice, Timestamp, MisurazioneTriassiale) values ('76342240', '2020-03-03 10:54:45', 'VRVY7981AWCC');
insert into AlertTriassiale (Codice, Timestamp, MisurazioneTriassiale) values ('23015271', '2019-01-01 10:00:00', 'ZKJZ3770NPWY'); 

insert into Sensore (Codice, Nome, Grandezza, UnitaDiMisura, CoordinataX, CoordinataY, SogliaDiRischio, Muratura) values ('MIJ81068BEU949', 'RilevatorePioggia', 'Volume', 'cm3', 0.2, 0.7, 50, 'MUR86243');
insert into Sensore (Codice, Nome, Grandezza, UnitaDiMisura, CoordinataX, CoordinataY, SogliaDiRischio, Muratura) values ('LFQ73350XLU765', 'TermometroEsterno', 'Temperatura', 'K', 0.9, 0.4, 190, 'MUR81760');
insert into Sensore (Codice, Nome, Grandezza, UnitaDiMisura, CoordinataX, CoordinataY, SogliaDiRischio, Muratura) values ('GJC78127QXA113', 'RilevatorePioggia', 'Volume', 'cm3', 0.8, 0.6, 50, 'MUR09985');

INSERT INTO misurazione (`Codice`, `Sensore`, `Valore`, `Timestamp`, `Edificio`) VALUES ('ASSS0900DDDD', 'MIJ81068BEU949', '57', '2021-01-01 23:45:43.0', 'FIO864T8K5QRG966');
INSERT INTO misurazione (`Codice`, `Sensore`, `Valore`, `Timestamp`, `Edificio`) VALUES ('ADES4444VVVV', 'LFQ73350XLU765', '198', '2022-01-01 11:11:11.0', 'FLH648O9Y4AFZ128');
INSERT INTO misurazione (`Codice`, `Sensore`, `Valore`, `Timestamp`, `Edificio`) VALUES ('SWSW3333QQQQ', 'GJC78127QXA113', '56', '2022-05-05 12:12:12.0', 'PVL943J4D0VDC411');

INSERT INTO alert (`Codice`, `Timestamp`, `Misurazione`) VALUES ('11111112', '2021-01-01 23:45:43.0', 'ASSS0900DDDD');
INSERT INTO alert (`Codice`, `Timestamp`, `Misurazione`) VALUES ('22222211', '2022-01-01 11:11:11.0', 'ADES4444VVVV');
INSERT INTO alert (`Codice`, `Timestamp`, `Misurazione`) VALUES ('33333333', '2022-05-05 12:12:12.0', 'SWSW3333QQQQ');

INSERT INTO eventocalamitoso (`NomeEventoCalamitoso`, `Data`, `Raggio`, `CoordinataXEpicentro`, `CoordinataYEpicentro`, `LivelloDiGravita`, `AreaGeografica`) VALUES ('Alluvione', '2021-01-01', '90', '3', '4', '0', '103429');
INSERT INTO eventocalamitoso (`NomeEventoCalamitoso`, `Data`, `Raggio`, `CoordinataXEpicentro`, `CoordinataYEpicentro`, `LivelloDiGravita`, `AreaGeografica`) VALUES ('Incendio', '2022-01-01', '100', '3', '4', '0', '695937');
INSERT INTO eventocalamitoso (`NomeEventoCalamitoso`, `Data`, `Raggio`, `CoordinataXEpicentro`, `CoordinataYEpicentro`, `LivelloDiGravita`, `AreaGeografica`) VALUES ('Inondazione', '2022-05-05', '67', '1', '2', '0', '837047');

insert into TurnoLavoratore (StadioDiAvanzamento, Lavoratore, Giorno, OraInizio, OraFine, DataIncaricoTurno) values (9890, 'ZLITPW75F11G965Z', '2022-11-21', '08:00:00', '13:00:00', '2022-11-21'); 
insert into TurnoLavoratore (StadioDiAvanzamento, Lavoratore, Giorno, OraInizio, OraFine, DataIncaricoTurno) values (9890, 'UHTQBK23U77C570D', '2022-11-21', '08:00:00', '12:00:00', '2022-11-21');
insert into TurnoLavoratore (StadioDiAvanzamento, Lavoratore, Giorno, OraInizio, OraFine, DataIncaricoTurno) values (9890, 'YSGAXE92J92X014M', '2022-11-21', '08:00:00', '11:00:00', '2022-11-21');
insert into TurnoLavoratore (StadioDiAvanzamento, Lavoratore, Giorno, OraInizio, OraFine, DataIncaricoTurno) values (9890, 'TEVGDD15W76D112T', '2022-11-21', '08:00:00', '10:00:00', '2022-11-21');

INSERT INTO misurazione (`Codice`, `Sensore`, `Valore`, `Timestamp`, `Edificio`) VALUES ('ASSS0900TTTR', 'ZVR54621UHO637', '57', '2022-11-21 06:45:43.0', 'PVL943J4D0VDC411');
INSERT INTO misurazione (`Codice`, `Sensore`, `Valore`, `Timestamp`, `Edificio`) VALUES ('ADES444456VY', 'ZVR54621UHO637', '198', '2022-11-21 06:11:11.0', 'PVL943J4D0VDC411');
INSERT INTO misurazione (`Codice`, `Sensore`, `Valore`, `Timestamp`, `Edificio`) VALUES ('SWSW3663QQJQ', 'ZVR54621UHO637', '56', '2022-11-21 06:12:12.0', 'PVL943J4D0VDC411');
INSERT INTO MisurazioneTriassiale (Codice, Sensore, ValoreX, ValoreY, ValoreZ, Timestamp, Edificio) values ('TNPJ1322UUKU', 'ZWF12070VFH819', 17.3, 7.9, 10.7, '2022-11-12 10:00:00', 'PVL943J4D0VDC411');
INSERT INTO `progetto_bd_2223`.`misurazionetriassiale` (`Codice`, `Sensore`, `ValoreX`, `ValoreY`, `ValoreZ`, `Timestamp`, `Edificio`) VALUES ('ZXT666DH718D', 'MTL05564SWI659', '10.2', '13.2', '1.6', '2022-11-21 10:00:00.0', 'PVL943J4D0VDC411');
INSERT INTO Misurazione (Codice, Sensore, Valore, Timestamp, Edificio) values ('SGYO004FRXTU', 'YDJ33785AKL328', 29, '2022-11-12 00:00:00', 'PVL943J4D0VDC411');