-- Active: 1647365195286@@127.0.0.1@3306@mydb

INSERT INTO Doppiaggio VALUES   
("Italiano"),
("Francese"),
("Spagnolo"),
("Portoghese"),
("Tedesco"),
("Polacco"),
("Russo"),
("Cinese Mandarino"),
("Giapponese"),
("Coreano"),
("Afghano"),
("Australiano"),
("Inglese Britannico"),
("Inglese Americano"),
("Indiano"),
("Canadese"),
("Norvegese"),
("Filandese"),
("Svedese"),
("Romeno"),
("Greco"),
("Austriaco");

INSERT INTO Sottotitolo VALUES  
("Italiano"),
("Francese"),
("Spagnolo"),
("Portoghese"),
("Tedesco"),
("Polacco"),
("Russo"),
("Cinese Mandarino"),
("Giapponese"),
("Coreano"),
("Afghano"),
("Australiano"),
("Inglese Britannico"),
("Inglese Americano"),
("Indiano"),
("Canadese"),
("Norvegese"),
("Filandese"),
("Svedese"),
("Romeno"),
("Greco"),
("Austriaco");

INSERT INTO Doppiaggio_Film VALUES 
(1,"Italiano"),
(1,"Francese"),
(1,"Spagnolo"),
(1,"Portoghese"),
(1,"Tedesco"),
(1,"Polacco"),
(1,"Russo"),
(1,"Cinese Mandarino"),
(1,"Giapponese"),
(1,"Coreano"),
(1,"Afghano"),
(1,"Australiano"),
(1,"Inglese Britannico"),
(1,"Inglese Americano"),
(1,"Indiano"),
(1,"Canadese"),
(1,"Norvegese"),
(1,"Filandese"),
(1,"Svedese"),
(1,"Romeno"),
(1,"Greco"),
(1,"Austriaco"),
(2,"Italiano"),
(2,"Francese"),
(2,"Spagnolo"),
(2,"Portoghese"),
(2,"Tedesco"),
(2,"Polacco"),
(2,"Russo"),
(2,"Cinese Mandarino"),
(2,"Giapponese"),
(2,"Coreano"),
(2,"Afghano"),
(2,"Australiano"),
(2,"Inglese Britannico"),
(2,"Inglese Americano"),
(2,"Indiano"),
(2,"Canadese"),
(2,"Norvegese"),
(2,"Filandese"),
(2,"Svedese"),
(2,"Romeno"),
(2,"Greco"),
(2,"Austriaco"),
(3,"Italiano"),
(3,"Francese"),
(3,"Spagnolo"),
(3,"Portoghese"),
(3,"Tedesco"),
(3,"Polacco"),
(3,"Russo"),
(3,"Cinese Mandarino"),
(3,"Giapponese"),
(3,"Coreano"),
(3,"Afghano"),
(3,"Australiano"),
(3,"Inglese Britannico"),
(3,"Inglese Americano"),
(3,"Indiano"),
(3,"Canadese"),
(3,"Norvegese"),
(3,"Filandese"),
(3,"Svedese"),
(3,"Romeno"),
(3,"Greco"),
(3,"Austriaco"),
(4,"Italiano"),
(4,"Francese"),
(4,"Spagnolo"),
(4,"Portoghese"),
(4,"Tedesco"),
(4,"Polacco"),
(4,"Russo"),
(4,"Cinese Mandarino"),
(4,"Giapponese"),
(4,"Coreano"),
(4,"Afghano"),
(4,"Australiano"),
(4,"Inglese Britannico"),
(4,"Inglese Americano"),
(4,"Indiano"),
(4,"Canadese"),
(4,"Norvegese"),
(4,"Filandese"),
(4,"Svedese"),
(4,"Romeno"),
(4,"Greco"),
(4,"Austriaco"),
(5,"Italiano"),
(5,"Francese"),
(5,"Spagnolo"),
(5,"Portoghese"),
(5,"Tedesco"),
(5,"Polacco"),
(5,"Russo"),
(5,"Cinese Mandarino"),
(5,"Giapponese"),
(5,"Coreano"),
(5,"Afghano"),
(5,"Australiano"),
(5,"Inglese Britannico"),
(5,"Inglese Americano"),
(5,"Indiano"),
(5,"Canadese"),
(5,"Norvegese"),
(5,"Filandese"),
(5,"Svedese"),
(5,"Romeno"),
(5,"Greco"),
(5,"Austriaco"),
(6,"Italiano"),
(6,"Francese"),
(6,"Spagnolo"),
(6,"Portoghese"),
(6,"Tedesco"),
(6,"Polacco"),
(6,"Russo"),
(6,"Cinese Mandarino"),
(6,"Giapponese"),
(6,"Coreano"),
(6,"Afghano"),
(6,"Australiano"),
(6,"Inglese Britannico"),
(6,"Inglese Americano"),
(6,"Indiano"),
(6,"Canadese"),
(6,"Norvegese"),
(6,"Filandese"),
(6,"Svedese"),
(6,"Romeno"),
(6,"Greco"),
(6,"Austriaco"),
(7,"Italiano"),
(7,"Francese"),
(7,"Spagnolo"),
(7,"Portoghese"),
(7,"Tedesco"),
(7,"Polacco"),
(7,"Russo"),
(7,"Cinese Mandarino"),
(7,"Giapponese"),
(7,"Coreano"),
(7,"Afghano"),
(7,"Australiano"),
(7,"Inglese Britannico"),
(7,"Inglese Americano"),
(7,"Indiano"),
(7,"Canadese"),
(7,"Norvegese"),
(7,"Filandese"),
(7,"Svedese"),
(7,"Romeno"),
(7,"Greco"),
(7,"Austriaco"),
(8,"Italiano"),
(8,"Francese"),
(8,"Spagnolo"),
(8,"Portoghese"),
(8,"Tedesco"),
(8,"Polacco"),
(8,"Russo"),
(8,"Cinese Mandarino"),
(8,"Giapponese"),
(8,"Coreano"),
(8,"Afghano"),
(8,"Australiano"),
(8,"Inglese Britannico"),
(8,"Inglese Americano"),
(8,"Indiano"),
(8,"Canadese"),
(8,"Norvegese"),
(8,"Filandese"),
(8,"Svedese"),
(8,"Romeno"),
(8,"Greco"),
(8,"Austriaco"),
(9,"Italiano"),
(9,"Francese"),
(9,"Spagnolo"),
(9,"Portoghese"),
(9,"Tedesco"),
(9,"Polacco"),
(9,"Russo"),
(9,"Cinese Mandarino"),
(9,"Giapponese"),
(9,"Coreano"),
(9,"Afghano"),
(9,"Australiano"),
(9,"Inglese Britannico"),
(9,"Inglese Americano"),
(9,"Indiano"),
(9,"Canadese"),
(9,"Norvegese"),
(9,"Filandese"),
(9,"Svedese"),
(9,"Romeno"),
(9,"Greco"),
(9,"Austriaco"),
(10,"Italiano"),
(10,"Francese"),
(10,"Spagnolo"),
(10,"Portoghese"),
(10,"Tedesco"),
(10,"Polacco"),
(10,"Russo"),
(10,"Cinese Mandarino"),
(10,"Giapponese"),
(10,"Coreano"),
(10,"Afghano"),
(10,"Australiano"),
(10,"Inglese Britannico"),
(10,"Inglese Americano"),
(10,"Indiano"),
(10,"Canadese"),
(10,"Norvegese"),
(10,"Filandese"),
(10,"Svedese"),
(10,"Romeno"),
(10,"Greco"),
(10,"Austriaco");

INSERT INTO Disposizione VALUES 
("Italiano",1),
("Francese",1),
("Spagnolo",1),
("Portoghese",1),
("Tedesco",1),
("Polacco",1),
("Russo",1),
("Cinese Mandarino",1),
("Giapponese",1),
("Coreano",1),
("Afghano",1),
("Australiano",1),
("Inglese Britannico",1),
("Inglese Americano",1),
("Indiano",1),
("Canadese",1),
("Norvegese",1),
("Filandese",1),
("Svedese",1),
("Romeno",1),
("Greco",1),
("Austriaco",1),
("Italiano",2),
("Francese",2),
("Spagnolo",2),
("Portoghese",2),
("Tedesco",2),
("Polacco",2),
("Russo",2),
("Cinese Mandarino",2),
("Giapponese",2),
("Coreano",2),
("Afghano",2),
("Australiano",2),
("Inglese Britannico",2),
("Inglese Americano",2),
("Indiano",2),
("Canadese",2),
("Norvegese",2),
("Filandese",2),
("Svedese",2),
("Romeno",2),
("Greco",2),
("Austriaco",2),
("Italiano",3),
("Francese",3),
("Spagnolo",3),
("Portoghese",3),
("Tedesco",3),
("Polacco",3),
("Russo",3),
("Cinese Mandarino",3),
("Giapponese",3),
("Coreano",3),
("Afghano",3),
("Australiano",3),
("Inglese Britannico",3),
("Inglese Americano",3),
("Indiano",3),
("Canadese",3),
("Norvegese",3),
("Filandese",3),
("Svedese",3),
("Romeno",3),
("Greco",3),
("Austriaco",3),
("Italiano",4),
("Francese",4),
("Spagnolo",4),
("Portoghese",4),
("Tedesco",4),
("Polacco",4),
("Russo",4),
("Cinese Mandarino",4),
("Giapponese",4),
("Coreano",4),
("Afghano",4),
("Australiano",4),
("Inglese Britannico",4),
("Inglese Americano",4),
("Indiano",4),
("Canadese",4),
("Norvegese",4),
("Filandese",4),
("Svedese",4),
("Romeno",4),
("Greco",4),
("Austriaco",4),
("Italiano",5),
("Francese",5),
("Spagnolo",5),
("Portoghese",5),
("Tedesco",5),
("Polacco",5),
("Russo",5),
("Cinese Mandarino",5),
("Giapponese",5),
("Coreano",5),
("Afghano",5),
("Australiano",5),
("Inglese Britannico",5),
("Inglese Americano",5),
("Indiano",5),
("Canadese",5),
("Norvegese",5),
("Filandese",5),
("Svedese",5),
("Romeno",5),
("Greco",5),
("Austriaco",5),
("Italiano",6),
("Francese",6),
("Spagnolo",6),
("Portoghese",6),
("Tedesco",6),
("Polacco",6),
("Russo",6),
("Cinese Mandarino",6),
("Giapponese",6),
("Coreano",6),
("Afghano",6),
("Australiano",6),
("Inglese Britannico",6),
("Inglese Americano",6),
("Indiano",6),
("Canadese",6),
("Norvegese",6),
("Filandese",6),
("Svedese",6),
("Romeno",6),
("Greco",6),
("Austriaco",6),
("Italiano",7),
("Francese",7),
("Spagnolo",7),
("Portoghese",7),
("Tedesco",7),
("Polacco",7),
("Russo",7),
("Cinese Mandarino",7),
("Giapponese",7),
("Coreano",7),
("Afghano",7),
("Australiano",7),
("Inglese Britannico",7),
("Inglese Americano",7),
("Indiano",7),
("Canadese",7),
("Norvegese",7),
("Filandese",7),
("Svedese",7),
("Romeno",7),
("Greco",7),
("Austriaco",7),
("Italiano",8),
("Francese",8),
("Spagnolo",8),
("Portoghese",8),
("Tedesco",8),
("Polacco",8),
("Russo",8),
("Cinese Mandarino",8),
("Giapponese",8),
("Coreano",8),
("Afghano",8),
("Australiano",8),
("Inglese Britannico",8),
("Inglese Americano",8),
("Indiano",8),
("Canadese",8),
("Norvegese",8),
("Filandese",8),
("Svedese",8),
("Romeno",8),
("Greco",8),
("Austriaco",8),
("Italiano",9),
("Francese",9),
("Spagnolo",9),
("Portoghese",9),
("Tedesco",9),
("Polacco",9),
("Russo",9),
("Cinese Mandarino",9),
("Giapponese",9),
("Coreano",9),
("Afghano",9),
("Australiano",9),
("Inglese Britannico",9),
("Inglese Americano",9),
("Indiano",9),
("Canadese",9),
("Norvegese",9),
("Filandese",9),
("Svedese",9),
("Romeno",9),
("Greco",9),
("Austriaco",9),
("Italiano",10),
("Francese",10),
("Spagnolo",10),
("Portoghese",10),
("Tedesco",10),
("Polacco",10),
("Russo",10),
("Cinese Mandarino",10),
("Giapponese",10),
("Coreano",10),
("Afghano",10),
("Australiano",10),
("Inglese Britannico",10),
("Inglese Americano",10),
("Indiano",10),
("Canadese",10),
("Norvegese",10),
("Filandese",10),
("Svedese",10),
("Romeno",10),
("Greco",10),
("Austriaco",10);
